sheet,excel_row,item_id,legacy_id,result,detail
RECEIVE,2,GEL00002,093cfa84,ERROR,"Cannot assign ""<Employee: Employee object (4d74f0c8-3c17-4150-a075-68bcf8d628c7)>"": ""StockTransaction.created_by"" must be a ""User"" instance."
RECEIVE,3,GEL00003,093cfa85,ERROR,"Cannot assign ""<Employee: Employee object (4d74f0c8-3c17-4150-a075-68bcf8d628c7)>"": ""StockTransaction.created_by"" must be a ""User"" instance."
RECEIVE,4,GEL00004,093cfa86,ERROR,"Cannot assign ""<Employee: Employee object (4d74f0c8-3c17-4150-a075-68bcf8d628c7)>"": ""StockTransaction.created_by"" must be a ""User"" instance."
RECEIVE,5,GEL00005,093cfa87,ERROR,"Cannot assign ""<Employee: Employee object (4d74f0c8-3c17-4150-a075-68bcf8d628c7)>"": ""StockTransaction.created_by"" must be a ""User"" instance."
RECEIVE,6,GEL00007,093cfa89,ERROR,"Cannot assign ""<Employee: Employee object (4d74f0c8-3c17-4150-a075-68bcf8d628c7)>"": ""StockTransaction.created_by"" must be a ""User"" instance."
RECEIVE,7,GEL00008,093cfa90,ERROR,"Cannot assign ""<Employee: Employee object (4d74f0c8-3c17-4150-a075-68bcf8d628c7)>"": ""StockTransaction.created_by"" must be a ""User"" instance."
RECEIVE,8,GEL00010,093cfa92,ERROR,"Cannot assign ""<Employee: Employee object (4d74f0c8-3c17-4150-a075-68bcf8d628c7)>"": ""StockTransaction.created_by"" must be a ""User"" instance."
RECEIVE,9,GEL00011,093cfa93,ERROR,"Cannot assign ""<Employee: Employee object (4d74f0c8-3c17-4150-a075-68bcf8d628c7)>"": ""StockTransaction.created_by"" must be a ""User"" instance."
RECEIVE,10,GEL00012,093cfa94,ERROR,"Cannot assign ""<Employee: Employee object (4d74f0c8-3c17-4150-a075-68bcf8d628c7)>"": ""StockTransaction.created_by"" must be a ""User"" instance."
RECEIVE,11,GEL00013,093cfa95,ERROR,"Cannot assign ""<Employee: Employee object (4d74f0c8-3c17-4150-a075-68bcf8d628c7)>"": ""StockTransaction.created_by"" must be a ""User"" instance."
RECEIVE,12,GEL00014,093cfa96,ERROR,"Cannot assign ""<Employee: Employee object (4d74f0c8-3c17-4150-a075-68bcf8d628c7)>"": ""StockTransaction.created_by"" must be a ""User"" instance."
RECEIVE,13,GEL00015,093cfa97,ERROR,"Cannot assign ""<Employee: Employee object (4d74f0c8-3c17-4150-a075-68bcf8d628c7)>"": ""StockTransaction.created_by"" must be a ""User"" instance."
RECEIVE,14,GEL00016,093cfa98,ERROR,"Cannot assign ""<Employee: Employee object (4d74f0c8-3c17-4150-a075-68bcf8d628c7)>"": ""StockTransaction.created_by"" must be a ""User"" instance."
RECEIVE,15,GEL00017,093cfa99,ERROR,"Cannot assign ""<Employee: Employee object (4d74f0c8-3c17-4150-a075-68bcf8d628c7)>"": ""StockTransaction.created_by"" must be a ""User"" instance."
RECEIVE,16,GEL00018,093cfa100,ERROR,"Cannot assign ""<Employee: Employee object (4d74f0c8-3c17-4150-a075-68bcf8d628c7)>"": ""StockTransaction.created_by"" must be a ""User"" instance."
RECEIVE,17,GEL00019,093cfa101,ERROR,"Cannot assign ""<Employee: Employee object (4d74f0c8-3c17-4150-a075-68bcf8d628c7)>"": ""StockTransaction.created_by"" must be a ""User"" instance."
RECEIVE,18,GEL00020,093cfa102,ERROR,"Cannot assign ""<Employee: Employee object (4d74f0c8-3c17-4150-a075-68bcf8d628c7)>"": ""StockTransaction.created_by"" must be a ""User"" instance."
RECEIVE,19,GEL00021,093cfa103,ERROR,"Cannot assign ""<Employee: Employee object (4d74f0c8-3c17-4150-a075-68bcf8d628c7)>"": ""StockTransaction.created_by"" must be a ""User"" instance."
RECEIVE,20,GEL00022,093cfa104,ERROR,"Cannot assign ""<Employee: Employee object (4d74f0c8-3c17-4150-a075-68bcf8d628c7)>"": ""StockTransaction.created_by"" must be a ""User"" instance."
RECEIVE,21,GEL00023,093cfa105,ERROR,"Cannot assign ""<Employee: Employee object (4d74f0c8-3c17-4150-a075-68bcf8d628c7)>"": ""StockTransaction.created_by"" must be a ""User"" instance."
RECEIVE,22,GEL00025,093cfa107,ERROR,"Cannot assign ""<Employee: Employee object (4d74f0c8-3c17-4150-a075-68bcf8d628c7)>"": ""StockTransaction.created_by"" must be a ""User"" instance."
RECEIVE,23,GEL00026,093cfa108,ERROR,"Cannot assign ""<Employee: Employee object (4d74f0c8-3c17-4150-a075-68bcf8d628c7)>"": ""StockTransaction.created_by"" must be a ""User"" instance."
RECEIVE,24,GEL00027,093cfa109,ERROR,"Cannot assign ""<Employee: Employee object (4d74f0c8-3c17-4150-a075-68bcf8d628c7)>"": ""StockTransaction.created_by"" must be a ""User"" instance."
RECEIVE,25,GEL00028,093cfa110,ERROR,"Cannot assign ""<Employee: Employee object (4d74f0c8-3c17-4150-a075-68bcf8d628c7)>"": ""StockTransaction.created_by"" must be a ""User"" instance."
RECEIVE,26,GEL00029,093cfa111,ERROR,"Cannot assign ""<Employee: Employee object (4d74f0c8-3c17-4150-a075-68bcf8d628c7)>"": ""StockTransaction.created_by"" must be a ""User"" instance."
RECEIVE,27,GEL00030,093cfa112,ERROR,"Cannot assign ""<Employee: Employee object (4d74f0c8-3c17-4150-a075-68bcf8d628c7)>"": ""StockTransaction.created_by"" must be a ""User"" instance."
RECEIVE,28,GEL00031,093cfa113,ERROR,"Cannot assign ""<Employee: Employee object (4d74f0c8-3c17-4150-a075-68bcf8d628c7)>"": ""StockTransaction.created_by"" must be a ""User"" instance."
RECEIVE,29,GEL00032,093cfa114,ERROR,"Cannot assign ""<Employee: Employee object (4d74f0c8-3c17-4150-a075-68bcf8d628c7)>"": ""StockTransaction.created_by"" must be a ""User"" instance."
RECEIVE,30,GEL00033,093cfa115,ERROR,"Cannot assign ""<Employee: Employee object (4d74f0c8-3c17-4150-a075-68bcf8d628c7)>"": ""StockTransaction.created_by"" must be a ""User"" instance."
RECEIVE,31,GEL00034,093cfa116,ERROR,"Cannot assign ""<Employee: Employee object (4d74f0c8-3c17-4150-a075-68bcf8d628c7)>"": ""StockTransaction.created_by"" must be a ""User"" instance."
RECEIVE,32,GEL00035,093cfa117,ERROR,"Cannot assign ""<Employee: Employee object (4d74f0c8-3c17-4150-a075-68bcf8d628c7)>"": ""StockTransaction.created_by"" must be a ""User"" instance."
RECEIVE,33,GEL00036,093cfa118,ERROR,"Cannot assign ""<Employee: Employee object (4d74f0c8-3c17-4150-a075-68bcf8d628c7)>"": ""StockTransaction.created_by"" must be a ""User"" instance."
RECEIVE,34,GEL00037,093cfa119,ERROR,"Cannot assign ""<Employee: Employee object (4d74f0c8-3c17-4150-a075-68bcf8d628c7)>"": ""StockTransaction.created_by"" must be a ""User"" instance."
RECEIVE,35,GEL00038,093cfa120,ERROR,"Cannot assign ""<Employee: Employee object (4d74f0c8-3c17-4150-a075-68bcf8d628c7)>"": ""StockTransaction.created_by"" must be a ""User"" instance."
RECEIVE,36,GEL00039,093cfa121,ERROR,"Cannot assign ""<Employee: Employee object (4d74f0c8-3c17-4150-a075-68bcf8d628c7)>"": ""StockTransaction.created_by"" must be a ""User"" instance."
RECEIVE,37,GEL00040,093cfa122,ERROR,"Cannot assign ""<Employee: Employee object (4d74f0c8-3c17-4150-a075-68bcf8d628c7)>"": ""StockTransaction.created_by"" must be a ""User"" instance."
RECEIVE,38,GEL00044,093cfa126,ERROR,"Cannot assign ""<Employee: Employee object (4d74f0c8-3c17-4150-a075-68bcf8d628c7)>"": ""StockTransaction.created_by"" must be a ""User"" instance."
RECEIVE,39,GEL00045,093cfa127,ERROR,"Cannot assign ""<Employee: Employee object (4d74f0c8-3c17-4150-a075-68bcf8d628c7)>"": ""StockTransaction.created_by"" must be a ""User"" instance."
RECEIVE,40,GEL00046,093cfa128,ERROR,"Cannot assign ""<Employee: Employee object (4d74f0c8-3c17-4150-a075-68bcf8d628c7)>"": ""StockTransaction.created_by"" must be a ""User"" instance."
RECEIVE,41,GEL00047,093cfa129,ERROR,"Cannot assign ""<Employee: Employee object (4d74f0c8-3c17-4150-a075-68bcf8d628c7)>"": ""StockTransaction.created_by"" must be a ""User"" instance."
RECEIVE,42,GEL00048,093cfa130,ERROR,"Cannot assign ""<Employee: Employee object (4d74f0c8-3c17-4150-a075-68bcf8d628c7)>"": ""StockTransaction.created_by"" must be a ""User"" instance."
RECEIVE,43,GEL00049,093cfa131,ERROR,"Cannot assign ""<Employee: Employee object (4d74f0c8-3c17-4150-a075-68bcf8d628c7)>"": ""StockTransaction.created_by"" must be a ""User"" instance."
RECEIVE,44,GEL00050,093cfa132,ERROR,"Cannot assign ""<Employee: Employee object (4d74f0c8-3c17-4150-a075-68bcf8d628c7)>"": ""StockTransaction.created_by"" must be a ""User"" instance."
RECEIVE,45,GEL00051,093cfa133,ERROR,"Cannot assign ""<Employee: Employee object (4d74f0c8-3c17-4150-a075-68bcf8d628c7)>"": ""StockTransaction.created_by"" must be a ""User"" instance."
RECEIVE,46,GEL00053,093cfa135,ERROR,"Cannot assign ""<Employee: Employee object (4d74f0c8-3c17-4150-a075-68bcf8d628c7)>"": ""StockTransaction.created_by"" must be a ""User"" instance."
RECEIVE,47,GEL00055,093cfa137,ERROR,"Cannot assign ""<Employee: Employee object (4d74f0c8-3c17-4150-a075-68bcf8d628c7)>"": ""StockTransaction.created_by"" must be a ""User"" instance."
RECEIVE,48,GEL00056,093cfa138,ERROR,"Cannot assign ""<Employee: Employee object (4d74f0c8-3c17-4150-a075-68bcf8d628c7)>"": ""StockTransaction.created_by"" must be a ""User"" instance."
RECEIVE,49,GEL00059,093cfa141,ERROR,"Cannot assign ""<Employee: Employee object (4d74f0c8-3c17-4150-a075-68bcf8d628c7)>"": ""StockTransaction.created_by"" must be a ""User"" instance."
RECEIVE,50,GEL00060,093cfa142,IMPORTED_WITH_WARNING,machine unmatched
RECEIVE,51,GEL00061,093cfa143,ERROR,"Cannot assign ""<Employee: Employee object (4d74f0c8-3c17-4150-a075-68bcf8d628c7)>"": ""StockTransaction.created_by"" must be a ""User"" instance."
RECEIVE,52,GEL00062,093cfa144,ERROR,"duplicate key value violates unique constraint ""core_stocktransaction_transaction_no_key""
DETAIL:  Key (transaction_no)=() already exists."
RECEIVE,53,GEL00063,093cfa145,ERROR,"Cannot assign ""<Employee: Employee object (4d74f0c8-3c17-4150-a075-68bcf8d628c7)>"": ""StockTransaction.created_by"" must be a ""User"" instance."
RECEIVE,54,GEL00065,093cfa147,ERROR,"Cannot assign ""<Employee: Employee object (4d74f0c8-3c17-4150-a075-68bcf8d628c7)>"": ""StockTransaction.created_by"" must be a ""User"" instance."
RECEIVE,55,GEL00066,093cfa148,ERROR,"duplicate key value violates unique constraint ""core_stocktransaction_transaction_no_key""
DETAIL:  Key (transaction_no)=() already exists."
RECEIVE,56,GEL00067,093cfa149,ERROR,"Cannot assign ""<Employee: Employee object (4d74f0c8-3c17-4150-a075-68bcf8d628c7)>"": ""StockTransaction.created_by"" must be a ""User"" instance."
RECEIVE,57,GEL00068,093cfa150,ERROR,"Cannot assign ""<Employee: Employee object (4d74f0c8-3c17-4150-a075-68bcf8d628c7)>"": ""StockTransaction.created_by"" must be a ""User"" instance."
RECEIVE,58,GB00078,093cfa151,ERROR,"Cannot assign ""<Employee: Employee object (4d74f0c8-3c17-4150-a075-68bcf8d628c7)>"": ""StockTransaction.created_by"" must be a ""User"" instance."
RECEIVE,59,GB00079,093cfa152,ERROR,"Cannot assign ""<Employee: Employee object (4d74f0c8-3c17-4150-a075-68bcf8d628c7)>"": ""StockTransaction.created_by"" must be a ""User"" instance."
RECEIVE,60,GB00080,093cfa153,ERROR,"Cannot assign ""<Employee: Employee object (4d74f0c8-3c17-4150-a075-68bcf8d628c7)>"": ""StockTransaction.created_by"" must be a ""User"" instance."
RECEIVE,61,GB00081,093cfa154,ERROR,"Cannot assign ""<Employee: Employee object (4d74f0c8-3c17-4150-a075-68bcf8d628c7)>"": ""StockTransaction.created_by"" must be a ""User"" instance."
RECEIVE,62,GB00082,093cfa155,ERROR,"Cannot assign ""<Employee: Employee object (4d74f0c8-3c17-4150-a075-68bcf8d628c7)>"": ""StockTransaction.created_by"" must be a ""User"" instance."
RECEIVE,63,GB00083,093cfa156,ERROR,"Cannot assign ""<Employee: Employee object (4d74f0c8-3c17-4150-a075-68bcf8d628c7)>"": ""StockTransaction.created_by"" must be a ""User"" instance."
RECEIVE,64,GB00084,093cfa157,ERROR,"Cannot assign ""<Employee: Employee object (4d74f0c8-3c17-4150-a075-68bcf8d628c7)>"": ""StockTransaction.created_by"" must be a ""User"" instance."
RECEIVE,65,GB00085,093cfa158,ERROR,"Cannot assign ""<Employee: Employee object (4d74f0c8-3c17-4150-a075-68bcf8d628c7)>"": ""StockTransaction.created_by"" must be a ""User"" instance."
RECEIVE,66,GB00086,093cfa158-1,ERROR,"Cannot assign ""<Employee: Employee object (4d74f0c8-3c17-4150-a075-68bcf8d628c7)>"": ""StockTransaction.created_by"" must be a ""User"" instance."
RECEIVE,67,GB00087,093cfa159,ERROR,"Cannot assign ""<Employee: Employee object (4d74f0c8-3c17-4150-a075-68bcf8d628c7)>"": ""StockTransaction.created_by"" must be a ""User"" instance."
RECEIVE,68,GB00088,093cfa160,ERROR,"Cannot assign ""<Employee: Employee object (4d74f0c8-3c17-4150-a075-68bcf8d628c7)>"": ""StockTransaction.created_by"" must be a ""User"" instance."
RECEIVE,69,GB00089,093cfa161,ERROR,"Cannot assign ""<Employee: Employee object (4d74f0c8-3c17-4150-a075-68bcf8d628c7)>"": ""StockTransaction.created_by"" must be a ""User"" instance."
RECEIVE,70,GB00090,093cfa162,ERROR,"Cannot assign ""<Employee: Employee object (4d74f0c8-3c17-4150-a075-68bcf8d628c7)>"": ""StockTransaction.created_by"" must be a ""User"" instance."
RECEIVE,71,GB00091,093cfa163,ERROR,"Cannot assign ""<Employee: Employee object (4d74f0c8-3c17-4150-a075-68bcf8d628c7)>"": ""StockTransaction.created_by"" must be a ""User"" instance."
RECEIVE,72,GB00092,093cfa164,ERROR,"Cannot assign ""<Employee: Employee object (4d74f0c8-3c17-4150-a075-68bcf8d628c7)>"": ""StockTransaction.created_by"" must be a ""User"" instance."
RECEIVE,73,GB00093,093cfa165,ERROR,"Cannot assign ""<Employee: Employee object (4d74f0c8-3c17-4150-a075-68bcf8d628c7)>"": ""StockTransaction.created_by"" must be a ""User"" instance."
RECEIVE,74,GB00094,093cfa166,ERROR,"Cannot assign ""<Employee: Employee object (4d74f0c8-3c17-4150-a075-68bcf8d628c7)>"": ""StockTransaction.created_by"" must be a ""User"" instance."
RECEIVE,75,GB00095,093cfa167,ERROR,"Cannot assign ""<Employee: Employee object (4d74f0c8-3c17-4150-a075-68bcf8d628c7)>"": ""StockTransaction.created_by"" must be a ""User"" instance."
RECEIVE,76,GB00096,093cfa168,ERROR,"Cannot assign ""<Employee: Employee object (4d74f0c8-3c17-4150-a075-68bcf8d628c7)>"": ""StockTransaction.created_by"" must be a ""User"" instance."
RECEIVE,77,GB00097,093cfa169,ERROR,"Cannot assign ""<Employee: Employee object (4d74f0c8-3c17-4150-a075-68bcf8d628c7)>"": ""StockTransaction.created_by"" must be a ""User"" instance."
RECEIVE,78,GB00098,093cfa170,ERROR,"Cannot assign ""<Employee: Employee object (4d74f0c8-3c17-4150-a075-68bcf8d628c7)>"": ""StockTransaction.created_by"" must be a ""User"" instance."
RECEIVE,79,GB00099,093cfa171,ERROR,"Cannot assign ""<Employee: Employee object (4d74f0c8-3c17-4150-a075-68bcf8d628c7)>"": ""StockTransaction.created_by"" must be a ""User"" instance."
RECEIVE,80,GB00100,093cfa172,ERROR,"Cannot assign ""<Employee: Employee object (4d74f0c8-3c17-4150-a075-68bcf8d628c7)>"": ""StockTransaction.created_by"" must be a ""User"" instance."
RECEIVE,81,GB00101,093cfa173,ERROR,"Cannot assign ""<Employee: Employee object (4d74f0c8-3c17-4150-a075-68bcf8d628c7)>"": ""StockTransaction.created_by"" must be a ""User"" instance."
RECEIVE,82,GB00102,093cfa174,ERROR,"Cannot assign ""<Employee: Employee object (4d74f0c8-3c17-4150-a075-68bcf8d628c7)>"": ""StockTransaction.created_by"" must be a ""User"" instance."
RECEIVE,83,GB00103,093cfa175,ERROR,"Cannot assign ""<Employee: Employee object (4d74f0c8-3c17-4150-a075-68bcf8d628c7)>"": ""StockTransaction.created_by"" must be a ""User"" instance."
RECEIVE,84,GB00104,093cfa176,ERROR,"Cannot assign ""<Employee: Employee object (4d74f0c8-3c17-4150-a075-68bcf8d628c7)>"": ""StockTransaction.created_by"" must be a ""User"" instance."
RECEIVE,85,GB00105,093cfa177,ERROR,"Cannot assign ""<Employee: Employee object (4d74f0c8-3c17-4150-a075-68bcf8d628c7)>"": ""StockTransaction.created_by"" must be a ""User"" instance."
RECEIVE,86,GB00106,093cfa178,ERROR,"Cannot assign ""<Employee: Employee object (4d74f0c8-3c17-4150-a075-68bcf8d628c7)>"": ""StockTransaction.created_by"" must be a ""User"" instance."
RECEIVE,87,GB00107,093cfa179,ERROR,"Cannot assign ""<Employee: Employee object (4d74f0c8-3c17-4150-a075-68bcf8d628c7)>"": ""StockTransaction.created_by"" must be a ""User"" instance."
RECEIVE,88,GB00108,093cfa180,ERROR,"Cannot assign ""<Employee: Employee object (4d74f0c8-3c17-4150-a075-68bcf8d628c7)>"": ""StockTransaction.created_by"" must be a ""User"" instance."
RECEIVE,89,GB00109,093cfa181,ERROR,"Cannot assign ""<Employee: Employee object (4d74f0c8-3c17-4150-a075-68bcf8d628c7)>"": ""StockTransaction.created_by"" must be a ""User"" instance."
RECEIVE,90,GMP00006,093cfa182,ERROR,"Cannot assign ""<Employee: Employee object (4d74f0c8-3c17-4150-a075-68bcf8d628c7)>"": ""StockTransaction.created_by"" must be a ""User"" instance."
RECEIVE,91,GMP00007,093cfa183,ERROR,"Cannot assign ""<Employee: Employee object (4d74f0c8-3c17-4150-a075-68bcf8d628c7)>"": ""StockTransaction.created_by"" must be a ""User"" instance."
RECEIVE,92,GMP00008,093cfa184,ERROR,"Cannot assign ""<Employee: Employee object (4d74f0c8-3c17-4150-a075-68bcf8d628c7)>"": ""StockTransaction.created_by"" must be a ""User"" instance."
RECEIVE,93,GMP00001,093cfa186,ERROR,"Cannot assign ""<Employee: Employee object (4d74f0c8-3c17-4150-a075-68bcf8d628c7)>"": ""StockTransaction.created_by"" must be a ""User"" instance."
RECEIVE,94,GMP00003,093cfa188,ERROR,"Cannot assign ""<Employee: Employee object (4d74f0c8-3c17-4150-a075-68bcf8d628c7)>"": ""StockTransaction.created_by"" must be a ""User"" instance."
RECEIVE,95,GMP00005,093cfa190,ERROR,"Cannot assign ""<Employee: Employee object (4d74f0c8-3c17-4150-a075-68bcf8d628c7)>"": ""StockTransaction.created_by"" must be a ""User"" instance."
RECEIVE,96,GB00030,093cfa191,ERROR,"Cannot assign ""<Employee: Employee object (4d74f0c8-3c17-4150-a075-68bcf8d628c7)>"": ""StockTransaction.created_by"" must be a ""User"" instance."
RECEIVE,97,GB00032,093cfa192,ERROR,"Cannot assign ""<Employee: Employee object (4d74f0c8-3c17-4150-a075-68bcf8d628c7)>"": ""StockTransaction.created_by"" must be a ""User"" instance."
RECEIVE,98,GB00034,093cfa193,ERROR,"Cannot assign ""<Employee: Employee object (4d74f0c8-3c17-4150-a075-68bcf8d628c7)>"": ""StockTransaction.created_by"" must be a ""User"" instance."
RECEIVE,99,GB00035,093cfa194,ERROR,"Cannot assign ""<Employee: Employee object (4d74f0c8-3c17-4150-a075-68bcf8d628c7)>"": ""StockTransaction.created_by"" must be a ""User"" instance."
RECEIVE,100,GB00036,093cfa195,ERROR,"Cannot assign ""<Employee: Employee object (4d74f0c8-3c17-4150-a075-68bcf8d628c7)>"": ""StockTransaction.created_by"" must be a ""User"" instance."
RECEIVE,101,GB00037,093cfa196,ERROR,"Cannot assign ""<Employee: Employee object (4d74f0c8-3c17-4150-a075-68bcf8d628c7)>"": ""StockTransaction.created_by"" must be a ""User"" instance."
RECEIVE,102,GB00038,093cfa197,ERROR,"Cannot assign ""<Employee: Employee object (4d74f0c8-3c17-4150-a075-68bcf8d628c7)>"": ""StockTransaction.created_by"" must be a ""User"" instance."
RECEIVE,103,GB00039,093cfa198,ERROR,"Cannot assign ""<Employee: Employee object (4d74f0c8-3c17-4150-a075-68bcf8d628c7)>"": ""StockTransaction.created_by"" must be a ""User"" instance."
RECEIVE,104,GB00040,093cfa199,ERROR,"Cannot assign ""<Employee: Employee object (4d74f0c8-3c17-4150-a075-68bcf8d628c7)>"": ""StockTransaction.created_by"" must be a ""User"" instance."
RECEIVE,105,GB00041,093cfa200,ERROR,"Cannot assign ""<Employee: Employee object (4d74f0c8-3c17-4150-a075-68bcf8d628c7)>"": ""StockTransaction.created_by"" must be a ""User"" instance."
RECEIVE,106,GB00042,093cfa201,ERROR,"Cannot assign ""<Employee: Employee object (4d74f0c8-3c17-4150-a075-68bcf8d628c7)>"": ""StockTransaction.created_by"" must be a ""User"" instance."
RECEIVE,107,GB00043,093cfa202,ERROR,"Cannot assign ""<Employee: Employee object (4d74f0c8-3c17-4150-a075-68bcf8d628c7)>"": ""StockTransaction.created_by"" must be a ""User"" instance."
RECEIVE,108,GB00044,093cfa203,ERROR,"Cannot assign ""<Employee: Employee object (4d74f0c8-3c17-4150-a075-68bcf8d628c7)>"": ""StockTransaction.created_by"" must be a ""User"" instance."
RECEIVE,109,GB00045,093cfa204,ERROR,"Cannot assign ""<Employee: Employee object (4d74f0c8-3c17-4150-a075-68bcf8d628c7)>"": ""StockTransaction.created_by"" must be a ""User"" instance."
RECEIVE,110,GB00046,093cfa205,ERROR,"Cannot assign ""<Employee: Employee object (4d74f0c8-3c17-4150-a075-68bcf8d628c7)>"": ""StockTransaction.created_by"" must be a ""User"" instance."
RECEIVE,111,GB00047,093cfa206,ERROR,"Cannot assign ""<Employee: Employee object (4d74f0c8-3c17-4150-a075-68bcf8d628c7)>"": ""StockTransaction.created_by"" must be a ""User"" instance."
RECEIVE,112,GB00048,093cfa207,ERROR,"Cannot assign ""<Employee: Employee object (4d74f0c8-3c17-4150-a075-68bcf8d628c7)>"": ""StockTransaction.created_by"" must be a ""User"" instance."
RECEIVE,113,GB00049,093cfa208,ERROR,"Cannot assign ""<Employee: Employee object (4d74f0c8-3c17-4150-a075-68bcf8d628c7)>"": ""StockTransaction.created_by"" must be a ""User"" instance."
RECEIVE,114,GB00050,093cfa209,ERROR,"Cannot assign ""<Employee: Employee object (4d74f0c8-3c17-4150-a075-68bcf8d628c7)>"": ""StockTransaction.created_by"" must be a ""User"" instance."
RECEIVE,115,GB00053,093cfa210,ERROR,"Cannot assign ""<Employee: Employee object (4d74f0c8-3c17-4150-a075-68bcf8d628c7)>"": ""StockTransaction.created_by"" must be a ""User"" instance."
RECEIVE,116,GB00054,093cfa211,ERROR,"Cannot assign ""<Employee: Employee object (4d74f0c8-3c17-4150-a075-68bcf8d628c7)>"": ""StockTransaction.created_by"" must be a ""User"" instance."
RECEIVE,117,GB00055,093cfa212,ERROR,"Cannot assign ""<Employee: Employee object (4d74f0c8-3c17-4150-a075-68bcf8d628c7)>"": ""StockTransaction.created_by"" must be a ""User"" instance."
RECEIVE,118,GB00056,093cfa213,ERROR,"Cannot assign ""<Employee: Employee object (4d74f0c8-3c17-4150-a075-68bcf8d628c7)>"": ""StockTransaction.created_by"" must be a ""User"" instance."
RECEIVE,119,GB00058,093cfa214,ERROR,"Cannot assign ""<Employee: Employee object (4d74f0c8-3c17-4150-a075-68bcf8d628c7)>"": ""StockTransaction.created_by"" must be a ""User"" instance."
RECEIVE,120,GB00060,093cfa215,ERROR,"Cannot assign ""<Employee: Employee object (4d74f0c8-3c17-4150-a075-68bcf8d628c7)>"": ""StockTransaction.created_by"" must be a ""User"" instance."
RECEIVE,121,GB00062,093cfa216,ERROR,"Cannot assign ""<Employee: Employee object (4d74f0c8-3c17-4150-a075-68bcf8d628c7)>"": ""StockTransaction.created_by"" must be a ""User"" instance."
RECEIVE,122,GB00063,093cfa217,ERROR,"Cannot assign ""<Employee: Employee object (4d74f0c8-3c17-4150-a075-68bcf8d628c7)>"": ""StockTransaction.created_by"" must be a ""User"" instance."
RECEIVE,123,GB00065,093cfa219,ERROR,"Cannot assign ""<Employee: Employee object (4d74f0c8-3c17-4150-a075-68bcf8d628c7)>"": ""StockTransaction.created_by"" must be a ""User"" instance."
RECEIVE,124,GB00066,093cfa220,ERROR,"Cannot assign ""<Employee: Employee object (4d74f0c8-3c17-4150-a075-68bcf8d628c7)>"": ""StockTransaction.created_by"" must be a ""User"" instance."
RECEIVE,125,GB00067,093cfa221,ERROR,"Cannot assign ""<Employee: Employee object (4d74f0c8-3c17-4150-a075-68bcf8d628c7)>"": ""StockTransaction.created_by"" must be a ""User"" instance."
RECEIVE,126,GB00068,093cfa222,ERROR,"Cannot assign ""<Employee: Employee object (4d74f0c8-3c17-4150-a075-68bcf8d628c7)>"": ""StockTransaction.created_by"" must be a ""User"" instance."
RECEIVE,127,GB00069,093cfa223,ERROR,"Cannot assign ""<Employee: Employee object (4d74f0c8-3c17-4150-a075-68bcf8d628c7)>"": ""StockTransaction.created_by"" must be a ""User"" instance."
RECEIVE,128,GB00070,093cfa224,ERROR,"Cannot assign ""<Employee: Employee object (4d74f0c8-3c17-4150-a075-68bcf8d628c7)>"": ""StockTransaction.created_by"" must be a ""User"" instance."
RECEIVE,129,GB00071,093cfa225,ERROR,"Cannot assign ""<Employee: Employee object (4d74f0c8-3c17-4150-a075-68bcf8d628c7)>"": ""StockTransaction.created_by"" must be a ""User"" instance."
RECEIVE,130,GB00073,093cfa226,ERROR,"Cannot assign ""<Employee: Employee object (4d74f0c8-3c17-4150-a075-68bcf8d628c7)>"": ""StockTransaction.created_by"" must be a ""User"" instance."
RECEIVE,131,GCPP00001,093cfa227,ERROR,"Cannot assign ""<Employee: Employee object (4d74f0c8-3c17-4150-a075-68bcf8d628c7)>"": ""StockTransaction.created_by"" must be a ""User"" instance."
RECEIVE,132,GCPP00002,093cfa228,ERROR,"Cannot assign ""<Employee: Employee object (4d74f0c8-3c17-4150-a075-68bcf8d628c7)>"": ""StockTransaction.created_by"" must be a ""User"" instance."
RECEIVE,133,GCPP00003,093cfa229,ERROR,"Cannot assign ""<Employee: Employee object (4d74f0c8-3c17-4150-a075-68bcf8d628c7)>"": ""StockTransaction.created_by"" must be a ""User"" instance."
RECEIVE,134,GPP00001,093cfa343,ERROR,"Cannot assign ""<Employee: Employee object (4d74f0c8-3c17-4150-a075-68bcf8d628c7)>"": ""StockTransaction.created_by"" must be a ""User"" instance."
RECEIVE,135,GPP00002,093cfa344,ERROR,"Cannot assign ""<Employee: Employee object (4d74f0c8-3c17-4150-a075-68bcf8d628c7)>"": ""StockTransaction.created_by"" must be a ""User"" instance."
RECEIVE,136,GPP00003,093cfa345,ERROR,"Cannot assign ""<Employee: Employee object (4d74f0c8-3c17-4150-a075-68bcf8d628c7)>"": ""StockTransaction.created_by"" must be a ""User"" instance."
RECEIVE,137,GPP00004,093cfa346,ERROR,"Cannot assign ""<Employee: Employee object (4d74f0c8-3c17-4150-a075-68bcf8d628c7)>"": ""StockTransaction.created_by"" must be a ""User"" instance."
RECEIVE,138,GPP00006,093cfa347,ERROR,"Cannot assign ""<Employee: Employee object (4d74f0c8-3c17-4150-a075-68bcf8d628c7)>"": ""StockTransaction.created_by"" must be a ""User"" instance."
RECEIVE,139,GPP00007,093cfa348,ERROR,"Cannot assign ""<Employee: Employee object (4d74f0c8-3c17-4150-a075-68bcf8d628c7)>"": ""StockTransaction.created_by"" must be a ""User"" instance."
RECEIVE,140,GPP00008,093cfa349,ERROR,"Cannot assign ""<Employee: Employee object (4d74f0c8-3c17-4150-a075-68bcf8d628c7)>"": ""StockTransaction.created_by"" must be a ""User"" instance."
RECEIVE,141,GPP00009,093cfa350,ERROR,"Cannot assign ""<Employee: Employee object (4d74f0c8-3c17-4150-a075-68bcf8d628c7)>"": ""StockTransaction.created_by"" must be a ""User"" instance."
RECEIVE,142,GPP00010,093cfa351,ERROR,"Cannot assign ""<Employee: Employee object (4d74f0c8-3c17-4150-a075-68bcf8d628c7)>"": ""StockTransaction.created_by"" must be a ""User"" instance."
RECEIVE,143,GPP00011,093cfa352,ERROR,"Cannot assign ""<Employee: Employee object (4d74f0c8-3c17-4150-a075-68bcf8d628c7)>"": ""StockTransaction.created_by"" must be a ""User"" instance."
RECEIVE,144,GPP00013,093cfa353,ERROR,"Cannot assign ""<Employee: Employee object (4d74f0c8-3c17-4150-a075-68bcf8d628c7)>"": ""StockTransaction.created_by"" must be a ""User"" instance."
RECEIVE,145,GPP00016,093cfa354,ERROR,"Cannot assign ""<Employee: Employee object (4d74f0c8-3c17-4150-a075-68bcf8d628c7)>"": ""StockTransaction.created_by"" must be a ""User"" instance."
RECEIVE,146,GPP00018,093cfa355,ERROR,"Cannot assign ""<Employee: Employee object (4d74f0c8-3c17-4150-a075-68bcf8d628c7)>"": ""StockTransaction.created_by"" must be a ""User"" instance."
RECEIVE,147,GPP00019,093cfa356,ERROR,"Cannot assign ""<Employee: Employee object (4d74f0c8-3c17-4150-a075-68bcf8d628c7)>"": ""StockTransaction.created_by"" must be a ""User"" instance."
RECEIVE,148,GPP00021,093cfa357,ERROR,"Cannot assign ""<Employee: Employee object (4d74f0c8-3c17-4150-a075-68bcf8d628c7)>"": ""StockTransaction.created_by"" must be a ""User"" instance."
RECEIVE,149,GPP00022,093cfa358,ERROR,"Cannot assign ""<Employee: Employee object (4d74f0c8-3c17-4150-a075-68bcf8d628c7)>"": ""StockTransaction.created_by"" must be a ""User"" instance."
RECEIVE,150,GPP00023,093cfa359,ERROR,"Cannot assign ""<Employee: Employee object (4d74f0c8-3c17-4150-a075-68bcf8d628c7)>"": ""StockTransaction.created_by"" must be a ""User"" instance."
RECEIVE,151,GPP00024,093cfa360,ERROR,"Cannot assign ""<Employee: Employee object (4d74f0c8-3c17-4150-a075-68bcf8d628c7)>"": ""StockTransaction.created_by"" must be a ""User"" instance."
RECEIVE,152,GPP00025,093cfa361,ERROR,"Cannot assign ""<Employee: Employee object (4d74f0c8-3c17-4150-a075-68bcf8d628c7)>"": ""StockTransaction.created_by"" must be a ""User"" instance."
RECEIVE,153,GPP00026,093cfa362,ERROR,"Cannot assign ""<Employee: Employee object (4d74f0c8-3c17-4150-a075-68bcf8d628c7)>"": ""StockTransaction.created_by"" must be a ""User"" instance."
RECEIVE,154,GPP00028,093cfa363,ERROR,"Cannot assign ""<Employee: Employee object (4d74f0c8-3c17-4150-a075-68bcf8d628c7)>"": ""StockTransaction.created_by"" must be a ""User"" instance."
RECEIVE,155,GPP00029,093cfa364,ERROR,"Cannot assign ""<Employee: Employee object (4d74f0c8-3c17-4150-a075-68bcf8d628c7)>"": ""StockTransaction.created_by"" must be a ""User"" instance."
RECEIVE,156,GPP00030,093cfa365,ERROR,"Cannot assign ""<Employee: Employee object (4d74f0c8-3c17-4150-a075-68bcf8d628c7)>"": ""StockTransaction.created_by"" must be a ""User"" instance."
RECEIVE,157,GPP00031,093cfa366,ERROR,"Cannot assign ""<Employee: Employee object (4d74f0c8-3c17-4150-a075-68bcf8d628c7)>"": ""StockTransaction.created_by"" must be a ""User"" instance."
RECEIVE,158,GPP00032,093cfa367,ERROR,"Cannot assign ""<Employee: Employee object (4d74f0c8-3c17-4150-a075-68bcf8d628c7)>"": ""StockTransaction.created_by"" must be a ""User"" instance."
RECEIVE,159,GPP00033,093cfa368,ERROR,"Cannot assign ""<Employee: Employee object (4d74f0c8-3c17-4150-a075-68bcf8d628c7)>"": ""StockTransaction.created_by"" must be a ""User"" instance."
RECEIVE,160,GPP00034,093cfa369,ERROR,"Cannot assign ""<Employee: Employee object (4d74f0c8-3c17-4150-a075-68bcf8d628c7)>"": ""StockTransaction.created_by"" must be a ""User"" instance."
RECEIVE,161,GPP00035,093cfa370,ERROR,"Cannot assign ""<Employee: Employee object (4d74f0c8-3c17-4150-a075-68bcf8d628c7)>"": ""StockTransaction.created_by"" must be a ""User"" instance."
RECEIVE,162,GPP00036,093cfa371,ERROR,"Cannot assign ""<Employee: Employee object (4d74f0c8-3c17-4150-a075-68bcf8d628c7)>"": ""StockTransaction.created_by"" must be a ""User"" instance."
RECEIVE,163,GPP00037,093cfa372,ERROR,"Cannot assign ""<Employee: Employee object (4d74f0c8-3c17-4150-a075-68bcf8d628c7)>"": ""StockTransaction.created_by"" must be a ""User"" instance."
RECEIVE,164,GPP00039,093cfa373,ERROR,"Cannot assign ""<Employee: Employee object (4d74f0c8-3c17-4150-a075-68bcf8d628c7)>"": ""StockTransaction.created_by"" must be a ""User"" instance."
RECEIVE,165,GPP00040,093cfa374,ERROR,"Cannot assign ""<Employee: Employee object (4d74f0c8-3c17-4150-a075-68bcf8d628c7)>"": ""StockTransaction.created_by"" must be a ""User"" instance."
RECEIVE,166,GPP00041,093cfa375,ERROR,"Cannot assign ""<Employee: Employee object (4d74f0c8-3c17-4150-a075-68bcf8d628c7)>"": ""StockTransaction.created_by"" must be a ""User"" instance."
RECEIVE,167,GPP00042,093cfa376,ERROR,"Cannot assign ""<Employee: Employee object (4d74f0c8-3c17-4150-a075-68bcf8d628c7)>"": ""StockTransaction.created_by"" must be a ""User"" instance."
RECEIVE,168,GPP00043,093cfa377,ERROR,"Cannot assign ""<Employee: Employee object (4d74f0c8-3c17-4150-a075-68bcf8d628c7)>"": ""StockTransaction.created_by"" must be a ""User"" instance."
RECEIVE,169,GTANK00001,093cfa378,ERROR,"Cannot assign ""<Employee: Employee object (4d74f0c8-3c17-4150-a075-68bcf8d628c7)>"": ""StockTransaction.created_by"" must be a ""User"" instance."
RECEIVE,170,GTANK00002,093cfa379,ERROR,"Cannot assign ""<Employee: Employee object (4d74f0c8-3c17-4150-a075-68bcf8d628c7)>"": ""StockTransaction.created_by"" must be a ""User"" instance."
RECEIVE,171,GTANK00003,093cfa380,ERROR,"Cannot assign ""<Employee: Employee object (4d74f0c8-3c17-4150-a075-68bcf8d628c7)>"": ""StockTransaction.created_by"" must be a ""User"" instance."
RECEIVE,172,GTANK00004,093cfa381,ERROR,"Cannot assign ""<Employee: Employee object (4d74f0c8-3c17-4150-a075-68bcf8d628c7)>"": ""StockTransaction.created_by"" must be a ""User"" instance."
RECEIVE,173,GTANK00005,093cfa382,ERROR,"Cannot assign ""<Employee: Employee object (4d74f0c8-3c17-4150-a075-68bcf8d628c7)>"": ""StockTransaction.created_by"" must be a ""User"" instance."
RECEIVE,174,GTANK00006,093cfa383,ERROR,"Cannot assign ""<Employee: Employee object (4d74f0c8-3c17-4150-a075-68bcf8d628c7)>"": ""StockTransaction.created_by"" must be a ""User"" instance."
RECEIVE,175,GTANK00007,093cfa384,ERROR,"Cannot assign ""<Employee: Employee object (4d74f0c8-3c17-4150-a075-68bcf8d628c7)>"": ""StockTransaction.created_by"" must be a ""User"" instance."
RECEIVE,176,GTANK00008,093cfa385,ERROR,"Cannot assign ""<Employee: Employee object (4d74f0c8-3c17-4150-a075-68bcf8d628c7)>"": ""StockTransaction.created_by"" must be a ""User"" instance."
RECEIVE,177,GTANK00012,093cfa386,ERROR,"Cannot assign ""<Employee: Employee object (4d74f0c8-3c17-4150-a075-68bcf8d628c7)>"": ""StockTransaction.created_by"" must be a ""User"" instance."
RECEIVE,178,GTANK00013,093cfa387,ERROR,"Cannot assign ""<Employee: Employee object (4d74f0c8-3c17-4150-a075-68bcf8d628c7)>"": ""StockTransaction.created_by"" must be a ""User"" instance."
RECEIVE,179,GLABIG00001,093cfa403,ERROR,"Cannot assign ""<Employee: Employee object (4d74f0c8-3c17-4150-a075-68bcf8d628c7)>"": ""StockTransaction.created_by"" must be a ""User"" instance."
RECEIVE,180,GLABIG00002,093cfa404,ERROR,"Cannot assign ""<Employee: Employee object (4d74f0c8-3c17-4150-a075-68bcf8d628c7)>"": ""StockTransaction.created_by"" must be a ""User"" instance."
RECEIVE,181,GMSDS00001,093cfa405,ERROR,"Cannot assign ""<Employee: Employee object (4d74f0c8-3c17-4150-a075-68bcf8d628c7)>"": ""StockTransaction.created_by"" must be a ""User"" instance."
RECEIVE,182,GMSDS00002,093cfa406,ERROR,"Cannot assign ""<Employee: Employee object (4d74f0c8-3c17-4150-a075-68bcf8d628c7)>"": ""StockTransaction.created_by"" must be a ""User"" instance."
RECEIVE,183,GMSDS00003,093cfa407,ERROR,"Cannot assign ""<Employee: Employee object (4d74f0c8-3c17-4150-a075-68bcf8d628c7)>"": ""StockTransaction.created_by"" must be a ""User"" instance."
RECEIVE,184,GSTM00001,093cfa420,ERROR,"Cannot assign ""<Employee: Employee object (4d74f0c8-3c17-4150-a075-68bcf8d628c7)>"": ""StockTransaction.created_by"" must be a ""User"" instance."
RECEIVE,185,GSTM00002,093cfa421,ERROR,"Cannot assign ""<Employee: Employee object (4d74f0c8-3c17-4150-a075-68bcf8d628c7)>"": ""StockTransaction.created_by"" must be a ""User"" instance."
RECEIVE,186,GSTM00003,093cfa422,ERROR,"Cannot assign ""<Employee: Employee object (4d74f0c8-3c17-4150-a075-68bcf8d628c7)>"": ""StockTransaction.created_by"" must be a ""User"" instance."
RECEIVE,187,GSTM00004,093cfa423,ERROR,"Cannot assign ""<Employee: Employee object (4d74f0c8-3c17-4150-a075-68bcf8d628c7)>"": ""StockTransaction.created_by"" must be a ""User"" instance."
RECEIVE,188,GSTM00005,093cfa424,ERROR,"Cannot assign ""<Employee: Employee object (4d74f0c8-3c17-4150-a075-68bcf8d628c7)>"": ""StockTransaction.created_by"" must be a ""User"" instance."
RECEIVE,189,GSTM00006,093cfa425,ERROR,"Cannot assign ""<Employee: Employee object (4d74f0c8-3c17-4150-a075-68bcf8d628c7)>"": ""StockTransaction.created_by"" must be a ""User"" instance."
RECEIVE,190,GSTM00007,093cfa426,ERROR,"Cannot assign ""<Employee: Employee object (4d74f0c8-3c17-4150-a075-68bcf8d628c7)>"": ""StockTransaction.created_by"" must be a ""User"" instance."
RECEIVE,191,GSTM00008,093cfa427,ERROR,"Cannot assign ""<Employee: Employee object (4d74f0c8-3c17-4150-a075-68bcf8d628c7)>"": ""StockTransaction.created_by"" must be a ""User"" instance."
RECEIVE,192,G3D00001,093cfa454,ERROR,"Cannot assign ""<Employee: Employee object (4d74f0c8-3c17-4150-a075-68bcf8d628c7)>"": ""StockTransaction.created_by"" must be a ""User"" instance."
RECEIVE,193,G3D00002,093cfa455,ERROR,"Cannot assign ""<Employee: Employee object (4d74f0c8-3c17-4150-a075-68bcf8d628c7)>"": ""StockTransaction.created_by"" must be a ""User"" instance."
RECEIVE,194,G3D00003,093cfa456,ERROR,"Cannot assign ""<Employee: Employee object (4d74f0c8-3c17-4150-a075-68bcf8d628c7)>"": ""StockTransaction.created_by"" must be a ""User"" instance."
RECEIVE,195,G3D00004,093cfa457,ERROR,"Cannot assign ""<Employee: Employee object (4d74f0c8-3c17-4150-a075-68bcf8d628c7)>"": ""StockTransaction.created_by"" must be a ""User"" instance."
RECEIVE,196,G3D00005,093cfa458,ERROR,"Cannot assign ""<Employee: Employee object (4d74f0c8-3c17-4150-a075-68bcf8d628c7)>"": ""StockTransaction.created_by"" must be a ""User"" instance."
RECEIVE,197,G3D00006,093cfa459,ERROR,"Cannot assign ""<Employee: Employee object (4d74f0c8-3c17-4150-a075-68bcf8d628c7)>"": ""StockTransaction.created_by"" must be a ""User"" instance."
RECEIVE,198,G3D00007,093cfa460,ERROR,"Cannot assign ""<Employee: Employee object (4d74f0c8-3c17-4150-a075-68bcf8d628c7)>"": ""StockTransaction.created_by"" must be a ""User"" instance."
RECEIVE,199,G3D00012,093cfa461,ERROR,"Cannot assign ""<Employee: Employee object (4d74f0c8-3c17-4150-a075-68bcf8d628c7)>"": ""StockTransaction.created_by"" must be a ""User"" instance."
RECEIVE,200,G3D00013,093cfa462,ERROR,"Cannot assign ""<Employee: Employee object (4d74f0c8-3c17-4150-a075-68bcf8d628c7)>"": ""StockTransaction.created_by"" must be a ""User"" instance."
RECEIVE,201,N3D00014,093cfa463,ERROR,"Cannot assign ""<Employee: Employee object (10015b5e-30a3-455c-b324-04179eb0f407)>"": ""StockTransaction.created_by"" must be a ""User"" instance."
RECEIVE,202,GFTT00001,093cfa472,ERROR,"Cannot assign ""<Employee: Employee object (4d74f0c8-3c17-4150-a075-68bcf8d628c7)>"": ""StockTransaction.created_by"" must be a ""User"" instance."
RECEIVE,203,GFTT00002,093cfa473,ERROR,"Cannot assign ""<Employee: Employee object (4d74f0c8-3c17-4150-a075-68bcf8d628c7)>"": ""StockTransaction.created_by"" must be a ""User"" instance."
RECEIVE,204,GFTT00003,093cfa474,ERROR,"Cannot assign ""<Employee: Employee object (4d74f0c8-3c17-4150-a075-68bcf8d628c7)>"": ""StockTransaction.created_by"" must be a ""User"" instance."
RECEIVE,205,GFTT00004,093cfa475,ERROR,"Cannot assign ""<Employee: Employee object (4d74f0c8-3c17-4150-a075-68bcf8d628c7)>"": ""StockTransaction.created_by"" must be a ""User"" instance."
RECEIVE,206,GFTT00005,093cfa476,ERROR,"Cannot assign ""<Employee: Employee object (4d74f0c8-3c17-4150-a075-68bcf8d628c7)>"": ""StockTransaction.created_by"" must be a ""User"" instance."
RECEIVE,207,GFTT00006,093cfa477,ERROR,"Cannot assign ""<Employee: Employee object (4d74f0c8-3c17-4150-a075-68bcf8d628c7)>"": ""StockTransaction.created_by"" must be a ""User"" instance."
RECEIVE,208,GFTT00007,093cfa478,ERROR,"Cannot assign ""<Employee: Employee object (4d74f0c8-3c17-4150-a075-68bcf8d628c7)>"": ""StockTransaction.created_by"" must be a ""User"" instance."
RECEIVE,209,GFTT00008,093cfa479,ERROR,"Cannot assign ""<Employee: Employee object (4d74f0c8-3c17-4150-a075-68bcf8d628c7)>"": ""StockTransaction.created_by"" must be a ""User"" instance."
RECEIVE,210,GFTT00009,093cfa480,ERROR,"Cannot assign ""<Employee: Employee object (4d74f0c8-3c17-4150-a075-68bcf8d628c7)>"": ""StockTransaction.created_by"" must be a ""User"" instance."
RECEIVE,211,GFTT00010,093cfa481,ERROR,"Cannot assign ""<Employee: Employee object (4d74f0c8-3c17-4150-a075-68bcf8d628c7)>"": ""StockTransaction.created_by"" must be a ""User"" instance."
RECEIVE,212,GFTT00011,093cfa482,ERROR,"Cannot assign ""<Employee: Employee object (4d74f0c8-3c17-4150-a075-68bcf8d628c7)>"": ""StockTransaction.created_by"" must be a ""User"" instance."
RECEIVE,213,GFTT00012,093cfa483,ERROR,"Cannot assign ""<Employee: Employee object (4d74f0c8-3c17-4150-a075-68bcf8d628c7)>"": ""StockTransaction.created_by"" must be a ""User"" instance."
RECEIVE,214,GFTT00013,093cfa484,ERROR,"Cannot assign ""<Employee: Employee object (4d74f0c8-3c17-4150-a075-68bcf8d628c7)>"": ""StockTransaction.created_by"" must be a ""User"" instance."
RECEIVE,215,GFTT00014,093cfa485,ERROR,"Cannot assign ""<Employee: Employee object (4d74f0c8-3c17-4150-a075-68bcf8d628c7)>"": ""StockTransaction.created_by"" must be a ""User"" instance."
RECEIVE,216,GFTT00015,093cfa486,ERROR,"Cannot assign ""<Employee: Employee object (4d74f0c8-3c17-4150-a075-68bcf8d628c7)>"": ""StockTransaction.created_by"" must be a ""User"" instance."
RECEIVE,217,GFTT00016,093cfa487,ERROR,"Cannot assign ""<Employee: Employee object (4d74f0c8-3c17-4150-a075-68bcf8d628c7)>"": ""StockTransaction.created_by"" must be a ""User"" instance."
RECEIVE,218,GFTT00017,093cfa488,ERROR,"Cannot assign ""<Employee: Employee object (4d74f0c8-3c17-4150-a075-68bcf8d628c7)>"": ""StockTransaction.created_by"" must be a ""User"" instance."
RECEIVE,219,GFTT00018,093cfa489,ERROR,"Cannot assign ""<Employee: Employee object (4d74f0c8-3c17-4150-a075-68bcf8d628c7)>"": ""StockTransaction.created_by"" must be a ""User"" instance."
RECEIVE,220,GFTT00019,093cfa490,ERROR,"Cannot assign ""<Employee: Employee object (4d74f0c8-3c17-4150-a075-68bcf8d628c7)>"": ""StockTransaction.created_by"" must be a ""User"" instance."
RECEIVE,221,GFTT00020,093cfa491,ERROR,"Cannot assign ""<Employee: Employee object (4d74f0c8-3c17-4150-a075-68bcf8d628c7)>"": ""StockTransaction.created_by"" must be a ""User"" instance."
RECEIVE,222,GFTT00021,093cfa492,ERROR,"Cannot assign ""<Employee: Employee object (4d74f0c8-3c17-4150-a075-68bcf8d628c7)>"": ""StockTransaction.created_by"" must be a ""User"" instance."
RECEIVE,223,GFTT00022,093cfa493,ERROR,"Cannot assign ""<Employee: Employee object (4d74f0c8-3c17-4150-a075-68bcf8d628c7)>"": ""StockTransaction.created_by"" must be a ""User"" instance."
RECEIVE,224,GFTT00023,093cfa494,ERROR,"Cannot assign ""<Employee: Employee object (4d74f0c8-3c17-4150-a075-68bcf8d628c7)>"": ""StockTransaction.created_by"" must be a ""User"" instance."
RECEIVE,225,GFTT00024,093cfa495,ERROR,"Cannot assign ""<Employee: Employee object (4d74f0c8-3c17-4150-a075-68bcf8d628c7)>"": ""StockTransaction.created_by"" must be a ""User"" instance."
RECEIVE,226,GFTT00025,093cfa496,ERROR,"Cannot assign ""<Employee: Employee object (4d74f0c8-3c17-4150-a075-68bcf8d628c7)>"": ""StockTransaction.created_by"" must be a ""User"" instance."
RECEIVE,227,GFTT00026,093cfa497,ERROR,"Cannot assign ""<Employee: Employee object (4d74f0c8-3c17-4150-a075-68bcf8d628c7)>"": ""StockTransaction.created_by"" must be a ""User"" instance."
RECEIVE,228,GFTT00027,093cfa498,ERROR,"Cannot assign ""<Employee: Employee object (4d74f0c8-3c17-4150-a075-68bcf8d628c7)>"": ""StockTransaction.created_by"" must be a ""User"" instance."
RECEIVE,229,GFTT00028,093cfa499,ERROR,"Cannot assign ""<Employee: Employee object (4d74f0c8-3c17-4150-a075-68bcf8d628c7)>"": ""StockTransaction.created_by"" must be a ""User"" instance."
RECEIVE,230,GFTT00029,093cfa500,ERROR,"Cannot assign ""<Employee: Employee object (4d74f0c8-3c17-4150-a075-68bcf8d628c7)>"": ""StockTransaction.created_by"" must be a ""User"" instance."
RECEIVE,231,GFTT00030,093cfa501,ERROR,"Cannot assign ""<Employee: Employee object (4d74f0c8-3c17-4150-a075-68bcf8d628c7)>"": ""StockTransaction.created_by"" must be a ""User"" instance."
RECEIVE,232,GFTT00031,093cfa502,ERROR,"Cannot assign ""<Employee: Employee object (4d74f0c8-3c17-4150-a075-68bcf8d628c7)>"": ""StockTransaction.created_by"" must be a ""User"" instance."
RECEIVE,233,GFTT00032,093cfa503,ERROR,"Cannot assign ""<Employee: Employee object (4d74f0c8-3c17-4150-a075-68bcf8d628c7)>"": ""StockTransaction.created_by"" must be a ""User"" instance."
RECEIVE,234,GFTT00033,093cfa504,ERROR,"Cannot assign ""<Employee: Employee object (4d74f0c8-3c17-4150-a075-68bcf8d628c7)>"": ""StockTransaction.created_by"" must be a ""User"" instance."
RECEIVE,235,GFTT00034,093cfa505,ERROR,"Cannot assign ""<Employee: Employee object (4d74f0c8-3c17-4150-a075-68bcf8d628c7)>"": ""StockTransaction.created_by"" must be a ""User"" instance."
RECEIVE,236,GFTT00035,093cfa506,ERROR,"Cannot assign ""<Employee: Employee object (4d74f0c8-3c17-4150-a075-68bcf8d628c7)>"": ""StockTransaction.created_by"" must be a ""User"" instance."
RECEIVE,237,GFTT00036,093cfa507,ERROR,"Cannot assign ""<Employee: Employee object (4d74f0c8-3c17-4150-a075-68bcf8d628c7)>"": ""StockTransaction.created_by"" must be a ""User"" instance."
RECEIVE,238,GFTT00037,093cfa508,ERROR,"Cannot assign ""<Employee: Employee object (4d74f0c8-3c17-4150-a075-68bcf8d628c7)>"": ""StockTransaction.created_by"" must be a ""User"" instance."
RECEIVE,239,GFTT00038,093cfa509,ERROR,"Cannot assign ""<Employee: Employee object (4d74f0c8-3c17-4150-a075-68bcf8d628c7)>"": ""StockTransaction.created_by"" must be a ""User"" instance."
RECEIVE,240,GFTT00039,093cfa510,ERROR,"Cannot assign ""<Employee: Employee object (4d74f0c8-3c17-4150-a075-68bcf8d628c7)>"": ""StockTransaction.created_by"" must be a ""User"" instance."
RECEIVE,241,GFTT00040,093cfa511,ERROR,"Cannot assign ""<Employee: Employee object (4d74f0c8-3c17-4150-a075-68bcf8d628c7)>"": ""StockTransaction.created_by"" must be a ""User"" instance."
RECEIVE,242,GFTT00041,093cfa512,ERROR,"Cannot assign ""<Employee: Employee object (4d74f0c8-3c17-4150-a075-68bcf8d628c7)>"": ""StockTransaction.created_by"" must be a ""User"" instance."
RECEIVE,243,GFTT00042,093cfa513,ERROR,"Cannot assign ""<Employee: Employee object (4d74f0c8-3c17-4150-a075-68bcf8d628c7)>"": ""StockTransaction.created_by"" must be a ""User"" instance."
RECEIVE,244,GFTT00043,093cfa514,ERROR,"Cannot assign ""<Employee: Employee object (4d74f0c8-3c17-4150-a075-68bcf8d628c7)>"": ""StockTransaction.created_by"" must be a ""User"" instance."
RECEIVE,245,GFTT00044,093cfa515,ERROR,"Cannot assign ""<Employee: Employee object (4d74f0c8-3c17-4150-a075-68bcf8d628c7)>"": ""StockTransaction.created_by"" must be a ""User"" instance."
RECEIVE,246,GFTT00045,093cfa516,ERROR,"Cannot assign ""<Employee: Employee object (4d74f0c8-3c17-4150-a075-68bcf8d628c7)>"": ""StockTransaction.created_by"" must be a ""User"" instance."
RECEIVE,247,GFTT00046,093cfa517,ERROR,"Cannot assign ""<Employee: Employee object (4d74f0c8-3c17-4150-a075-68bcf8d628c7)>"": ""StockTransaction.created_by"" must be a ""User"" instance."
RECEIVE,248,GFTT00047,093cfa518,ERROR,"Cannot assign ""<Employee: Employee object (4d74f0c8-3c17-4150-a075-68bcf8d628c7)>"": ""StockTransaction.created_by"" must be a ""User"" instance."
RECEIVE,249,GFTT00048,093cfa519,ERROR,"Cannot assign ""<Employee: Employee object (4d74f0c8-3c17-4150-a075-68bcf8d628c7)>"": ""StockTransaction.created_by"" must be a ""User"" instance."
RECEIVE,250,GFTT00049,093cfa520,ERROR,"Cannot assign ""<Employee: Employee object (4d74f0c8-3c17-4150-a075-68bcf8d628c7)>"": ""StockTransaction.created_by"" must be a ""User"" instance."
RECEIVE,251,GFTT00050,093cfa521,ERROR,"Cannot assign ""<Employee: Employee object (4d74f0c8-3c17-4150-a075-68bcf8d628c7)>"": ""StockTransaction.created_by"" must be a ""User"" instance."
RECEIVE,252,GFTT00051,093cfa522,ERROR,"Cannot assign ""<Employee: Employee object (4d74f0c8-3c17-4150-a075-68bcf8d628c7)>"": ""StockTransaction.created_by"" must be a ""User"" instance."
RECEIVE,253,GFTT00052,093cfa523,ERROR,"Cannot assign ""<Employee: Employee object (4d74f0c8-3c17-4150-a075-68bcf8d628c7)>"": ""StockTransaction.created_by"" must be a ""User"" instance."
RECEIVE,254,GFTT00053,093cfa524,ERROR,"Cannot assign ""<Employee: Employee object (4d74f0c8-3c17-4150-a075-68bcf8d628c7)>"": ""StockTransaction.created_by"" must be a ""User"" instance."
RECEIVE,255,GFTT00054,093cfa525,ERROR,"Cannot assign ""<Employee: Employee object (4d74f0c8-3c17-4150-a075-68bcf8d628c7)>"": ""StockTransaction.created_by"" must be a ""User"" instance."
RECEIVE,256,GFTT00055,093cfa526,ERROR,"Cannot assign ""<Employee: Employee object (4d74f0c8-3c17-4150-a075-68bcf8d628c7)>"": ""StockTransaction.created_by"" must be a ""User"" instance."
RECEIVE,257,GFTT00056,093cfa527,ERROR,"Cannot assign ""<Employee: Employee object (4d74f0c8-3c17-4150-a075-68bcf8d628c7)>"": ""StockTransaction.created_by"" must be a ""User"" instance."
RECEIVE,258,GFTT00057,093cfa528,ERROR,"Cannot assign ""<Employee: Employee object (4d74f0c8-3c17-4150-a075-68bcf8d628c7)>"": ""StockTransaction.created_by"" must be a ""User"" instance."
RECEIVE,259,GFTT00058,093cfa529,ERROR,"Cannot assign ""<Employee: Employee object (4d74f0c8-3c17-4150-a075-68bcf8d628c7)>"": ""StockTransaction.created_by"" must be a ""User"" instance."
RECEIVE,260,GFTT00059,093cfa530,ERROR,"Cannot assign ""<Employee: Employee object (4d74f0c8-3c17-4150-a075-68bcf8d628c7)>"": ""StockTransaction.created_by"" must be a ""User"" instance."
RECEIVE,261,GFTT00060,093cfa531,ERROR,"Cannot assign ""<Employee: Employee object (4d74f0c8-3c17-4150-a075-68bcf8d628c7)>"": ""StockTransaction.created_by"" must be a ""User"" instance."
RECEIVE,262,GFTT00061,093cfa532,ERROR,"Cannot assign ""<Employee: Employee object (4d74f0c8-3c17-4150-a075-68bcf8d628c7)>"": ""StockTransaction.created_by"" must be a ""User"" instance."
RECEIVE,263,GFTT00062,093cfa533,ERROR,"Cannot assign ""<Employee: Employee object (4d74f0c8-3c17-4150-a075-68bcf8d628c7)>"": ""StockTransaction.created_by"" must be a ""User"" instance."
RECEIVE,264,GFTT00063,093cfa534,ERROR,"Cannot assign ""<Employee: Employee object (4d74f0c8-3c17-4150-a075-68bcf8d628c7)>"": ""StockTransaction.created_by"" must be a ""User"" instance."
RECEIVE,265,GFTT00064,093cfa535,ERROR,"Cannot assign ""<Employee: Employee object (4d74f0c8-3c17-4150-a075-68bcf8d628c7)>"": ""StockTransaction.created_by"" must be a ""User"" instance."
RECEIVE,266,GFTT00065,093cfa536,ERROR,"Cannot assign ""<Employee: Employee object (4d74f0c8-3c17-4150-a075-68bcf8d628c7)>"": ""StockTransaction.created_by"" must be a ""User"" instance."
RECEIVE,267,GFTT00066,093cfa537,ERROR,"Cannot assign ""<Employee: Employee object (4d74f0c8-3c17-4150-a075-68bcf8d628c7)>"": ""StockTransaction.created_by"" must be a ""User"" instance."
RECEIVE,268,GFTT00067,093cfa538,ERROR,"Cannot assign ""<Employee: Employee object (4d74f0c8-3c17-4150-a075-68bcf8d628c7)>"": ""StockTransaction.created_by"" must be a ""User"" instance."
RECEIVE,269,GFTT00068,093cfa539,ERROR,"Cannot assign ""<Employee: Employee object (4d74f0c8-3c17-4150-a075-68bcf8d628c7)>"": ""StockTransaction.created_by"" must be a ""User"" instance."
RECEIVE,270,GFTT00069,093cfa540,ERROR,"Cannot assign ""<Employee: Employee object (4d74f0c8-3c17-4150-a075-68bcf8d628c7)>"": ""StockTransaction.created_by"" must be a ""User"" instance."
RECEIVE,271,GFTT00070,093cfa541,ERROR,"Cannot assign ""<Employee: Employee object (4d74f0c8-3c17-4150-a075-68bcf8d628c7)>"": ""StockTransaction.created_by"" must be a ""User"" instance."
RECEIVE,272,GFTT00071,093cfa542,ERROR,"Cannot assign ""<Employee: Employee object (4d74f0c8-3c17-4150-a075-68bcf8d628c7)>"": ""StockTransaction.created_by"" must be a ""User"" instance."
RECEIVE,273,GFTT00072,093cfa543,ERROR,"Cannot assign ""<Employee: Employee object (4d74f0c8-3c17-4150-a075-68bcf8d628c7)>"": ""StockTransaction.created_by"" must be a ""User"" instance."
RECEIVE,274,GFTT00073,093cfa544,ERROR,"Cannot assign ""<Employee: Employee object (4d74f0c8-3c17-4150-a075-68bcf8d628c7)>"": ""StockTransaction.created_by"" must be a ""User"" instance."
RECEIVE,275,GFTT00074,093cfa545,ERROR,"Cannot assign ""<Employee: Employee object (4d74f0c8-3c17-4150-a075-68bcf8d628c7)>"": ""StockTransaction.created_by"" must be a ""User"" instance."
RECEIVE,276,GFTT00075,093cfa546,ERROR,"Cannot assign ""<Employee: Employee object (4d74f0c8-3c17-4150-a075-68bcf8d628c7)>"": ""StockTransaction.created_by"" must be a ""User"" instance."
RECEIVE,277,GFTT00076,093cfa547,ERROR,"Cannot assign ""<Employee: Employee object (4d74f0c8-3c17-4150-a075-68bcf8d628c7)>"": ""StockTransaction.created_by"" must be a ""User"" instance."
RECEIVE,278,GFTT00077,093cfa548,ERROR,"Cannot assign ""<Employee: Employee object (4d74f0c8-3c17-4150-a075-68bcf8d628c7)>"": ""StockTransaction.created_by"" must be a ""User"" instance."
RECEIVE,279,GFTT00078,093cfa549,ERROR,"Cannot assign ""<Employee: Employee object (4d74f0c8-3c17-4150-a075-68bcf8d628c7)>"": ""StockTransaction.created_by"" must be a ""User"" instance."
RECEIVE,280,GFTT00079,093cfa550,ERROR,"Cannot assign ""<Employee: Employee object (4d74f0c8-3c17-4150-a075-68bcf8d628c7)>"": ""StockTransaction.created_by"" must be a ""User"" instance."
RECEIVE,281,GFTT00080,093cfa551,ERROR,"Cannot assign ""<Employee: Employee object (4d74f0c8-3c17-4150-a075-68bcf8d628c7)>"": ""StockTransaction.created_by"" must be a ""User"" instance."
RECEIVE,282,GFTT00081,093cfa552,ERROR,"Cannot assign ""<Employee: Employee object (4d74f0c8-3c17-4150-a075-68bcf8d628c7)>"": ""StockTransaction.created_by"" must be a ""User"" instance."
RECEIVE,283,GFTT00082,093cfa553,ERROR,"Cannot assign ""<Employee: Employee object (4d74f0c8-3c17-4150-a075-68bcf8d628c7)>"": ""StockTransaction.created_by"" must be a ""User"" instance."
RECEIVE,284,GFTT00083,093cfa554,ERROR,"Cannot assign ""<Employee: Employee object (4d74f0c8-3c17-4150-a075-68bcf8d628c7)>"": ""StockTransaction.created_by"" must be a ""User"" instance."
RECEIVE,285,GFTT00084,093cfa555,ERROR,"Cannot assign ""<Employee: Employee object (4d74f0c8-3c17-4150-a075-68bcf8d628c7)>"": ""StockTransaction.created_by"" must be a ""User"" instance."
RECEIVE,286,GFTT00085,093cfa556,ERROR,"Cannot assign ""<Employee: Employee object (4d74f0c8-3c17-4150-a075-68bcf8d628c7)>"": ""StockTransaction.created_by"" must be a ""User"" instance."
RECEIVE,287,GFTT00086,093cfa557,ERROR,"Cannot assign ""<Employee: Employee object (4d74f0c8-3c17-4150-a075-68bcf8d628c7)>"": ""StockTransaction.created_by"" must be a ""User"" instance."
RECEIVE,288,GFTT00087,093cfa558,ERROR,"Cannot assign ""<Employee: Employee object (4d74f0c8-3c17-4150-a075-68bcf8d628c7)>"": ""StockTransaction.created_by"" must be a ""User"" instance."
RECEIVE,289,GFTT00088,093cfa559,ERROR,"Cannot assign ""<Employee: Employee object (4d74f0c8-3c17-4150-a075-68bcf8d628c7)>"": ""StockTransaction.created_by"" must be a ""User"" instance."
RECEIVE,290,GFTT00089,093cfa560,ERROR,"Cannot assign ""<Employee: Employee object (4d74f0c8-3c17-4150-a075-68bcf8d628c7)>"": ""StockTransaction.created_by"" must be a ""User"" instance."
RECEIVE,291,GFTT00090,093cfa561,ERROR,"Cannot assign ""<Employee: Employee object (4d74f0c8-3c17-4150-a075-68bcf8d628c7)>"": ""StockTransaction.created_by"" must be a ""User"" instance."
RECEIVE,292,GFTT00091,093cfa562,ERROR,"Cannot assign ""<Employee: Employee object (4d74f0c8-3c17-4150-a075-68bcf8d628c7)>"": ""StockTransaction.created_by"" must be a ""User"" instance."
RECEIVE,293,GFTT00092,093cfa563,ERROR,"Cannot assign ""<Employee: Employee object (4d74f0c8-3c17-4150-a075-68bcf8d628c7)>"": ""StockTransaction.created_by"" must be a ""User"" instance."
RECEIVE,294,GFTT00093,093cfa564,ERROR,"Cannot assign ""<Employee: Employee object (4d74f0c8-3c17-4150-a075-68bcf8d628c7)>"": ""StockTransaction.created_by"" must be a ""User"" instance."
RECEIVE,295,GFTT00094,093cfa565,ERROR,"Cannot assign ""<Employee: Employee object (4d74f0c8-3c17-4150-a075-68bcf8d628c7)>"": ""StockTransaction.created_by"" must be a ""User"" instance."
RECEIVE,296,GFTT00095,093cfa566,ERROR,"Cannot assign ""<Employee: Employee object (4d74f0c8-3c17-4150-a075-68bcf8d628c7)>"": ""StockTransaction.created_by"" must be a ""User"" instance."
RECEIVE,297,GFTT00096,093cfa567,ERROR,"Cannot assign ""<Employee: Employee object (4d74f0c8-3c17-4150-a075-68bcf8d628c7)>"": ""StockTransaction.created_by"" must be a ""User"" instance."
RECEIVE,298,GFTT00097,093cfa568,ERROR,"Cannot assign ""<Employee: Employee object (4d74f0c8-3c17-4150-a075-68bcf8d628c7)>"": ""StockTransaction.created_by"" must be a ""User"" instance."
RECEIVE,299,GFTT00098,093cfa569,ERROR,"Cannot assign ""<Employee: Employee object (4d74f0c8-3c17-4150-a075-68bcf8d628c7)>"": ""StockTransaction.created_by"" must be a ""User"" instance."
RECEIVE,300,GFTT00099,093cfa570,ERROR,"Cannot assign ""<Employee: Employee object (4d74f0c8-3c17-4150-a075-68bcf8d628c7)>"": ""StockTransaction.created_by"" must be a ""User"" instance."
RECEIVE,301,GFTT00100,093cfa571,ERROR,"Cannot assign ""<Employee: Employee object (4d74f0c8-3c17-4150-a075-68bcf8d628c7)>"": ""StockTransaction.created_by"" must be a ""User"" instance."
RECEIVE,302,GFTT00102,093cfa572,ERROR,"Cannot assign ""<Employee: Employee object (4d74f0c8-3c17-4150-a075-68bcf8d628c7)>"": ""StockTransaction.created_by"" must be a ""User"" instance."
RECEIVE,303,GFTT00103,093cfa573,ERROR,"Cannot assign ""<Employee: Employee object (4d74f0c8-3c17-4150-a075-68bcf8d628c7)>"": ""StockTransaction.created_by"" must be a ""User"" instance."
RECEIVE,304,GFTT00104,093cfa574,ERROR,"Cannot assign ""<Employee: Employee object (4d74f0c8-3c17-4150-a075-68bcf8d628c7)>"": ""StockTransaction.created_by"" must be a ""User"" instance."
RECEIVE,305,GFTT00111,093cfa575,ERROR,"Cannot assign ""<Employee: Employee object (4d74f0c8-3c17-4150-a075-68bcf8d628c7)>"": ""StockTransaction.created_by"" must be a ""User"" instance."
RECEIVE,306,GFTT00112,093cfa576,ERROR,"Cannot assign ""<Employee: Employee object (4d74f0c8-3c17-4150-a075-68bcf8d628c7)>"": ""StockTransaction.created_by"" must be a ""User"" instance."
RECEIVE,307,GFTT00113,093cfa577,ERROR,"Cannot assign ""<Employee: Employee object (4d74f0c8-3c17-4150-a075-68bcf8d628c7)>"": ""StockTransaction.created_by"" must be a ""User"" instance."
RECEIVE,308,GFTT00114,093cfa578,ERROR,"Cannot assign ""<Employee: Employee object (4d74f0c8-3c17-4150-a075-68bcf8d628c7)>"": ""StockTransaction.created_by"" must be a ""User"" instance."
RECEIVE,309,GFTT00116,093cfa579,ERROR,"Cannot assign ""<Employee: Employee object (4d74f0c8-3c17-4150-a075-68bcf8d628c7)>"": ""StockTransaction.created_by"" must be a ""User"" instance."
RECEIVE,310,GFTT00117,093cfa580,ERROR,"Cannot assign ""<Employee: Employee object (4d74f0c8-3c17-4150-a075-68bcf8d628c7)>"": ""StockTransaction.created_by"" must be a ""User"" instance."
RECEIVE,311,GFTT00118,093cfa581,ERROR,"Cannot assign ""<Employee: Employee object (4d74f0c8-3c17-4150-a075-68bcf8d628c7)>"": ""StockTransaction.created_by"" must be a ""User"" instance."
RECEIVE,312,GFTT00119,093cfa582,ERROR,"Cannot assign ""<Employee: Employee object (4d74f0c8-3c17-4150-a075-68bcf8d628c7)>"": ""StockTransaction.created_by"" must be a ""User"" instance."
RECEIVE,313,GFTT00120,093cfa583,ERROR,"Cannot assign ""<Employee: Employee object (4d74f0c8-3c17-4150-a075-68bcf8d628c7)>"": ""StockTransaction.created_by"" must be a ""User"" instance."
RECEIVE,314,GFTT00121,093cfa584,ERROR,"Cannot assign ""<Employee: Employee object (4d74f0c8-3c17-4150-a075-68bcf8d628c7)>"": ""StockTransaction.created_by"" must be a ""User"" instance."
RECEIVE,315,GFTT00122,093cfa585,ERROR,"Cannot assign ""<Employee: Employee object (4d74f0c8-3c17-4150-a075-68bcf8d628c7)>"": ""StockTransaction.created_by"" must be a ""User"" instance."
RECEIVE,316,GFTT00123,093cfa586,ERROR,"Cannot assign ""<Employee: Employee object (4d74f0c8-3c17-4150-a075-68bcf8d628c7)>"": ""StockTransaction.created_by"" must be a ""User"" instance."
RECEIVE,317,GFTT00124,093cfa587,ERROR,"Cannot assign ""<Employee: Employee object (4d74f0c8-3c17-4150-a075-68bcf8d628c7)>"": ""StockTransaction.created_by"" must be a ""User"" instance."
RECEIVE,318,GFTT00125,093cfa588,ERROR,"Cannot assign ""<Employee: Employee object (4d74f0c8-3c17-4150-a075-68bcf8d628c7)>"": ""StockTransaction.created_by"" must be a ""User"" instance."
RECEIVE,319,GFTT00128,093cfa589,ERROR,"Cannot assign ""<Employee: Employee object (4d74f0c8-3c17-4150-a075-68bcf8d628c7)>"": ""StockTransaction.created_by"" must be a ""User"" instance."
RECEIVE,320,GFTT00129,093cfa590,ERROR,"Cannot assign ""<Employee: Employee object (4d74f0c8-3c17-4150-a075-68bcf8d628c7)>"": ""StockTransaction.created_by"" must be a ""User"" instance."
RECEIVE,321,GFTT00130,093cfa591,ERROR,"Cannot assign ""<Employee: Employee object (4d74f0c8-3c17-4150-a075-68bcf8d628c7)>"": ""StockTransaction.created_by"" must be a ""User"" instance."
RECEIVE,322,GFTT00131,093cfa592,ERROR,"Cannot assign ""<Employee: Employee object (4d74f0c8-3c17-4150-a075-68bcf8d628c7)>"": ""StockTransaction.created_by"" must be a ""User"" instance."
RECEIVE,323,GFTT00134,093cfa593,ERROR,"Cannot assign ""<Employee: Employee object (4d74f0c8-3c17-4150-a075-68bcf8d628c7)>"": ""StockTransaction.created_by"" must be a ""User"" instance."
RECEIVE,324,GFTT00135,093cfa594,ERROR,"Cannot assign ""<Employee: Employee object (4d74f0c8-3c17-4150-a075-68bcf8d628c7)>"": ""StockTransaction.created_by"" must be a ""User"" instance."
RECEIVE,325,GFTT00136,093cfa595,ERROR,"Cannot assign ""<Employee: Employee object (4d74f0c8-3c17-4150-a075-68bcf8d628c7)>"": ""StockTransaction.created_by"" must be a ""User"" instance."
RECEIVE,326,GFTT00137,093cfa596,ERROR,"Cannot assign ""<Employee: Employee object (4d74f0c8-3c17-4150-a075-68bcf8d628c7)>"": ""StockTransaction.created_by"" must be a ""User"" instance."
RECEIVE,327,GFTT00138,093cfa597,ERROR,"Cannot assign ""<Employee: Employee object (4d74f0c8-3c17-4150-a075-68bcf8d628c7)>"": ""StockTransaction.created_by"" must be a ""User"" instance."
RECEIVE,328,GFTT00139,093cfa598,ERROR,"Cannot assign ""<Employee: Employee object (4d74f0c8-3c17-4150-a075-68bcf8d628c7)>"": ""StockTransaction.created_by"" must be a ""User"" instance."
RECEIVE,329,GFTT00141,093cfa599,ERROR,"Cannot assign ""<Employee: Employee object (4d74f0c8-3c17-4150-a075-68bcf8d628c7)>"": ""StockTransaction.created_by"" must be a ""User"" instance."
RECEIVE,330,GFTT00142,093cfa600,ERROR,"Cannot assign ""<Employee: Employee object (4d74f0c8-3c17-4150-a075-68bcf8d628c7)>"": ""StockTransaction.created_by"" must be a ""User"" instance."
RECEIVE,331,GFTT00146,093cfa601,ERROR,"Cannot assign ""<Employee: Employee object (4d74f0c8-3c17-4150-a075-68bcf8d628c7)>"": ""StockTransaction.created_by"" must be a ""User"" instance."
RECEIVE,332,GFTT00147,093cfa602,ERROR,"Cannot assign ""<Employee: Employee object (4d74f0c8-3c17-4150-a075-68bcf8d628c7)>"": ""StockTransaction.created_by"" must be a ""User"" instance."
RECEIVE,333,GFTT00148,093cfa603,ERROR,"Cannot assign ""<Employee: Employee object (4d74f0c8-3c17-4150-a075-68bcf8d628c7)>"": ""StockTransaction.created_by"" must be a ""User"" instance."
RECEIVE,334,GFTT00149,093cfa604,ERROR,"Cannot assign ""<Employee: Employee object (4d74f0c8-3c17-4150-a075-68bcf8d628c7)>"": ""StockTransaction.created_by"" must be a ""User"" instance."
RECEIVE,335,GFTT00150,093cfa605,ERROR,"Cannot assign ""<Employee: Employee object (4d74f0c8-3c17-4150-a075-68bcf8d628c7)>"": ""StockTransaction.created_by"" must be a ""User"" instance."
RECEIVE,336,GFTT00151,093cfa606,ERROR,"Cannot assign ""<Employee: Employee object (4d74f0c8-3c17-4150-a075-68bcf8d628c7)>"": ""StockTransaction.created_by"" must be a ""User"" instance."
RECEIVE,337,GFTT00152,093cfa607,ERROR,"Cannot assign ""<Employee: Employee object (4d74f0c8-3c17-4150-a075-68bcf8d628c7)>"": ""StockTransaction.created_by"" must be a ""User"" instance."
RECEIVE,338,GFTT00153,093cfa608,ERROR,"Cannot assign ""<Employee: Employee object (4d74f0c8-3c17-4150-a075-68bcf8d628c7)>"": ""StockTransaction.created_by"" must be a ""User"" instance."
RECEIVE,339,GFTT00154,093cfa609,ERROR,"Cannot assign ""<Employee: Employee object (4d74f0c8-3c17-4150-a075-68bcf8d628c7)>"": ""StockTransaction.created_by"" must be a ""User"" instance."
RECEIVE,340,GFTT00155,093cfa610,ERROR,"Cannot assign ""<Employee: Employee object (4d74f0c8-3c17-4150-a075-68bcf8d628c7)>"": ""StockTransaction.created_by"" must be a ""User"" instance."
RECEIVE,341,GFTT00156,093cfa611,ERROR,"Cannot assign ""<Employee: Employee object (4d74f0c8-3c17-4150-a075-68bcf8d628c7)>"": ""StockTransaction.created_by"" must be a ""User"" instance."
RECEIVE,342,GFTT00158,093cfa612,ERROR,"Cannot assign ""<Employee: Employee object (4d74f0c8-3c17-4150-a075-68bcf8d628c7)>"": ""StockTransaction.created_by"" must be a ""User"" instance."
RECEIVE,343,GFTT00159,093cfa613,ERROR,"Cannot assign ""<Employee: Employee object (4d74f0c8-3c17-4150-a075-68bcf8d628c7)>"": ""StockTransaction.created_by"" must be a ""User"" instance."
RECEIVE,344,GFTT00160,093cfa614,ERROR,"Cannot assign ""<Employee: Employee object (4d74f0c8-3c17-4150-a075-68bcf8d628c7)>"": ""StockTransaction.created_by"" must be a ""User"" instance."
RECEIVE,345,GFTT00161,093cfa615,ERROR,"Cannot assign ""<Employee: Employee object (4d74f0c8-3c17-4150-a075-68bcf8d628c7)>"": ""StockTransaction.created_by"" must be a ""User"" instance."
RECEIVE,346,GFTT00162,093cfa616,ERROR,"Cannot assign ""<Employee: Employee object (4d74f0c8-3c17-4150-a075-68bcf8d628c7)>"": ""StockTransaction.created_by"" must be a ""User"" instance."
RECEIVE,347,GFTT00164,093cfa617,ERROR,"Cannot assign ""<Employee: Employee object (4d74f0c8-3c17-4150-a075-68bcf8d628c7)>"": ""StockTransaction.created_by"" must be a ""User"" instance."
RECEIVE,348,GFTT00165,093cfa618,ERROR,"Cannot assign ""<Employee: Employee object (4d74f0c8-3c17-4150-a075-68bcf8d628c7)>"": ""StockTransaction.created_by"" must be a ""User"" instance."
RECEIVE,349,GFTT00166,093cfa619,ERROR,"Cannot assign ""<Employee: Employee object (4d74f0c8-3c17-4150-a075-68bcf8d628c7)>"": ""StockTransaction.created_by"" must be a ""User"" instance."
RECEIVE,350,GFTT00167,093cfa620,ERROR,"Cannot assign ""<Employee: Employee object (4d74f0c8-3c17-4150-a075-68bcf8d628c7)>"": ""StockTransaction.created_by"" must be a ""User"" instance."
RECEIVE,351,GFTT00168,093cfa621,ERROR,"Cannot assign ""<Employee: Employee object (4d74f0c8-3c17-4150-a075-68bcf8d628c7)>"": ""StockTransaction.created_by"" must be a ""User"" instance."
RECEIVE,352,GFTT00169,093cfa622,ERROR,"Cannot assign ""<Employee: Employee object (4d74f0c8-3c17-4150-a075-68bcf8d628c7)>"": ""StockTransaction.created_by"" must be a ""User"" instance."
RECEIVE,353,GFTT00170,093cfa623,ERROR,"Cannot assign ""<Employee: Employee object (4d74f0c8-3c17-4150-a075-68bcf8d628c7)>"": ""StockTransaction.created_by"" must be a ""User"" instance."
RECEIVE,354,GFTT00171,093cfa624,ERROR,"Cannot assign ""<Employee: Employee object (4d74f0c8-3c17-4150-a075-68bcf8d628c7)>"": ""StockTransaction.created_by"" must be a ""User"" instance."
RECEIVE,355,GFTT00172,093cfa625,ERROR,"Cannot assign ""<Employee: Employee object (4d74f0c8-3c17-4150-a075-68bcf8d628c7)>"": ""StockTransaction.created_by"" must be a ""User"" instance."
RECEIVE,356,GFTT00173,093cfa626,ERROR,"Cannot assign ""<Employee: Employee object (4d74f0c8-3c17-4150-a075-68bcf8d628c7)>"": ""StockTransaction.created_by"" must be a ""User"" instance."
RECEIVE,357,GFTT00174,093cfa627,ERROR,"Cannot assign ""<Employee: Employee object (4d74f0c8-3c17-4150-a075-68bcf8d628c7)>"": ""StockTransaction.created_by"" must be a ""User"" instance."
RECEIVE,358,GFTT00176,093cfa628,ERROR,"Cannot assign ""<Employee: Employee object (4d74f0c8-3c17-4150-a075-68bcf8d628c7)>"": ""StockTransaction.created_by"" must be a ""User"" instance."
RECEIVE,359,GFTT00177,093cfa629,ERROR,"Cannot assign ""<Employee: Employee object (4d74f0c8-3c17-4150-a075-68bcf8d628c7)>"": ""StockTransaction.created_by"" must be a ""User"" instance."
RECEIVE,360,GFTT00182,093cfa630,ERROR,"Cannot assign ""<Employee: Employee object (4d74f0c8-3c17-4150-a075-68bcf8d628c7)>"": ""StockTransaction.created_by"" must be a ""User"" instance."
RECEIVE,361,GFTT00183,093cfa631,ERROR,"Cannot assign ""<Employee: Employee object (4d74f0c8-3c17-4150-a075-68bcf8d628c7)>"": ""StockTransaction.created_by"" must be a ""User"" instance."
RECEIVE,362,GFTT00184,093cfa632,ERROR,"Cannot assign ""<Employee: Employee object (4d74f0c8-3c17-4150-a075-68bcf8d628c7)>"": ""StockTransaction.created_by"" must be a ""User"" instance."
RECEIVE,363,GFTT00185,093cfa633,ERROR,"Cannot assign ""<Employee: Employee object (4d74f0c8-3c17-4150-a075-68bcf8d628c7)>"": ""StockTransaction.created_by"" must be a ""User"" instance."
RECEIVE,364,GFTT00186,093cfa634,ERROR,"Cannot assign ""<Employee: Employee object (4d74f0c8-3c17-4150-a075-68bcf8d628c7)>"": ""StockTransaction.created_by"" must be a ""User"" instance."
RECEIVE,365,GFTT00187,093cfa635,ERROR,"Cannot assign ""<Employee: Employee object (4d74f0c8-3c17-4150-a075-68bcf8d628c7)>"": ""StockTransaction.created_by"" must be a ""User"" instance."
RECEIVE,366,GFTT00188,093cfa636,ERROR,"Cannot assign ""<Employee: Employee object (4d74f0c8-3c17-4150-a075-68bcf8d628c7)>"": ""StockTransaction.created_by"" must be a ""User"" instance."
RECEIVE,367,GBOX00001,093cfa831,ERROR,"Cannot assign ""<Employee: Employee object (4d74f0c8-3c17-4150-a075-68bcf8d628c7)>"": ""StockTransaction.created_by"" must be a ""User"" instance."
RECEIVE,368,GBOX00002,093cfa832,ERROR,"Cannot assign ""<Employee: Employee object (4d74f0c8-3c17-4150-a075-68bcf8d628c7)>"": ""StockTransaction.created_by"" must be a ""User"" instance."
RECEIVE,369,GBOX00003,093cfa833,ERROR,"Cannot assign ""<Employee: Employee object (4d74f0c8-3c17-4150-a075-68bcf8d628c7)>"": ""StockTransaction.created_by"" must be a ""User"" instance."
RECEIVE,370,GBOX00004,093cfa834,ERROR,"Cannot assign ""<Employee: Employee object (4d74f0c8-3c17-4150-a075-68bcf8d628c7)>"": ""StockTransaction.created_by"" must be a ""User"" instance."
RECEIVE,371,GBOX00005,093cfa835,ERROR,"Cannot assign ""<Employee: Employee object (4d74f0c8-3c17-4150-a075-68bcf8d628c7)>"": ""StockTransaction.created_by"" must be a ""User"" instance."
RECEIVE,372,GBOX00006,093cfa836,ERROR,"Cannot assign ""<Employee: Employee object (4d74f0c8-3c17-4150-a075-68bcf8d628c7)>"": ""StockTransaction.created_by"" must be a ""User"" instance."
RECEIVE,373,GBOX00007,093cfa837,ERROR,"Cannot assign ""<Employee: Employee object (4d74f0c8-3c17-4150-a075-68bcf8d628c7)>"": ""StockTransaction.created_by"" must be a ""User"" instance."
RECEIVE,374,GBOX00008,093cfa838,ERROR,"Cannot assign ""<Employee: Employee object (4d74f0c8-3c17-4150-a075-68bcf8d628c7)>"": ""StockTransaction.created_by"" must be a ""User"" instance."
RECEIVE,375,GBOX00009,093cfa839,ERROR,"Cannot assign ""<Employee: Employee object (4d74f0c8-3c17-4150-a075-68bcf8d628c7)>"": ""StockTransaction.created_by"" must be a ""User"" instance."
RECEIVE,376,GBTR00001,093cfa840,ERROR,"Cannot assign ""<Employee: Employee object (4d74f0c8-3c17-4150-a075-68bcf8d628c7)>"": ""StockTransaction.created_by"" must be a ""User"" instance."
RECEIVE,377,GBTR00002,093cfa841,ERROR,"Cannot assign ""<Employee: Employee object (4d74f0c8-3c17-4150-a075-68bcf8d628c7)>"": ""StockTransaction.created_by"" must be a ""User"" instance."
RECEIVE,378,GBTR00003,093cfa842,ERROR,"Cannot assign ""<Employee: Employee object (4d74f0c8-3c17-4150-a075-68bcf8d628c7)>"": ""StockTransaction.created_by"" must be a ""User"" instance."
RECEIVE,379,GBTR00004,093cfa843,ERROR,"Cannot assign ""<Employee: Employee object (4d74f0c8-3c17-4150-a075-68bcf8d628c7)>"": ""StockTransaction.created_by"" must be a ""User"" instance."
RECEIVE,380,GBTR00005,093cfa844,ERROR,"Cannot assign ""<Employee: Employee object (4d74f0c8-3c17-4150-a075-68bcf8d628c7)>"": ""StockTransaction.created_by"" must be a ""User"" instance."
RECEIVE,381,GBTR00006,093cfa845,ERROR,"Cannot assign ""<Employee: Employee object (4d74f0c8-3c17-4150-a075-68bcf8d628c7)>"": ""StockTransaction.created_by"" must be a ""User"" instance."
RECEIVE,382,GBTR00007,093cfa846,ERROR,"Cannot assign ""<Employee: Employee object (4d74f0c8-3c17-4150-a075-68bcf8d628c7)>"": ""StockTransaction.created_by"" must be a ""User"" instance."
RECEIVE,383,GBTR00008,093cfa847,ERROR,"Cannot assign ""<Employee: Employee object (4d74f0c8-3c17-4150-a075-68bcf8d628c7)>"": ""StockTransaction.created_by"" must be a ""User"" instance."
RECEIVE,384,GBTR00009,093cfa848,ERROR,"Cannot assign ""<Employee: Employee object (4d74f0c8-3c17-4150-a075-68bcf8d628c7)>"": ""StockTransaction.created_by"" must be a ""User"" instance."
RECEIVE,385,GBTR00010,093cfa849,ERROR,"Cannot assign ""<Employee: Employee object (4d74f0c8-3c17-4150-a075-68bcf8d628c7)>"": ""StockTransaction.created_by"" must be a ""User"" instance."
RECEIVE,386,GBTR00011,093cfa850,ERROR,"Cannot assign ""<Employee: Employee object (4d74f0c8-3c17-4150-a075-68bcf8d628c7)>"": ""StockTransaction.created_by"" must be a ""User"" instance."
RECEIVE,387,GBTR00012,093cfa851,ERROR,"Cannot assign ""<Employee: Employee object (4d74f0c8-3c17-4150-a075-68bcf8d628c7)>"": ""StockTransaction.created_by"" must be a ""User"" instance."
RECEIVE,388,GBTR00013,093cfa852,ERROR,"Cannot assign ""<Employee: Employee object (4d74f0c8-3c17-4150-a075-68bcf8d628c7)>"": ""StockTransaction.created_by"" must be a ""User"" instance."
RECEIVE,389,GBTR00014,093cfa853,ERROR,"Cannot assign ""<Employee: Employee object (4d74f0c8-3c17-4150-a075-68bcf8d628c7)>"": ""StockTransaction.created_by"" must be a ""User"" instance."
RECEIVE,390,GBTR00015,093cfa854,ERROR,"Cannot assign ""<Employee: Employee object (4d74f0c8-3c17-4150-a075-68bcf8d628c7)>"": ""StockTransaction.created_by"" must be a ""User"" instance."
RECEIVE,391,GBTR00016,093cfa855,ERROR,"Cannot assign ""<Employee: Employee object (4d74f0c8-3c17-4150-a075-68bcf8d628c7)>"": ""StockTransaction.created_by"" must be a ""User"" instance."
RECEIVE,392,GBTR00017,093cfa856,ERROR,"Cannot assign ""<Employee: Employee object (4d74f0c8-3c17-4150-a075-68bcf8d628c7)>"": ""StockTransaction.created_by"" must be a ""User"" instance."
RECEIVE,393,GBTR00018,093cfa857,ERROR,"Cannot assign ""<Employee: Employee object (4d74f0c8-3c17-4150-a075-68bcf8d628c7)>"": ""StockTransaction.created_by"" must be a ""User"" instance."
RECEIVE,394,GBTR00019,093cfa858,ERROR,"Cannot assign ""<Employee: Employee object (4d74f0c8-3c17-4150-a075-68bcf8d628c7)>"": ""StockTransaction.created_by"" must be a ""User"" instance."
RECEIVE,395,GBTR00020,093cfa859,ERROR,"Cannot assign ""<Employee: Employee object (4d74f0c8-3c17-4150-a075-68bcf8d628c7)>"": ""StockTransaction.created_by"" must be a ""User"" instance."
RECEIVE,396,GBTR00021,093cfa860,ERROR,"Cannot assign ""<Employee: Employee object (4d74f0c8-3c17-4150-a075-68bcf8d628c7)>"": ""StockTransaction.created_by"" must be a ""User"" instance."
RECEIVE,397,GBTR00022,093cfa861,ERROR,"Cannot assign ""<Employee: Employee object (4d74f0c8-3c17-4150-a075-68bcf8d628c7)>"": ""StockTransaction.created_by"" must be a ""User"" instance."
RECEIVE,398,GBTR00023,093cfa862,ERROR,"Cannot assign ""<Employee: Employee object (4d74f0c8-3c17-4150-a075-68bcf8d628c7)>"": ""StockTransaction.created_by"" must be a ""User"" instance."
RECEIVE,399,GBTR00024,093cfa863,ERROR,"Cannot assign ""<Employee: Employee object (4d74f0c8-3c17-4150-a075-68bcf8d628c7)>"": ""StockTransaction.created_by"" must be a ""User"" instance."
RECEIVE,400,GBTR00025,093cfa864,ERROR,"Cannot assign ""<Employee: Employee object (4d74f0c8-3c17-4150-a075-68bcf8d628c7)>"": ""StockTransaction.created_by"" must be a ""User"" instance."
RECEIVE,401,GBTR00026,093cfa865,ERROR,"Cannot assign ""<Employee: Employee object (4d74f0c8-3c17-4150-a075-68bcf8d628c7)>"": ""StockTransaction.created_by"" must be a ""User"" instance."
RECEIVE,402,GCNT00001,093cfa866,ERROR,"Cannot assign ""<Employee: Employee object (4d74f0c8-3c17-4150-a075-68bcf8d628c7)>"": ""StockTransaction.created_by"" must be a ""User"" instance."
RECEIVE,403,GCNT00002,093cfa867,ERROR,"Cannot assign ""<Employee: Employee object (4d74f0c8-3c17-4150-a075-68bcf8d628c7)>"": ""StockTransaction.created_by"" must be a ""User"" instance."
RECEIVE,404,GCNT00003,093cfa868,ERROR,"Cannot assign ""<Employee: Employee object (4d74f0c8-3c17-4150-a075-68bcf8d628c7)>"": ""StockTransaction.created_by"" must be a ""User"" instance."
RECEIVE,405,GCNT00004,093cfa869,ERROR,"Cannot assign ""<Employee: Employee object (4d74f0c8-3c17-4150-a075-68bcf8d628c7)>"": ""StockTransaction.created_by"" must be a ""User"" instance."
RECEIVE,406,GCNT00005,093cfa870,ERROR,"Cannot assign ""<Employee: Employee object (4d74f0c8-3c17-4150-a075-68bcf8d628c7)>"": ""StockTransaction.created_by"" must be a ""User"" instance."
RECEIVE,407,GCNT00006,093cfa871,ERROR,"Cannot assign ""<Employee: Employee object (4d74f0c8-3c17-4150-a075-68bcf8d628c7)>"": ""StockTransaction.created_by"" must be a ""User"" instance."
RECEIVE,408,GCNT00008,093cfa872,ERROR,"Cannot assign ""<Employee: Employee object (4d74f0c8-3c17-4150-a075-68bcf8d628c7)>"": ""StockTransaction.created_by"" must be a ""User"" instance."
RECEIVE,409,GCNT00009,093cfa873,ERROR,"Cannot assign ""<Employee: Employee object (4d74f0c8-3c17-4150-a075-68bcf8d628c7)>"": ""StockTransaction.created_by"" must be a ""User"" instance."
RECEIVE,410,GCNT00010,093cfa874,ERROR,"Cannot assign ""<Employee: Employee object (4d74f0c8-3c17-4150-a075-68bcf8d628c7)>"": ""StockTransaction.created_by"" must be a ""User"" instance."
RECEIVE,411,GCNT00011,093cfa875,ERROR,"Cannot assign ""<Employee: Employee object (4d74f0c8-3c17-4150-a075-68bcf8d628c7)>"": ""StockTransaction.created_by"" must be a ""User"" instance."
RECEIVE,412,GCNT00012,093cfa876,ERROR,"Cannot assign ""<Employee: Employee object (4d74f0c8-3c17-4150-a075-68bcf8d628c7)>"": ""StockTransaction.created_by"" must be a ""User"" instance."
RECEIVE,413,GCNT00013,093cfa877,ERROR,"Cannot assign ""<Employee: Employee object (4d74f0c8-3c17-4150-a075-68bcf8d628c7)>"": ""StockTransaction.created_by"" must be a ""User"" instance."
RECEIVE,414,GCNT00014,093cfa878,ERROR,"Cannot assign ""<Employee: Employee object (4d74f0c8-3c17-4150-a075-68bcf8d628c7)>"": ""StockTransaction.created_by"" must be a ""User"" instance."
RECEIVE,415,GCNT00015,093cfa879,ERROR,"Cannot assign ""<Employee: Employee object (4d74f0c8-3c17-4150-a075-68bcf8d628c7)>"": ""StockTransaction.created_by"" must be a ""User"" instance."
RECEIVE,416,GCNT00016,093cfa880,ERROR,"Cannot assign ""<Employee: Employee object (4d74f0c8-3c17-4150-a075-68bcf8d628c7)>"": ""StockTransaction.created_by"" must be a ""User"" instance."
RECEIVE,417,GCNT00017,093cfa881,ERROR,"Cannot assign ""<Employee: Employee object (4d74f0c8-3c17-4150-a075-68bcf8d628c7)>"": ""StockTransaction.created_by"" must be a ""User"" instance."
RECEIVE,418,GCNT00018,093cfa882,ERROR,"Cannot assign ""<Employee: Employee object (4d74f0c8-3c17-4150-a075-68bcf8d628c7)>"": ""StockTransaction.created_by"" must be a ""User"" instance."
RECEIVE,419,GCNT00019,093cfa883,ERROR,"Cannot assign ""<Employee: Employee object (4d74f0c8-3c17-4150-a075-68bcf8d628c7)>"": ""StockTransaction.created_by"" must be a ""User"" instance."
RECEIVE,420,GCNT00020,093cfa884,ERROR,"Cannot assign ""<Employee: Employee object (4d74f0c8-3c17-4150-a075-68bcf8d628c7)>"": ""StockTransaction.created_by"" must be a ""User"" instance."
RECEIVE,421,GCNT00021,093cfa885,ERROR,"Cannot assign ""<Employee: Employee object (4d74f0c8-3c17-4150-a075-68bcf8d628c7)>"": ""StockTransaction.created_by"" must be a ""User"" instance."
RECEIVE,422,GCNT00022,093cfa886,ERROR,"Cannot assign ""<Employee: Employee object (4d74f0c8-3c17-4150-a075-68bcf8d628c7)>"": ""StockTransaction.created_by"" must be a ""User"" instance."
RECEIVE,423,GCNT00023,093cfa887,ERROR,"Cannot assign ""<Employee: Employee object (4d74f0c8-3c17-4150-a075-68bcf8d628c7)>"": ""StockTransaction.created_by"" must be a ""User"" instance."
RECEIVE,424,GCNT00024,093cfa888,ERROR,"Cannot assign ""<Employee: Employee object (4d74f0c8-3c17-4150-a075-68bcf8d628c7)>"": ""StockTransaction.created_by"" must be a ""User"" instance."
RECEIVE,425,GCNT00025,093cfa889,ERROR,"Cannot assign ""<Employee: Employee object (4d74f0c8-3c17-4150-a075-68bcf8d628c7)>"": ""StockTransaction.created_by"" must be a ""User"" instance."
RECEIVE,426,GCNT00026,093cfa890,ERROR,"Cannot assign ""<Employee: Employee object (4d74f0c8-3c17-4150-a075-68bcf8d628c7)>"": ""StockTransaction.created_by"" must be a ""User"" instance."
RECEIVE,427,GCNT00027,093cfa891,ERROR,"Cannot assign ""<Employee: Employee object (4d74f0c8-3c17-4150-a075-68bcf8d628c7)>"": ""StockTransaction.created_by"" must be a ""User"" instance."
RECEIVE,428,GCNT00028,093cfa892,ERROR,"Cannot assign ""<Employee: Employee object (4d74f0c8-3c17-4150-a075-68bcf8d628c7)>"": ""StockTransaction.created_by"" must be a ""User"" instance."
RECEIVE,429,GCNT00030,093cfa893,ERROR,"Cannot assign ""<Employee: Employee object (4d74f0c8-3c17-4150-a075-68bcf8d628c7)>"": ""StockTransaction.created_by"" must be a ""User"" instance."
RECEIVE,430,GCNT00032,093cfa895,ERROR,"Cannot assign ""<Employee: Employee object (4d74f0c8-3c17-4150-a075-68bcf8d628c7)>"": ""StockTransaction.created_by"" must be a ""User"" instance."
RECEIVE,431,GFUSE00001,093cfa896,ERROR,"Cannot assign ""<Employee: Employee object (4d74f0c8-3c17-4150-a075-68bcf8d628c7)>"": ""StockTransaction.created_by"" must be a ""User"" instance."
RECEIVE,432,GFUSE00002,093cfa897,ERROR,"Cannot assign ""<Employee: Employee object (4d74f0c8-3c17-4150-a075-68bcf8d628c7)>"": ""StockTransaction.created_by"" must be a ""User"" instance."
RECEIVE,433,GFUSE00003,093cfa898,ERROR,"Cannot assign ""<Employee: Employee object (4d74f0c8-3c17-4150-a075-68bcf8d628c7)>"": ""StockTransaction.created_by"" must be a ""User"" instance."
RECEIVE,434,GFUSE00004,093cfa899,ERROR,"Cannot assign ""<Employee: Employee object (4d74f0c8-3c17-4150-a075-68bcf8d628c7)>"": ""StockTransaction.created_by"" must be a ""User"" instance."
RECEIVE,435,GFUSE00005,093cfa900,ERROR,"Cannot assign ""<Employee: Employee object (4d74f0c8-3c17-4150-a075-68bcf8d628c7)>"": ""StockTransaction.created_by"" must be a ""User"" instance."
RECEIVE,436,GFUSE00006,093cfa901,ERROR,"Cannot assign ""<Employee: Employee object (4d74f0c8-3c17-4150-a075-68bcf8d628c7)>"": ""StockTransaction.created_by"" must be a ""User"" instance."
RECEIVE,437,GFUSE00007,093cfa902,ERROR,"Cannot assign ""<Employee: Employee object (4d74f0c8-3c17-4150-a075-68bcf8d628c7)>"": ""StockTransaction.created_by"" must be a ""User"" instance."
RECEIVE,438,GFUSE00008,093cfa903,ERROR,"Cannot assign ""<Employee: Employee object (4d74f0c8-3c17-4150-a075-68bcf8d628c7)>"": ""StockTransaction.created_by"" must be a ""User"" instance."
RECEIVE,439,GFUSE00009,093cfa904,ERROR,"Cannot assign ""<Employee: Employee object (4d74f0c8-3c17-4150-a075-68bcf8d628c7)>"": ""StockTransaction.created_by"" must be a ""User"" instance."
RECEIVE,440,GFUSE00010,093cfa905,ERROR,"Cannot assign ""<Employee: Employee object (4d74f0c8-3c17-4150-a075-68bcf8d628c7)>"": ""StockTransaction.created_by"" must be a ""User"" instance."
RECEIVE,441,GFUSE00011,093cfa906,ERROR,"Cannot assign ""<Employee: Employee object (4d74f0c8-3c17-4150-a075-68bcf8d628c7)>"": ""StockTransaction.created_by"" must be a ""User"" instance."
RECEIVE,442,GFUSE00012,093cfa907,ERROR,"Cannot assign ""<Employee: Employee object (4d74f0c8-3c17-4150-a075-68bcf8d628c7)>"": ""StockTransaction.created_by"" must be a ""User"" instance."
RECEIVE,443,GFUSE00013,093cfa908,ERROR,"Cannot assign ""<Employee: Employee object (4d74f0c8-3c17-4150-a075-68bcf8d628c7)>"": ""StockTransaction.created_by"" must be a ""User"" instance."
RECEIVE,444,GFUSE00014,093cfa909,ERROR,"Cannot assign ""<Employee: Employee object (4d74f0c8-3c17-4150-a075-68bcf8d628c7)>"": ""StockTransaction.created_by"" must be a ""User"" instance."
RECEIVE,445,GFUSE00015,093cfa910,ERROR,"Cannot assign ""<Employee: Employee object (4d74f0c8-3c17-4150-a075-68bcf8d628c7)>"": ""StockTransaction.created_by"" must be a ""User"" instance."
RECEIVE,446,GFUSE00016,093cfa911,ERROR,"Cannot assign ""<Employee: Employee object (4d74f0c8-3c17-4150-a075-68bcf8d628c7)>"": ""StockTransaction.created_by"" must be a ""User"" instance."
RECEIVE,447,GFUSE00017,093cfa912,ERROR,"Cannot assign ""<Employee: Employee object (4d74f0c8-3c17-4150-a075-68bcf8d628c7)>"": ""StockTransaction.created_by"" must be a ""User"" instance."
RECEIVE,448,GFUSE00018,093cfa913,ERROR,"Cannot assign ""<Employee: Employee object (4d74f0c8-3c17-4150-a075-68bcf8d628c7)>"": ""StockTransaction.created_by"" must be a ""User"" instance."
RECEIVE,449,GFUSE00019,093cfa914,ERROR,"Cannot assign ""<Employee: Employee object (4d74f0c8-3c17-4150-a075-68bcf8d628c7)>"": ""StockTransaction.created_by"" must be a ""User"" instance."
RECEIVE,450,GFUSE00020,093cfa915,ERROR,"Cannot assign ""<Employee: Employee object (4d74f0c8-3c17-4150-a075-68bcf8d628c7)>"": ""StockTransaction.created_by"" must be a ""User"" instance."
RECEIVE,451,GFUSE00021,093cfa916,ERROR,"Cannot assign ""<Employee: Employee object (4d74f0c8-3c17-4150-a075-68bcf8d628c7)>"": ""StockTransaction.created_by"" must be a ""User"" instance."
RECEIVE,452,GFUSE00025,093cfa917,ERROR,"Cannot assign ""<Employee: Employee object (4d74f0c8-3c17-4150-a075-68bcf8d628c7)>"": ""StockTransaction.created_by"" must be a ""User"" instance."
RECEIVE,453,GFT00001,093cfa918,ERROR,"Cannot assign ""<Employee: Employee object (4d74f0c8-3c17-4150-a075-68bcf8d628c7)>"": ""StockTransaction.created_by"" must be a ""User"" instance."
RECEIVE,454,GFT00001-A,093cfa919,ERROR,"Cannot assign ""<Employee: Employee object (4d74f0c8-3c17-4150-a075-68bcf8d628c7)>"": ""StockTransaction.created_by"" must be a ""User"" instance."
RECEIVE,455,GFT00003,093cfa920,ERROR,"Cannot assign ""<Employee: Employee object (4d74f0c8-3c17-4150-a075-68bcf8d628c7)>"": ""StockTransaction.created_by"" must be a ""User"" instance."
RECEIVE,456,GFT00004,093cfa921,ERROR,"Cannot assign ""<Employee: Employee object (4d74f0c8-3c17-4150-a075-68bcf8d628c7)>"": ""StockTransaction.created_by"" must be a ""User"" instance."
RECEIVE,457,GFT00005,093cfa922,ERROR,"Cannot assign ""<Employee: Employee object (4d74f0c8-3c17-4150-a075-68bcf8d628c7)>"": ""StockTransaction.created_by"" must be a ""User"" instance."
RECEIVE,458,GFT00006,093cfa923,ERROR,"Cannot assign ""<Employee: Employee object (4d74f0c8-3c17-4150-a075-68bcf8d628c7)>"": ""StockTransaction.created_by"" must be a ""User"" instance."
RECEIVE,459,GFT00007,093cfa924,ERROR,"Cannot assign ""<Employee: Employee object (4d74f0c8-3c17-4150-a075-68bcf8d628c7)>"": ""StockTransaction.created_by"" must be a ""User"" instance."
RECEIVE,460,GFT00008,093cfa925,ERROR,"Cannot assign ""<Employee: Employee object (4d74f0c8-3c17-4150-a075-68bcf8d628c7)>"": ""StockTransaction.created_by"" must be a ""User"" instance."
RECEIVE,461,GFT00009,093cfa926,ERROR,"Cannot assign ""<Employee: Employee object (4d74f0c8-3c17-4150-a075-68bcf8d628c7)>"": ""StockTransaction.created_by"" must be a ""User"" instance."
RECEIVE,462,GFT00010,093cfa927,ERROR,"Cannot assign ""<Employee: Employee object (4d74f0c8-3c17-4150-a075-68bcf8d628c7)>"": ""StockTransaction.created_by"" must be a ""User"" instance."
RECEIVE,463,GFT00011,093cfa928,ERROR,"Cannot assign ""<Employee: Employee object (4d74f0c8-3c17-4150-a075-68bcf8d628c7)>"": ""StockTransaction.created_by"" must be a ""User"" instance."
RECEIVE,464,GFT00012,093cfa929,ERROR,"Cannot assign ""<Employee: Employee object (4d74f0c8-3c17-4150-a075-68bcf8d628c7)>"": ""StockTransaction.created_by"" must be a ""User"" instance."
RECEIVE,465,GFT00013,093cfa930,ERROR,"Cannot assign ""<Employee: Employee object (4d74f0c8-3c17-4150-a075-68bcf8d628c7)>"": ""StockTransaction.created_by"" must be a ""User"" instance."
RECEIVE,466,GFT00014,093cfa931,ERROR,"Cannot assign ""<Employee: Employee object (4d74f0c8-3c17-4150-a075-68bcf8d628c7)>"": ""StockTransaction.created_by"" must be a ""User"" instance."
RECEIVE,467,GFT00015,093cfa932,ERROR,"Cannot assign ""<Employee: Employee object (4d74f0c8-3c17-4150-a075-68bcf8d628c7)>"": ""StockTransaction.created_by"" must be a ""User"" instance."
RECEIVE,468,GFT00016,093cfa933,ERROR,"Cannot assign ""<Employee: Employee object (4d74f0c8-3c17-4150-a075-68bcf8d628c7)>"": ""StockTransaction.created_by"" must be a ""User"" instance."
RECEIVE,469,GFT00017,093cfa934,SKIP,part not found
RECEIVE,470,GFT00018,093cfa935,ERROR,"Cannot assign ""<Employee: Employee object (4d74f0c8-3c17-4150-a075-68bcf8d628c7)>"": ""StockTransaction.created_by"" must be a ""User"" instance."
RECEIVE,471,GFT00019,093cfa936,ERROR,"Cannot assign ""<Employee: Employee object (4d74f0c8-3c17-4150-a075-68bcf8d628c7)>"": ""StockTransaction.created_by"" must be a ""User"" instance."
RECEIVE,472,GFT00020,093cfa937,SKIP,part not found
RECEIVE,473,NFT00021,093cfa938,ERROR,"Cannot assign ""<Employee: Employee object (4d74f0c8-3c17-4150-a075-68bcf8d628c7)>"": ""StockTransaction.created_by"" must be a ""User"" instance."
RECEIVE,474,NFT00022,093cfa939,ERROR,"Cannot assign ""<Employee: Employee object (4d74f0c8-3c17-4150-a075-68bcf8d628c7)>"": ""StockTransaction.created_by"" must be a ""User"" instance."
RECEIVE,475,GFMT00001,093cfa940,ERROR,"Cannot assign ""<Employee: Employee object (4d74f0c8-3c17-4150-a075-68bcf8d628c7)>"": ""StockTransaction.created_by"" must be a ""User"" instance."
RECEIVE,476,GFMT00002,093cfa941,ERROR,"Cannot assign ""<Employee: Employee object (4d74f0c8-3c17-4150-a075-68bcf8d628c7)>"": ""StockTransaction.created_by"" must be a ""User"" instance."
RECEIVE,477,GFMT00003,093cfa942,ERROR,"Cannot assign ""<Employee: Employee object (4d74f0c8-3c17-4150-a075-68bcf8d628c7)>"": ""StockTransaction.created_by"" must be a ""User"" instance."
RECEIVE,478,GFMT00004,093cfa943,ERROR,"Cannot assign ""<Employee: Employee object (4d74f0c8-3c17-4150-a075-68bcf8d628c7)>"": ""StockTransaction.created_by"" must be a ""User"" instance."
RECEIVE,479,GFMT00005,093cfa944,ERROR,"Cannot assign ""<Employee: Employee object (4d74f0c8-3c17-4150-a075-68bcf8d628c7)>"": ""StockTransaction.created_by"" must be a ""User"" instance."
RECEIVE,480,GFMT00006,093cfa945,ERROR,"Cannot assign ""<Employee: Employee object (4d74f0c8-3c17-4150-a075-68bcf8d628c7)>"": ""StockTransaction.created_by"" must be a ""User"" instance."
RECEIVE,481,GFMT00007,093cfa946,ERROR,"duplicate key value violates unique constraint ""core_stocktransaction_transaction_no_key""
DETAIL:  Key (transaction_no)=() already exists."
RECEIVE,482,GFMT00008,093cfa947,ERROR,"Cannot assign ""<Employee: Employee object (4d74f0c8-3c17-4150-a075-68bcf8d628c7)>"": ""StockTransaction.created_by"" must be a ""User"" instance."
RECEIVE,483,GFMT00009,093cfa948,ERROR,"Cannot assign ""<Employee: Employee object (4d74f0c8-3c17-4150-a075-68bcf8d628c7)>"": ""StockTransaction.created_by"" must be a ""User"" instance."
RECEIVE,484,GFMT00010,093cfa949,ERROR,"Cannot assign ""<Employee: Employee object (4d74f0c8-3c17-4150-a075-68bcf8d628c7)>"": ""StockTransaction.created_by"" must be a ""User"" instance."
RECEIVE,485,GFMT00011,093cfa950,ERROR,"Cannot assign ""<Employee: Employee object (4d74f0c8-3c17-4150-a075-68bcf8d628c7)>"": ""StockTransaction.created_by"" must be a ""User"" instance."
RECEIVE,486,GFMT00012,093cfa951,ERROR,"Cannot assign ""<Employee: Employee object (4d74f0c8-3c17-4150-a075-68bcf8d628c7)>"": ""StockTransaction.created_by"" must be a ""User"" instance."
RECEIVE,487,GFMT00013,093cfa952,ERROR,"Cannot assign ""<Employee: Employee object (4d74f0c8-3c17-4150-a075-68bcf8d628c7)>"": ""StockTransaction.created_by"" must be a ""User"" instance."
RECEIVE,488,GFMT00014,093cfa953,ERROR,"Cannot assign ""<Employee: Employee object (4d74f0c8-3c17-4150-a075-68bcf8d628c7)>"": ""StockTransaction.created_by"" must be a ""User"" instance."
RECEIVE,489,GFMT00015,093cfa954,ERROR,"Cannot assign ""<Employee: Employee object (4d74f0c8-3c17-4150-a075-68bcf8d628c7)>"": ""StockTransaction.created_by"" must be a ""User"" instance."
RECEIVE,490,GFMT00016,093cfa955,ERROR,"Cannot assign ""<Employee: Employee object (4d74f0c8-3c17-4150-a075-68bcf8d628c7)>"": ""StockTransaction.created_by"" must be a ""User"" instance."
RECEIVE,491,GFMT00017,093cfa956,ERROR,"Cannot assign ""<Employee: Employee object (4d74f0c8-3c17-4150-a075-68bcf8d628c7)>"": ""StockTransaction.created_by"" must be a ""User"" instance."
RECEIVE,492,GFMT00018,093cfa957,ERROR,"Cannot assign ""<Employee: Employee object (4d74f0c8-3c17-4150-a075-68bcf8d628c7)>"": ""StockTransaction.created_by"" must be a ""User"" instance."
RECEIVE,493,GFMT00019,093cfa958,ERROR,"Cannot assign ""<Employee: Employee object (4d74f0c8-3c17-4150-a075-68bcf8d628c7)>"": ""StockTransaction.created_by"" must be a ""User"" instance."
RECEIVE,494,GFMT00020,093cfa959,ERROR,"Cannot assign ""<Employee: Employee object (4d74f0c8-3c17-4150-a075-68bcf8d628c7)>"": ""StockTransaction.created_by"" must be a ""User"" instance."
RECEIVE,495,GFMT00021,093cfa960,ERROR,"Cannot assign ""<Employee: Employee object (4d74f0c8-3c17-4150-a075-68bcf8d628c7)>"": ""StockTransaction.created_by"" must be a ""User"" instance."
RECEIVE,496,GFMT00024,093cfa961,ERROR,"Cannot assign ""<Employee: Employee object (4d74f0c8-3c17-4150-a075-68bcf8d628c7)>"": ""StockTransaction.created_by"" must be a ""User"" instance."
RECEIVE,497,GFMT00027,093cfa962,ERROR,"Cannot assign ""<Employee: Employee object (4d74f0c8-3c17-4150-a075-68bcf8d628c7)>"": ""StockTransaction.created_by"" must be a ""User"" instance."
RECEIVE,498,GFMT00028,093cfa963,ERROR,"Cannot assign ""<Employee: Employee object (4d74f0c8-3c17-4150-a075-68bcf8d628c7)>"": ""StockTransaction.created_by"" must be a ""User"" instance."
RECEIVE,499,GFMT00029,093cfa964,ERROR,"Cannot assign ""<Employee: Employee object (4d74f0c8-3c17-4150-a075-68bcf8d628c7)>"": ""StockTransaction.created_by"" must be a ""User"" instance."
RECEIVE,500,GFMT00030,093cfa965,ERROR,"Cannot assign ""<Employee: Employee object (4d74f0c8-3c17-4150-a075-68bcf8d628c7)>"": ""StockTransaction.created_by"" must be a ""User"" instance."
RECEIVE,501,GFMT00031,093cfa966,ERROR,"Cannot assign ""<Employee: Employee object (4d74f0c8-3c17-4150-a075-68bcf8d628c7)>"": ""StockTransaction.created_by"" must be a ""User"" instance."
RECEIVE,502,GFMT00033,093cfa967,ERROR,"Cannot assign ""<Employee: Employee object (4d74f0c8-3c17-4150-a075-68bcf8d628c7)>"": ""StockTransaction.created_by"" must be a ""User"" instance."
RECEIVE,503,GFMT00034,093cfa968,ERROR,"Cannot assign ""<Employee: Employee object (4d74f0c8-3c17-4150-a075-68bcf8d628c7)>"": ""StockTransaction.created_by"" must be a ""User"" instance."
RECEIVE,504,GFMT00035,093cfa969,ERROR,"Cannot assign ""<Employee: Employee object (4d74f0c8-3c17-4150-a075-68bcf8d628c7)>"": ""StockTransaction.created_by"" must be a ""User"" instance."
RECEIVE,505,GFMT00036,093cfa970,ERROR,"Cannot assign ""<Employee: Employee object (4d74f0c8-3c17-4150-a075-68bcf8d628c7)>"": ""StockTransaction.created_by"" must be a ""User"" instance."
RECEIVE,506,GFMT00037,093cfa971,ERROR,"Cannot assign ""<Employee: Employee object (4d74f0c8-3c17-4150-a075-68bcf8d628c7)>"": ""StockTransaction.created_by"" must be a ""User"" instance."
RECEIVE,507,GPLC00001,093cfa972,ERROR,"Cannot assign ""<Employee: Employee object (4d74f0c8-3c17-4150-a075-68bcf8d628c7)>"": ""StockTransaction.created_by"" must be a ""User"" instance."
RECEIVE,508,GPLC00002,093cfa973,ERROR,"Cannot assign ""<Employee: Employee object (4d74f0c8-3c17-4150-a075-68bcf8d628c7)>"": ""StockTransaction.created_by"" must be a ""User"" instance."
RECEIVE,509,GPLC00003,093cfa974,ERROR,"Cannot assign ""<Employee: Employee object (4d74f0c8-3c17-4150-a075-68bcf8d628c7)>"": ""StockTransaction.created_by"" must be a ""User"" instance."
RECEIVE,510,GPLC00004,093cfa975,ERROR,"Cannot assign ""<Employee: Employee object (4d74f0c8-3c17-4150-a075-68bcf8d628c7)>"": ""StockTransaction.created_by"" must be a ""User"" instance."
RECEIVE,511,GPLC00005,093cfa976,ERROR,"Cannot assign ""<Employee: Employee object (4d74f0c8-3c17-4150-a075-68bcf8d628c7)>"": ""StockTransaction.created_by"" must be a ""User"" instance."
RECEIVE,512,GPLC00007,093cfa977,ERROR,"Cannot assign ""<Employee: Employee object (4d74f0c8-3c17-4150-a075-68bcf8d628c7)>"": ""StockTransaction.created_by"" must be a ""User"" instance."
RECEIVE,513,GPLC00008,093cfa978,ERROR,"Cannot assign ""<Employee: Employee object (4d74f0c8-3c17-4150-a075-68bcf8d628c7)>"": ""StockTransaction.created_by"" must be a ""User"" instance."
RECEIVE,514,GPLC00009,093cfa979,ERROR,"Cannot assign ""<Employee: Employee object (4d74f0c8-3c17-4150-a075-68bcf8d628c7)>"": ""StockTransaction.created_by"" must be a ""User"" instance."
RECEIVE,515,GPLC00010,093cfa980,ERROR,"Cannot assign ""<Employee: Employee object (4d74f0c8-3c17-4150-a075-68bcf8d628c7)>"": ""StockTransaction.created_by"" must be a ""User"" instance."
RECEIVE,516,GPLC00011,093cfa981,ERROR,"Cannot assign ""<Employee: Employee object (4d74f0c8-3c17-4150-a075-68bcf8d628c7)>"": ""StockTransaction.created_by"" must be a ""User"" instance."
RECEIVE,517,GPLC00012,093cfa982,ERROR,"Cannot assign ""<Employee: Employee object (4d74f0c8-3c17-4150-a075-68bcf8d628c7)>"": ""StockTransaction.created_by"" must be a ""User"" instance."
RECEIVE,518,GPLC00013,093cfa983,ERROR,"Cannot assign ""<Employee: Employee object (4d74f0c8-3c17-4150-a075-68bcf8d628c7)>"": ""StockTransaction.created_by"" must be a ""User"" instance."
RECEIVE,519,GPLC00016,093cfa984,ERROR,"Cannot assign ""<Employee: Employee object (4d74f0c8-3c17-4150-a075-68bcf8d628c7)>"": ""StockTransaction.created_by"" must be a ""User"" instance."
RECEIVE,520,GPLC00017,093cfa985,ERROR,"Cannot assign ""<Employee: Employee object (4d74f0c8-3c17-4150-a075-68bcf8d628c7)>"": ""StockTransaction.created_by"" must be a ""User"" instance."
RECEIVE,521,GPLC00018,093cfa986,ERROR,"Cannot assign ""<Employee: Employee object (4d74f0c8-3c17-4150-a075-68bcf8d628c7)>"": ""StockTransaction.created_by"" must be a ""User"" instance."
RECEIVE,522,GPS00001,093cfa987,ERROR,"Cannot assign ""<Employee: Employee object (4d74f0c8-3c17-4150-a075-68bcf8d628c7)>"": ""StockTransaction.created_by"" must be a ""User"" instance."
RECEIVE,523,GPS00002,093cfa988,ERROR,"Cannot assign ""<Employee: Employee object (4d74f0c8-3c17-4150-a075-68bcf8d628c7)>"": ""StockTransaction.created_by"" must be a ""User"" instance."
RECEIVE,524,GPS00003,093cfa989,ERROR,"Cannot assign ""<Employee: Employee object (4d74f0c8-3c17-4150-a075-68bcf8d628c7)>"": ""StockTransaction.created_by"" must be a ""User"" instance."
RECEIVE,525,GPS00004,093cfa990,ERROR,"Cannot assign ""<Employee: Employee object (4d74f0c8-3c17-4150-a075-68bcf8d628c7)>"": ""StockTransaction.created_by"" must be a ""User"" instance."
RECEIVE,526,GPS00005,093cfa991,ERROR,"Cannot assign ""<Employee: Employee object (4d74f0c8-3c17-4150-a075-68bcf8d628c7)>"": ""StockTransaction.created_by"" must be a ""User"" instance."
RECEIVE,527,GPS00005,093cfa992,ERROR,"Cannot assign ""<Employee: Employee object (4d74f0c8-3c17-4150-a075-68bcf8d628c7)>"": ""StockTransaction.created_by"" must be a ""User"" instance."
RECEIVE,528,GPS00006,093cfa993,ERROR,"Cannot assign ""<Employee: Employee object (4d74f0c8-3c17-4150-a075-68bcf8d628c7)>"": ""StockTransaction.created_by"" must be a ""User"" instance."
RECEIVE,529,GPS00006,093cfa994,ERROR,"Cannot assign ""<Employee: Employee object (4d74f0c8-3c17-4150-a075-68bcf8d628c7)>"": ""StockTransaction.created_by"" must be a ""User"" instance."
RECEIVE,530,GPS00007,093cfa995,ERROR,"Cannot assign ""<Employee: Employee object (4d74f0c8-3c17-4150-a075-68bcf8d628c7)>"": ""StockTransaction.created_by"" must be a ""User"" instance."
RECEIVE,531,GPS00007,093cfa996,ERROR,"Cannot assign ""<Employee: Employee object (4d74f0c8-3c17-4150-a075-68bcf8d628c7)>"": ""StockTransaction.created_by"" must be a ""User"" instance."
RECEIVE,532,GPS00008,093cfa997,ERROR,"Cannot assign ""<Employee: Employee object (4d74f0c8-3c17-4150-a075-68bcf8d628c7)>"": ""StockTransaction.created_by"" must be a ""User"" instance."
RECEIVE,533,GPS00009,093cfa998,ERROR,"Cannot assign ""<Employee: Employee object (4d74f0c8-3c17-4150-a075-68bcf8d628c7)>"": ""StockTransaction.created_by"" must be a ""User"" instance."
RECEIVE,534,GPS00010,093cfa999,ERROR,"Cannot assign ""<Employee: Employee object (4d74f0c8-3c17-4150-a075-68bcf8d628c7)>"": ""StockTransaction.created_by"" must be a ""User"" instance."
RECEIVE,535,GPS00010,093cfa1000,ERROR,"Cannot assign ""<Employee: Employee object (4d74f0c8-3c17-4150-a075-68bcf8d628c7)>"": ""StockTransaction.created_by"" must be a ""User"" instance."
RECEIVE,536,GPS00011,093cfa1001,ERROR,"Cannot assign ""<Employee: Employee object (4d74f0c8-3c17-4150-a075-68bcf8d628c7)>"": ""StockTransaction.created_by"" must be a ""User"" instance."
RECEIVE,537,GPS00012,093cfa1002,ERROR,"Cannot assign ""<Employee: Employee object (4d74f0c8-3c17-4150-a075-68bcf8d628c7)>"": ""StockTransaction.created_by"" must be a ""User"" instance."
RECEIVE,538,GPS00013,093cfa1003,ERROR,"Cannot assign ""<Employee: Employee object (4d74f0c8-3c17-4150-a075-68bcf8d628c7)>"": ""StockTransaction.created_by"" must be a ""User"" instance."
RECEIVE,539,GPS00014,093cfa1004,ERROR,"Cannot assign ""<Employee: Employee object (4d74f0c8-3c17-4150-a075-68bcf8d628c7)>"": ""StockTransaction.created_by"" must be a ""User"" instance."
RECEIVE,540,GPS00015,093cfa1005,ERROR,"Cannot assign ""<Employee: Employee object (4d74f0c8-3c17-4150-a075-68bcf8d628c7)>"": ""StockTransaction.created_by"" must be a ""User"" instance."
RECEIVE,541,GPS00017,093cfa1006,ERROR,"Cannot assign ""<Employee: Employee object (4d74f0c8-3c17-4150-a075-68bcf8d628c7)>"": ""StockTransaction.created_by"" must be a ""User"" instance."
RECEIVE,542,GPS00018,093cfa1007,ERROR,"Cannot assign ""<Employee: Employee object (4d74f0c8-3c17-4150-a075-68bcf8d628c7)>"": ""StockTransaction.created_by"" must be a ""User"" instance."
RECEIVE,543,GPS00019,093cfa1008,ERROR,"Cannot assign ""<Employee: Employee object (4d74f0c8-3c17-4150-a075-68bcf8d628c7)>"": ""StockTransaction.created_by"" must be a ""User"" instance."
RECEIVE,544,GPS00020,093cfa1009,ERROR,"Cannot assign ""<Employee: Employee object (4d74f0c8-3c17-4150-a075-68bcf8d628c7)>"": ""StockTransaction.created_by"" must be a ""User"" instance."
RECEIVE,545,GTFM00001,093cfa1010,ERROR,"Cannot assign ""<Employee: Employee object (4d74f0c8-3c17-4150-a075-68bcf8d628c7)>"": ""StockTransaction.created_by"" must be a ""User"" instance."
RECEIVE,546,GTFM00002,093cfa1011,ERROR,"Cannot assign ""<Employee: Employee object (4d74f0c8-3c17-4150-a075-68bcf8d628c7)>"": ""StockTransaction.created_by"" must be a ""User"" instance."
RECEIVE,547,GTFM00003,093cfa1012,ERROR,"Cannot assign ""<Employee: Employee object (4d74f0c8-3c17-4150-a075-68bcf8d628c7)>"": ""StockTransaction.created_by"" must be a ""User"" instance."
RECEIVE,548,GTFM00004,093cfa1013,ERROR,"Cannot assign ""<Employee: Employee object (4d74f0c8-3c17-4150-a075-68bcf8d628c7)>"": ""StockTransaction.created_by"" must be a ""User"" instance."
RECEIVE,549,GTFM00005,093cfa1014,ERROR,"Cannot assign ""<Employee: Employee object (4d74f0c8-3c17-4150-a075-68bcf8d628c7)>"": ""StockTransaction.created_by"" must be a ""User"" instance."
RECEIVE,550,GTFM00006,093cfa1015,ERROR,"Cannot assign ""<Employee: Employee object (4d74f0c8-3c17-4150-a075-68bcf8d628c7)>"": ""StockTransaction.created_by"" must be a ""User"" instance."
RECEIVE,551,GTFM00007,093cfa1016,ERROR,"Cannot assign ""<Employee: Employee object (4d74f0c8-3c17-4150-a075-68bcf8d628c7)>"": ""StockTransaction.created_by"" must be a ""User"" instance."
RECEIVE,552,GTFM00008,093cfa1017,ERROR,"Cannot assign ""<Employee: Employee object (4d74f0c8-3c17-4150-a075-68bcf8d628c7)>"": ""StockTransaction.created_by"" must be a ""User"" instance."
RECEIVE,553,GTFM00009,093cfa1018,ERROR,"Cannot assign ""<Employee: Employee object (4d74f0c8-3c17-4150-a075-68bcf8d628c7)>"": ""StockTransaction.created_by"" must be a ""User"" instance."
RECEIVE,554,GTFM00010,093cfa1019,ERROR,"Cannot assign ""<Employee: Employee object (4d74f0c8-3c17-4150-a075-68bcf8d628c7)>"": ""StockTransaction.created_by"" must be a ""User"" instance."
RECEIVE,555,GTFM00011,093cfa1020,ERROR,"Cannot assign ""<Employee: Employee object (4d74f0c8-3c17-4150-a075-68bcf8d628c7)>"": ""StockTransaction.created_by"" must be a ""User"" instance."
RECEIVE,556,GTFM00012,093cfa1021,ERROR,"Cannot assign ""<Employee: Employee object (4d74f0c8-3c17-4150-a075-68bcf8d628c7)>"": ""StockTransaction.created_by"" must be a ""User"" instance."
RECEIVE,557,GTFM00013,093cfa1022,ERROR,"Cannot assign ""<Employee: Employee object (4d74f0c8-3c17-4150-a075-68bcf8d628c7)>"": ""StockTransaction.created_by"" must be a ""User"" instance."
RECEIVE,558,GTFM00014,093cfa1023,ERROR,"Cannot assign ""<Employee: Employee object (4d74f0c8-3c17-4150-a075-68bcf8d628c7)>"": ""StockTransaction.created_by"" must be a ""User"" instance."
RECEIVE,559,GTFM00015,093cfa1024,ERROR,"Cannot assign ""<Employee: Employee object (4d74f0c8-3c17-4150-a075-68bcf8d628c7)>"": ""StockTransaction.created_by"" must be a ""User"" instance."
RECEIVE,560,GPLUG00001,093cfa1025,ERROR,"Cannot assign ""<Employee: Employee object (4d74f0c8-3c17-4150-a075-68bcf8d628c7)>"": ""StockTransaction.created_by"" must be a ""User"" instance."
RECEIVE,561,GPLUG00002,093cfa1026,ERROR,"Cannot assign ""<Employee: Employee object (4d74f0c8-3c17-4150-a075-68bcf8d628c7)>"": ""StockTransaction.created_by"" must be a ""User"" instance."
RECEIVE,562,GPLUG00003,093cfa1027,ERROR,"Cannot assign ""<Employee: Employee object (4d74f0c8-3c17-4150-a075-68bcf8d628c7)>"": ""StockTransaction.created_by"" must be a ""User"" instance."
RECEIVE,563,GPLUG00004,093cfa1029,ERROR,"Cannot assign ""<Employee: Employee object (4d74f0c8-3c17-4150-a075-68bcf8d628c7)>"": ""StockTransaction.created_by"" must be a ""User"" instance."
RECEIVE,564,GPLUG00005,093cfa1030,ERROR,"Cannot assign ""<Employee: Employee object (4d74f0c8-3c17-4150-a075-68bcf8d628c7)>"": ""StockTransaction.created_by"" must be a ""User"" instance."
RECEIVE,565,GPLUG00006,093cfa1031,ERROR,"Cannot assign ""<Employee: Employee object (4d74f0c8-3c17-4150-a075-68bcf8d628c7)>"": ""StockTransaction.created_by"" must be a ""User"" instance."
RECEIVE,566,GPLUG00007,093cfa1032,ERROR,"Cannot assign ""<Employee: Employee object (4d74f0c8-3c17-4150-a075-68bcf8d628c7)>"": ""StockTransaction.created_by"" must be a ""User"" instance."
RECEIVE,567,GPLUG00008,093cfa1033,ERROR,"Cannot assign ""<Employee: Employee object (4d74f0c8-3c17-4150-a075-68bcf8d628c7)>"": ""StockTransaction.created_by"" must be a ""User"" instance."
RECEIVE,568,GPLUG00009,093cfa1034,ERROR,"Cannot assign ""<Employee: Employee object (4d74f0c8-3c17-4150-a075-68bcf8d628c7)>"": ""StockTransaction.created_by"" must be a ""User"" instance."
RECEIVE,569,GCOUP00001,093cfa1035,ERROR,"Cannot assign ""<Employee: Employee object (4d74f0c8-3c17-4150-a075-68bcf8d628c7)>"": ""StockTransaction.created_by"" must be a ""User"" instance."
RECEIVE,570,GCOUP00002,093cfa1036,ERROR,"Cannot assign ""<Employee: Employee object (4d74f0c8-3c17-4150-a075-68bcf8d628c7)>"": ""StockTransaction.created_by"" must be a ""User"" instance."
RECEIVE,571,GCOUP00003,093cfa1037,ERROR,"Cannot assign ""<Employee: Employee object (4d74f0c8-3c17-4150-a075-68bcf8d628c7)>"": ""StockTransaction.created_by"" must be a ""User"" instance."
RECEIVE,572,GCOUP00004,093cfa1038,ERROR,"Cannot assign ""<Employee: Employee object (4d74f0c8-3c17-4150-a075-68bcf8d628c7)>"": ""StockTransaction.created_by"" must be a ""User"" instance."
RECEIVE,573,GCOUP00005,093cfa1039,ERROR,"Cannot assign ""<Employee: Employee object (4d74f0c8-3c17-4150-a075-68bcf8d628c7)>"": ""StockTransaction.created_by"" must be a ""User"" instance."
RECEIVE,574,GCOUP00006,093cfa1040,ERROR,"Cannot assign ""<Employee: Employee object (4d74f0c8-3c17-4150-a075-68bcf8d628c7)>"": ""StockTransaction.created_by"" must be a ""User"" instance."
RECEIVE,575,GCOUP00007,093cfa1041,ERROR,"Cannot assign ""<Employee: Employee object (4d74f0c8-3c17-4150-a075-68bcf8d628c7)>"": ""StockTransaction.created_by"" must be a ""User"" instance."
RECEIVE,576,GCOUP00008,093cfa1042,ERROR,"Cannot assign ""<Employee: Employee object (4d74f0c8-3c17-4150-a075-68bcf8d628c7)>"": ""StockTransaction.created_by"" must be a ""User"" instance."
RECEIVE,577,GCOUP00008,093cfa1043,ERROR,"Cannot assign ""<Employee: Employee object (4d74f0c8-3c17-4150-a075-68bcf8d628c7)>"": ""StockTransaction.created_by"" must be a ""User"" instance."
RECEIVE,578,GCOUP00009,093cfa1044,ERROR,"Cannot assign ""<Employee: Employee object (4d74f0c8-3c17-4150-a075-68bcf8d628c7)>"": ""StockTransaction.created_by"" must be a ""User"" instance."
RECEIVE,579,GCOUP00010,093cfa1045,ERROR,"Cannot assign ""<Employee: Employee object (4d74f0c8-3c17-4150-a075-68bcf8d628c7)>"": ""StockTransaction.created_by"" must be a ""User"" instance."
RECEIVE,580,GCOUP00011,093cfa1046,ERROR,"Cannot assign ""<Employee: Employee object (4d74f0c8-3c17-4150-a075-68bcf8d628c7)>"": ""StockTransaction.created_by"" must be a ""User"" instance."
RECEIVE,581,GCOUP00012,093cfa1047,ERROR,"Cannot assign ""<Employee: Employee object (4d74f0c8-3c17-4150-a075-68bcf8d628c7)>"": ""StockTransaction.created_by"" must be a ""User"" instance."
RECEIVE,582,GCOUP00013,093cfa1048,ERROR,"Cannot assign ""<Employee: Employee object (4d74f0c8-3c17-4150-a075-68bcf8d628c7)>"": ""StockTransaction.created_by"" must be a ""User"" instance."
RECEIVE,583,GCOUP00014,093cfa1049,ERROR,"Cannot assign ""<Employee: Employee object (4d74f0c8-3c17-4150-a075-68bcf8d628c7)>"": ""StockTransaction.created_by"" must be a ""User"" instance."
RECEIVE,584,GCOUP00015,093cfa1050,ERROR,"Cannot assign ""<Employee: Employee object (4d74f0c8-3c17-4150-a075-68bcf8d628c7)>"": ""StockTransaction.created_by"" must be a ""User"" instance."
RECEIVE,585,GCOUP00016,093cfa1051,ERROR,"Cannot assign ""<Employee: Employee object (4d74f0c8-3c17-4150-a075-68bcf8d628c7)>"": ""StockTransaction.created_by"" must be a ""User"" instance."
RECEIVE,586,GCOUP00017,093cfa1052,ERROR,"Cannot assign ""<Employee: Employee object (4d74f0c8-3c17-4150-a075-68bcf8d628c7)>"": ""StockTransaction.created_by"" must be a ""User"" instance."
RECEIVE,587,GCOUP00018,093cfa1053,ERROR,"Cannot assign ""<Employee: Employee object (4d74f0c8-3c17-4150-a075-68bcf8d628c7)>"": ""StockTransaction.created_by"" must be a ""User"" instance."
RECEIVE,588,GCOUP00019,093cfa1054,ERROR,"Cannot assign ""<Employee: Employee object (4d74f0c8-3c17-4150-a075-68bcf8d628c7)>"": ""StockTransaction.created_by"" must be a ""User"" instance."
RECEIVE,589,GCOUP00020,093cfa1055,ERROR,"Cannot assign ""<Employee: Employee object (4d74f0c8-3c17-4150-a075-68bcf8d628c7)>"": ""StockTransaction.created_by"" must be a ""User"" instance."
RECEIVE,590,GCOUP00021,093cfa1056,ERROR,"Cannot assign ""<Employee: Employee object (4d74f0c8-3c17-4150-a075-68bcf8d628c7)>"": ""StockTransaction.created_by"" must be a ""User"" instance."
RECEIVE,591,GCOUP00022,093cfa1057,ERROR,"Cannot assign ""<Employee: Employee object (4d74f0c8-3c17-4150-a075-68bcf8d628c7)>"": ""StockTransaction.created_by"" must be a ""User"" instance."
RECEIVE,592,GMNP00001,093cfa1058,ERROR,"Cannot assign ""<Employee: Employee object (4d74f0c8-3c17-4150-a075-68bcf8d628c7)>"": ""StockTransaction.created_by"" must be a ""User"" instance."
RECEIVE,593,GMNP00002,093cfa1059,ERROR,"Cannot assign ""<Employee: Employee object (4d74f0c8-3c17-4150-a075-68bcf8d628c7)>"": ""StockTransaction.created_by"" must be a ""User"" instance."
RECEIVE,594,GMNP00003,093cfa1060,ERROR,"Cannot assign ""<Employee: Employee object (4d74f0c8-3c17-4150-a075-68bcf8d628c7)>"": ""StockTransaction.created_by"" must be a ""User"" instance."
RECEIVE,595,GMNP00004,093cfa1061,ERROR,"Cannot assign ""<Employee: Employee object (4d74f0c8-3c17-4150-a075-68bcf8d628c7)>"": ""StockTransaction.created_by"" must be a ""User"" instance."
RECEIVE,596,GMNP00005,093cfa1062,ERROR,"Cannot assign ""<Employee: Employee object (4d74f0c8-3c17-4150-a075-68bcf8d628c7)>"": ""StockTransaction.created_by"" must be a ""User"" instance."
RECEIVE,597,GMNP00006,093cfa1063,ERROR,"Cannot assign ""<Employee: Employee object (4d74f0c8-3c17-4150-a075-68bcf8d628c7)>"": ""StockTransaction.created_by"" must be a ""User"" instance."
RECEIVE,598,GMNP00007,093cfa1064,ERROR,"Cannot assign ""<Employee: Employee object (4d74f0c8-3c17-4150-a075-68bcf8d628c7)>"": ""StockTransaction.created_by"" must be a ""User"" instance."
RECEIVE,599,GMNP00008,093cfa1065,ERROR,"Cannot assign ""<Employee: Employee object (4d74f0c8-3c17-4150-a075-68bcf8d628c7)>"": ""StockTransaction.created_by"" must be a ""User"" instance."
RECEIVE,600,GMNP00009,093cfa1066,ERROR,"Cannot assign ""<Employee: Employee object (4d74f0c8-3c17-4150-a075-68bcf8d628c7)>"": ""StockTransaction.created_by"" must be a ""User"" instance."
RECEIVE,601,GMNP00010,093cfa1067,ERROR,"Cannot assign ""<Employee: Employee object (4d74f0c8-3c17-4150-a075-68bcf8d628c7)>"": ""StockTransaction.created_by"" must be a ""User"" instance."
RECEIVE,602,GMNP00011,093cfa1068,ERROR,"Cannot assign ""<Employee: Employee object (4d74f0c8-3c17-4150-a075-68bcf8d628c7)>"": ""StockTransaction.created_by"" must be a ""User"" instance."
RECEIVE,603,GMNP00012,093cfa1069,ERROR,"Cannot assign ""<Employee: Employee object (4d74f0c8-3c17-4150-a075-68bcf8d628c7)>"": ""StockTransaction.created_by"" must be a ""User"" instance."
RECEIVE,604,GMNP00013,093cfa1070,ERROR,"Cannot assign ""<Employee: Employee object (4d74f0c8-3c17-4150-a075-68bcf8d628c7)>"": ""StockTransaction.created_by"" must be a ""User"" instance."
RECEIVE,605,GMNP00014,093cfa1071,ERROR,"Cannot assign ""<Employee: Employee object (4d74f0c8-3c17-4150-a075-68bcf8d628c7)>"": ""StockTransaction.created_by"" must be a ""User"" instance."
RECEIVE,606,GMNP00015,093cfa1072,ERROR,"Cannot assign ""<Employee: Employee object (4d74f0c8-3c17-4150-a075-68bcf8d628c7)>"": ""StockTransaction.created_by"" must be a ""User"" instance."
RECEIVE,607,GMNP00016,093cfa1073,ERROR,"Cannot assign ""<Employee: Employee object (4d74f0c8-3c17-4150-a075-68bcf8d628c7)>"": ""StockTransaction.created_by"" must be a ""User"" instance."
RECEIVE,608,GMNP00017,093cfa1074,ERROR,"Cannot assign ""<Employee: Employee object (4d74f0c8-3c17-4150-a075-68bcf8d628c7)>"": ""StockTransaction.created_by"" must be a ""User"" instance."
RECEIVE,609,GMNP00018,093cfa1075,ERROR,"Cannot assign ""<Employee: Employee object (4d74f0c8-3c17-4150-a075-68bcf8d628c7)>"": ""StockTransaction.created_by"" must be a ""User"" instance."
RECEIVE,610,GMNP00019,093cfa1076,ERROR,"Cannot assign ""<Employee: Employee object (4d74f0c8-3c17-4150-a075-68bcf8d628c7)>"": ""StockTransaction.created_by"" must be a ""User"" instance."
RECEIVE,611,GMNP00020,093cfa1077,ERROR,"Cannot assign ""<Employee: Employee object (4d74f0c8-3c17-4150-a075-68bcf8d628c7)>"": ""StockTransaction.created_by"" must be a ""User"" instance."
RECEIVE,612,GMNP00021,093cfa1078,ERROR,"Cannot assign ""<Employee: Employee object (4d74f0c8-3c17-4150-a075-68bcf8d628c7)>"": ""StockTransaction.created_by"" must be a ""User"" instance."
RECEIVE,613,GMNP00022,093cfa1079,ERROR,"Cannot assign ""<Employee: Employee object (4d74f0c8-3c17-4150-a075-68bcf8d628c7)>"": ""StockTransaction.created_by"" must be a ""User"" instance."
RECEIVE,614,GMNP00023,093cfa1080,ERROR,"Cannot assign ""<Employee: Employee object (4d74f0c8-3c17-4150-a075-68bcf8d628c7)>"": ""StockTransaction.created_by"" must be a ""User"" instance."
RECEIVE,615,GMNP00024,093cfa1081,ERROR,"Cannot assign ""<Employee: Employee object (4d74f0c8-3c17-4150-a075-68bcf8d628c7)>"": ""StockTransaction.created_by"" must be a ""User"" instance."
RECEIVE,616,GMNP00025,093cfa1082,ERROR,"Cannot assign ""<Employee: Employee object (4d74f0c8-3c17-4150-a075-68bcf8d628c7)>"": ""StockTransaction.created_by"" must be a ""User"" instance."
RECEIVE,617,GMNP00026,093cfa1083,ERROR,"Cannot assign ""<Employee: Employee object (4d74f0c8-3c17-4150-a075-68bcf8d628c7)>"": ""StockTransaction.created_by"" must be a ""User"" instance."
RECEIVE,618,GMNP00027,093cfa1084,ERROR,"Cannot assign ""<Employee: Employee object (4d74f0c8-3c17-4150-a075-68bcf8d628c7)>"": ""StockTransaction.created_by"" must be a ""User"" instance."
RECEIVE,619,GMNP00028,093cfa1085,ERROR,"Cannot assign ""<Employee: Employee object (4d74f0c8-3c17-4150-a075-68bcf8d628c7)>"": ""StockTransaction.created_by"" must be a ""User"" instance."
RECEIVE,620,GMNP00029,093cfa1086,ERROR,"Cannot assign ""<Employee: Employee object (4d74f0c8-3c17-4150-a075-68bcf8d628c7)>"": ""StockTransaction.created_by"" must be a ""User"" instance."
RECEIVE,621,GMNP00030,093cfa1087,ERROR,"Cannot assign ""<Employee: Employee object (4d74f0c8-3c17-4150-a075-68bcf8d628c7)>"": ""StockTransaction.created_by"" must be a ""User"" instance."
RECEIVE,622,GMNP00031,093cfa1088,ERROR,"Cannot assign ""<Employee: Employee object (4d74f0c8-3c17-4150-a075-68bcf8d628c7)>"": ""StockTransaction.created_by"" must be a ""User"" instance."
RECEIVE,623,GMNP00032,093cfa1089,ERROR,"Cannot assign ""<Employee: Employee object (4d74f0c8-3c17-4150-a075-68bcf8d628c7)>"": ""StockTransaction.created_by"" must be a ""User"" instance."
RECEIVE,624,GMNP00033,093cfa1090,ERROR,"Cannot assign ""<Employee: Employee object (4d74f0c8-3c17-4150-a075-68bcf8d628c7)>"": ""StockTransaction.created_by"" must be a ""User"" instance."
RECEIVE,625,GMNP00034,093cfa1091,ERROR,"Cannot assign ""<Employee: Employee object (4d74f0c8-3c17-4150-a075-68bcf8d628c7)>"": ""StockTransaction.created_by"" must be a ""User"" instance."
RECEIVE,626,GMNP00035,093cfa1092,ERROR,"Cannot assign ""<Employee: Employee object (4d74f0c8-3c17-4150-a075-68bcf8d628c7)>"": ""StockTransaction.created_by"" must be a ""User"" instance."
RECEIVE,627,GMNP00036,093cfa1093,ERROR,"Cannot assign ""<Employee: Employee object (4d74f0c8-3c17-4150-a075-68bcf8d628c7)>"": ""StockTransaction.created_by"" must be a ""User"" instance."
RECEIVE,628,GMNP00037,093cfa1094,ERROR,"Cannot assign ""<Employee: Employee object (4d74f0c8-3c17-4150-a075-68bcf8d628c7)>"": ""StockTransaction.created_by"" must be a ""User"" instance."
RECEIVE,629,GMNP00038,093cfa1095,ERROR,"Cannot assign ""<Employee: Employee object (4d74f0c8-3c17-4150-a075-68bcf8d628c7)>"": ""StockTransaction.created_by"" must be a ""User"" instance."
RECEIVE,630,GMNP00039,093cfa1096,ERROR,"Cannot assign ""<Employee: Employee object (4d74f0c8-3c17-4150-a075-68bcf8d628c7)>"": ""StockTransaction.created_by"" must be a ""User"" instance."
RECEIVE,631,GMNP00040,093cfa1097,ERROR,"Cannot assign ""<Employee: Employee object (4d74f0c8-3c17-4150-a075-68bcf8d628c7)>"": ""StockTransaction.created_by"" must be a ""User"" instance."
RECEIVE,632,GMNP00041,093cfa1098,ERROR,"Cannot assign ""<Employee: Employee object (4d74f0c8-3c17-4150-a075-68bcf8d628c7)>"": ""StockTransaction.created_by"" must be a ""User"" instance."
RECEIVE,633,GMNP00042,093cfa1099,ERROR,"Cannot assign ""<Employee: Employee object (4d74f0c8-3c17-4150-a075-68bcf8d628c7)>"": ""StockTransaction.created_by"" must be a ""User"" instance."
RECEIVE,634,GMNP00044,093cfa1100,ERROR,"Cannot assign ""<Employee: Employee object (4d74f0c8-3c17-4150-a075-68bcf8d628c7)>"": ""StockTransaction.created_by"" must be a ""User"" instance."
RECEIVE,635,GMNP00045,093cfa1101,ERROR,"Cannot assign ""<Employee: Employee object (4d74f0c8-3c17-4150-a075-68bcf8d628c7)>"": ""StockTransaction.created_by"" must be a ""User"" instance."
RECEIVE,636,GMNP00046,093cfa1102,ERROR,"Cannot assign ""<Employee: Employee object (4d74f0c8-3c17-4150-a075-68bcf8d628c7)>"": ""StockTransaction.created_by"" must be a ""User"" instance."
RECEIVE,637,GMNP00047,093cfa1103,ERROR,"Cannot assign ""<Employee: Employee object (4d74f0c8-3c17-4150-a075-68bcf8d628c7)>"": ""StockTransaction.created_by"" must be a ""User"" instance."
RECEIVE,638,GMNP00048,093cfa1104,ERROR,"Cannot assign ""<Employee: Employee object (4d74f0c8-3c17-4150-a075-68bcf8d628c7)>"": ""StockTransaction.created_by"" must be a ""User"" instance."
RECEIVE,639,GMNP00049,093cfa1105,ERROR,"Cannot assign ""<Employee: Employee object (4d74f0c8-3c17-4150-a075-68bcf8d628c7)>"": ""StockTransaction.created_by"" must be a ""User"" instance."
RECEIVE,640,GPVC00001,093cfa1106,ERROR,"Cannot assign ""<Employee: Employee object (4d74f0c8-3c17-4150-a075-68bcf8d628c7)>"": ""StockTransaction.created_by"" must be a ""User"" instance."
RECEIVE,641,GPVC00002,093cfa1107,ERROR,"Cannot assign ""<Employee: Employee object (4d74f0c8-3c17-4150-a075-68bcf8d628c7)>"": ""StockTransaction.created_by"" must be a ""User"" instance."
RECEIVE,642,GPVC00004,093cfa1108,ERROR,"Cannot assign ""<Employee: Employee object (4d74f0c8-3c17-4150-a075-68bcf8d628c7)>"": ""StockTransaction.created_by"" must be a ""User"" instance."
RECEIVE,643,GPVC00005,093cfa1109,ERROR,"Cannot assign ""<Employee: Employee object (4d74f0c8-3c17-4150-a075-68bcf8d628c7)>"": ""StockTransaction.created_by"" must be a ""User"" instance."
RECEIVE,644,GPVC00006,093cfa1110,ERROR,"Cannot assign ""<Employee: Employee object (4d74f0c8-3c17-4150-a075-68bcf8d628c7)>"": ""StockTransaction.created_by"" must be a ""User"" instance."
RECEIVE,645,GPVC00007,093cfa1111,ERROR,"Cannot assign ""<Employee: Employee object (4d74f0c8-3c17-4150-a075-68bcf8d628c7)>"": ""StockTransaction.created_by"" must be a ""User"" instance."
RECEIVE,646,GPVC00008,093cfa1112,ERROR,"Cannot assign ""<Employee: Employee object (4d74f0c8-3c17-4150-a075-68bcf8d628c7)>"": ""StockTransaction.created_by"" must be a ""User"" instance."
RECEIVE,647,GPVC00009,093cfa1113,ERROR,"Cannot assign ""<Employee: Employee object (4d74f0c8-3c17-4150-a075-68bcf8d628c7)>"": ""StockTransaction.created_by"" must be a ""User"" instance."
RECEIVE,648,GPVC00010,093cfa1114,ERROR,"Cannot assign ""<Employee: Employee object (4d74f0c8-3c17-4150-a075-68bcf8d628c7)>"": ""StockTransaction.created_by"" must be a ""User"" instance."
RECEIVE,649,GPVC00011,093cfa1115,ERROR,"Cannot assign ""<Employee: Employee object (4d74f0c8-3c17-4150-a075-68bcf8d628c7)>"": ""StockTransaction.created_by"" must be a ""User"" instance."
RECEIVE,650,GPVC00012,093cfa1116,ERROR,"Cannot assign ""<Employee: Employee object (4d74f0c8-3c17-4150-a075-68bcf8d628c7)>"": ""StockTransaction.created_by"" must be a ""User"" instance."
RECEIVE,651,GPVC00013,093cfa1117,ERROR,"Cannot assign ""<Employee: Employee object (4d74f0c8-3c17-4150-a075-68bcf8d628c7)>"": ""StockTransaction.created_by"" must be a ""User"" instance."
RECEIVE,652,GPVC00014,093cfa1118,ERROR,"Cannot assign ""<Employee: Employee object (4d74f0c8-3c17-4150-a075-68bcf8d628c7)>"": ""StockTransaction.created_by"" must be a ""User"" instance."
RECEIVE,653,GPVC00015,093cfa1119,ERROR,"Cannot assign ""<Employee: Employee object (4d74f0c8-3c17-4150-a075-68bcf8d628c7)>"": ""StockTransaction.created_by"" must be a ""User"" instance."
RECEIVE,654,GPVC00016,093cfa1120,ERROR,"Cannot assign ""<Employee: Employee object (4d74f0c8-3c17-4150-a075-68bcf8d628c7)>"": ""StockTransaction.created_by"" must be a ""User"" instance."
RECEIVE,655,GPVC00017,093cfa1121,ERROR,"Cannot assign ""<Employee: Employee object (4d74f0c8-3c17-4150-a075-68bcf8d628c7)>"": ""StockTransaction.created_by"" must be a ""User"" instance."
RECEIVE,656,GPVC00018,093cfa1122,ERROR,"Cannot assign ""<Employee: Employee object (4d74f0c8-3c17-4150-a075-68bcf8d628c7)>"": ""StockTransaction.created_by"" must be a ""User"" instance."
RECEIVE,657,GPVC00019,093cfa1123,ERROR,"Cannot assign ""<Employee: Employee object (4d74f0c8-3c17-4150-a075-68bcf8d628c7)>"": ""StockTransaction.created_by"" must be a ""User"" instance."
RECEIVE,658,GPVC00020,093cfa1124,ERROR,"Cannot assign ""<Employee: Employee object (4d74f0c8-3c17-4150-a075-68bcf8d628c7)>"": ""StockTransaction.created_by"" must be a ""User"" instance."
RECEIVE,659,GPVC00021,093cfa1125,ERROR,"Cannot assign ""<Employee: Employee object (4d74f0c8-3c17-4150-a075-68bcf8d628c7)>"": ""StockTransaction.created_by"" must be a ""User"" instance."
RECEIVE,660,GA00001,093cfa1126,ERROR,"Cannot assign ""<Employee: Employee object (4d74f0c8-3c17-4150-a075-68bcf8d628c7)>"": ""StockTransaction.created_by"" must be a ""User"" instance."
RECEIVE,661,GA00002,093cfa1127,ERROR,"Cannot assign ""<Employee: Employee object (4d74f0c8-3c17-4150-a075-68bcf8d628c7)>"": ""StockTransaction.created_by"" must be a ""User"" instance."
RECEIVE,662,GA00003,093cfa1128,ERROR,"Cannot assign ""<Employee: Employee object (4d74f0c8-3c17-4150-a075-68bcf8d628c7)>"": ""StockTransaction.created_by"" must be a ""User"" instance."
RECEIVE,663,GA00004,093cfa1129,ERROR,"Cannot assign ""<Employee: Employee object (4d74f0c8-3c17-4150-a075-68bcf8d628c7)>"": ""StockTransaction.created_by"" must be a ""User"" instance."
RECEIVE,664,GA00005,093cfa1130,ERROR,"Cannot assign ""<Employee: Employee object (4d74f0c8-3c17-4150-a075-68bcf8d628c7)>"": ""StockTransaction.created_by"" must be a ""User"" instance."
RECEIVE,665,GA00006,093cfa1131,ERROR,"Cannot assign ""<Employee: Employee object (4d74f0c8-3c17-4150-a075-68bcf8d628c7)>"": ""StockTransaction.created_by"" must be a ""User"" instance."
RECEIVE,666,GA00007,093cfa1132,ERROR,"Cannot assign ""<Employee: Employee object (4d74f0c8-3c17-4150-a075-68bcf8d628c7)>"": ""StockTransaction.created_by"" must be a ""User"" instance."
RECEIVE,667,GA00009,093cfa1133,ERROR,"Cannot assign ""<Employee: Employee object (4d74f0c8-3c17-4150-a075-68bcf8d628c7)>"": ""StockTransaction.created_by"" must be a ""User"" instance."
RECEIVE,668,GA00011,093cfa1134,ERROR,"Cannot assign ""<Employee: Employee object (4d74f0c8-3c17-4150-a075-68bcf8d628c7)>"": ""StockTransaction.created_by"" must be a ""User"" instance."
RECEIVE,669,GA00012,093cfa1135,ERROR,"Cannot assign ""<Employee: Employee object (4d74f0c8-3c17-4150-a075-68bcf8d628c7)>"": ""StockTransaction.created_by"" must be a ""User"" instance."
RECEIVE,670,GA00013,093cfa1136,ERROR,"Cannot assign ""<Employee: Employee object (4d74f0c8-3c17-4150-a075-68bcf8d628c7)>"": ""StockTransaction.created_by"" must be a ""User"" instance."
RECEIVE,671,GA00014,093cfa1137,ERROR,"Cannot assign ""<Employee: Employee object (4d74f0c8-3c17-4150-a075-68bcf8d628c7)>"": ""StockTransaction.created_by"" must be a ""User"" instance."
RECEIVE,672,GA00015,093cfa1138,ERROR,"Cannot assign ""<Employee: Employee object (4d74f0c8-3c17-4150-a075-68bcf8d628c7)>"": ""StockTransaction.created_by"" must be a ""User"" instance."
RECEIVE,673,GA00016,093cfa1139,ERROR,"Cannot assign ""<Employee: Employee object (4d74f0c8-3c17-4150-a075-68bcf8d628c7)>"": ""StockTransaction.created_by"" must be a ""User"" instance."
RECEIVE,674,GA00017,093cfa1140,ERROR,"Cannot assign ""<Employee: Employee object (4d74f0c8-3c17-4150-a075-68bcf8d628c7)>"": ""StockTransaction.created_by"" must be a ""User"" instance."
RECEIVE,675,GSCBIG00001,093cfa1141,ERROR,"Cannot assign ""<Employee: Employee object (4d74f0c8-3c17-4150-a075-68bcf8d628c7)>"": ""StockTransaction.created_by"" must be a ""User"" instance."
RECEIVE,676,GSCBIG00002,093cfa1142,ERROR,"Cannot assign ""<Employee: Employee object (4d74f0c8-3c17-4150-a075-68bcf8d628c7)>"": ""StockTransaction.created_by"" must be a ""User"" instance."
RECEIVE,677,GSCBIG00003,093cfa1143,ERROR,"Cannot assign ""<Employee: Employee object (4d74f0c8-3c17-4150-a075-68bcf8d628c7)>"": ""StockTransaction.created_by"" must be a ""User"" instance."
RECEIVE,678,GSCBIG00004,093cfa1144,ERROR,"Cannot assign ""<Employee: Employee object (4d74f0c8-3c17-4150-a075-68bcf8d628c7)>"": ""StockTransaction.created_by"" must be a ""User"" instance."
RECEIVE,679,GSCBIG00005,093cfa1145,ERROR,"Cannot assign ""<Employee: Employee object (4d74f0c8-3c17-4150-a075-68bcf8d628c7)>"": ""StockTransaction.created_by"" must be a ""User"" instance."
RECEIVE,680,GSCBIG00006,093cfa1146,ERROR,"Cannot assign ""<Employee: Employee object (4d74f0c8-3c17-4150-a075-68bcf8d628c7)>"": ""StockTransaction.created_by"" must be a ""User"" instance."
RECEIVE,681,GSCBIG00007,093cfa1147,ERROR,"Cannot assign ""<Employee: Employee object (4d74f0c8-3c17-4150-a075-68bcf8d628c7)>"": ""StockTransaction.created_by"" must be a ""User"" instance."
RECEIVE,682,GSCBIG00008,093cfa1148,ERROR,"Cannot assign ""<Employee: Employee object (4d74f0c8-3c17-4150-a075-68bcf8d628c7)>"": ""StockTransaction.created_by"" must be a ""User"" instance."
RECEIVE,683,GSCBIG00009,093cfa1149,ERROR,"Cannot assign ""<Employee: Employee object (4d74f0c8-3c17-4150-a075-68bcf8d628c7)>"": ""StockTransaction.created_by"" must be a ""User"" instance."
RECEIVE,684,GSCBIG00010,093cfa1150,ERROR,"Cannot assign ""<Employee: Employee object (4d74f0c8-3c17-4150-a075-68bcf8d628c7)>"": ""StockTransaction.created_by"" must be a ""User"" instance."
RECEIVE,685,GSCBIG00011,093cfa1151,ERROR,"Cannot assign ""<Employee: Employee object (4d74f0c8-3c17-4150-a075-68bcf8d628c7)>"": ""StockTransaction.created_by"" must be a ""User"" instance."
RECEIVE,686,GSCBIG00012,093cfa1152,ERROR,"Cannot assign ""<Employee: Employee object (4d74f0c8-3c17-4150-a075-68bcf8d628c7)>"": ""StockTransaction.created_by"" must be a ""User"" instance."
RECEIVE,687,GSCBIG00013,093cfa1153,ERROR,"Cannot assign ""<Employee: Employee object (4d74f0c8-3c17-4150-a075-68bcf8d628c7)>"": ""StockTransaction.created_by"" must be a ""User"" instance."
RECEIVE,688,GSCBIG00014,093cfa1154,ERROR,"Cannot assign ""<Employee: Employee object (4d74f0c8-3c17-4150-a075-68bcf8d628c7)>"": ""StockTransaction.created_by"" must be a ""User"" instance."
RECEIVE,689,GSCBIG00015,093cfa1155,ERROR,"Cannot assign ""<Employee: Employee object (4d74f0c8-3c17-4150-a075-68bcf8d628c7)>"": ""StockTransaction.created_by"" must be a ""User"" instance."
RECEIVE,690,GSCBIG00016,093cfa1156,ERROR,"Cannot assign ""<Employee: Employee object (4d74f0c8-3c17-4150-a075-68bcf8d628c7)>"": ""StockTransaction.created_by"" must be a ""User"" instance."
RECEIVE,691,GSCBIG00017,093cfa1157,ERROR,"Cannot assign ""<Employee: Employee object (4d74f0c8-3c17-4150-a075-68bcf8d628c7)>"": ""StockTransaction.created_by"" must be a ""User"" instance."
RECEIVE,692,GSCBIG00018,093cfa1158,ERROR,"Cannot assign ""<Employee: Employee object (4d74f0c8-3c17-4150-a075-68bcf8d628c7)>"": ""StockTransaction.created_by"" must be a ""User"" instance."
RECEIVE,693,GSCBIG00019,093cfa1159,ERROR,"Cannot assign ""<Employee: Employee object (4d74f0c8-3c17-4150-a075-68bcf8d628c7)>"": ""StockTransaction.created_by"" must be a ""User"" instance."
RECEIVE,694,GSCBIG00020,093cfa1160,ERROR,"Cannot assign ""<Employee: Employee object (4d74f0c8-3c17-4150-a075-68bcf8d628c7)>"": ""StockTransaction.created_by"" must be a ""User"" instance."
RECEIVE,695,GSCBIG00021,093cfa1161,ERROR,"Cannot assign ""<Employee: Employee object (4d74f0c8-3c17-4150-a075-68bcf8d628c7)>"": ""StockTransaction.created_by"" must be a ""User"" instance."
RECEIVE,696,GSCBIG00022,093cfa1162,ERROR,"Cannot assign ""<Employee: Employee object (4d74f0c8-3c17-4150-a075-68bcf8d628c7)>"": ""StockTransaction.created_by"" must be a ""User"" instance."
RECEIVE,697,GSCBIG00023,093cfa1163,ERROR,"Cannot assign ""<Employee: Employee object (4d74f0c8-3c17-4150-a075-68bcf8d628c7)>"": ""StockTransaction.created_by"" must be a ""User"" instance."
RECEIVE,698,GSCBIG00024,093cfa1164,ERROR,"Cannot assign ""<Employee: Employee object (4d74f0c8-3c17-4150-a075-68bcf8d628c7)>"": ""StockTransaction.created_by"" must be a ""User"" instance."
RECEIVE,699,GSCBIG00025,093cfa1165,ERROR,"Cannot assign ""<Employee: Employee object (4d74f0c8-3c17-4150-a075-68bcf8d628c7)>"": ""StockTransaction.created_by"" must be a ""User"" instance."
RECEIVE,700,GSCBIG00026,093cfa1166,ERROR,"Cannot assign ""<Employee: Employee object (4d74f0c8-3c17-4150-a075-68bcf8d628c7)>"": ""StockTransaction.created_by"" must be a ""User"" instance."
RECEIVE,701,GSCBIG00027,093cfa1167,ERROR,"Cannot assign ""<Employee: Employee object (4d74f0c8-3c17-4150-a075-68bcf8d628c7)>"": ""StockTransaction.created_by"" must be a ""User"" instance."
RECEIVE,702,GSCBIG00028,093cfa1168,ERROR,"Cannot assign ""<Employee: Employee object (4d74f0c8-3c17-4150-a075-68bcf8d628c7)>"": ""StockTransaction.created_by"" must be a ""User"" instance."
RECEIVE,703,GSCBIG00029,093cfa1169,ERROR,"Cannot assign ""<Employee: Employee object (4d74f0c8-3c17-4150-a075-68bcf8d628c7)>"": ""StockTransaction.created_by"" must be a ""User"" instance."
RECEIVE,704,GSCBIG00030,093cfa1170,ERROR,"Cannot assign ""<Employee: Employee object (4d74f0c8-3c17-4150-a075-68bcf8d628c7)>"": ""StockTransaction.created_by"" must be a ""User"" instance."
RECEIVE,705,GSCBIG00031,093cfa1171,ERROR,"Cannot assign ""<Employee: Employee object (4d74f0c8-3c17-4150-a075-68bcf8d628c7)>"": ""StockTransaction.created_by"" must be a ""User"" instance."
RECEIVE,706,GSCBIG00032,093cfa1172,ERROR,"Cannot assign ""<Employee: Employee object (4d74f0c8-3c17-4150-a075-68bcf8d628c7)>"": ""StockTransaction.created_by"" must be a ""User"" instance."
RECEIVE,707,GSCBIG00033,093cfa1173,ERROR,"Cannot assign ""<Employee: Employee object (4d74f0c8-3c17-4150-a075-68bcf8d628c7)>"": ""StockTransaction.created_by"" must be a ""User"" instance."
RECEIVE,708,GSCBIG00034,093cfa1174,ERROR,"Cannot assign ""<Employee: Employee object (4d74f0c8-3c17-4150-a075-68bcf8d628c7)>"": ""StockTransaction.created_by"" must be a ""User"" instance."
RECEIVE,709,GSCBIG00035,093cfa1175,ERROR,"Cannot assign ""<Employee: Employee object (4d74f0c8-3c17-4150-a075-68bcf8d628c7)>"": ""StockTransaction.created_by"" must be a ""User"" instance."
RECEIVE,710,GSCBIG00036,093cfa1176,ERROR,"Cannot assign ""<Employee: Employee object (4d74f0c8-3c17-4150-a075-68bcf8d628c7)>"": ""StockTransaction.created_by"" must be a ""User"" instance."
RECEIVE,711,GSCBIG00037,093cfa1177,ERROR,"Cannot assign ""<Employee: Employee object (4d74f0c8-3c17-4150-a075-68bcf8d628c7)>"": ""StockTransaction.created_by"" must be a ""User"" instance."
RECEIVE,712,GSCBIG00038,093cfa1178,ERROR,"Cannot assign ""<Employee: Employee object (4d74f0c8-3c17-4150-a075-68bcf8d628c7)>"": ""StockTransaction.created_by"" must be a ""User"" instance."
RECEIVE,713,GSCBIG00039,093cfa1179,ERROR,"Cannot assign ""<Employee: Employee object (4d74f0c8-3c17-4150-a075-68bcf8d628c7)>"": ""StockTransaction.created_by"" must be a ""User"" instance."
RECEIVE,714,GSCBIG00040,093cfa1180,ERROR,"Cannot assign ""<Employee: Employee object (4d74f0c8-3c17-4150-a075-68bcf8d628c7)>"": ""StockTransaction.created_by"" must be a ""User"" instance."
RECEIVE,715,GSCBIG00041,093cfa1181,ERROR,"Cannot assign ""<Employee: Employee object (4d74f0c8-3c17-4150-a075-68bcf8d628c7)>"": ""StockTransaction.created_by"" must be a ""User"" instance."
RECEIVE,716,GSCBIG00042,093cfa1182,ERROR,"Cannot assign ""<Employee: Employee object (4d74f0c8-3c17-4150-a075-68bcf8d628c7)>"": ""StockTransaction.created_by"" must be a ""User"" instance."
RECEIVE,717,GSCBIG00043,093cfa1183,ERROR,"Cannot assign ""<Employee: Employee object (4d74f0c8-3c17-4150-a075-68bcf8d628c7)>"": ""StockTransaction.created_by"" must be a ""User"" instance."
RECEIVE,718,GSCBIG00044,093cfa1184,ERROR,"Cannot assign ""<Employee: Employee object (4d74f0c8-3c17-4150-a075-68bcf8d628c7)>"": ""StockTransaction.created_by"" must be a ""User"" instance."
RECEIVE,719,GSCBIG00045,093cfa1185,ERROR,"Cannot assign ""<Employee: Employee object (4d74f0c8-3c17-4150-a075-68bcf8d628c7)>"": ""StockTransaction.created_by"" must be a ""User"" instance."
RECEIVE,720,GSCBIG00046,093cfa1186,ERROR,"Cannot assign ""<Employee: Employee object (4d74f0c8-3c17-4150-a075-68bcf8d628c7)>"": ""StockTransaction.created_by"" must be a ""User"" instance."
RECEIVE,721,GSCBIG00047,093cfa1187,ERROR,"Cannot assign ""<Employee: Employee object (4d74f0c8-3c17-4150-a075-68bcf8d628c7)>"": ""StockTransaction.created_by"" must be a ""User"" instance."
RECEIVE,722,GSCBIG00048,093cfa1188,ERROR,"Cannot assign ""<Employee: Employee object (4d74f0c8-3c17-4150-a075-68bcf8d628c7)>"": ""StockTransaction.created_by"" must be a ""User"" instance."
RECEIVE,723,GSCBIG00049,093cfa1189,ERROR,"Cannot assign ""<Employee: Employee object (4d74f0c8-3c17-4150-a075-68bcf8d628c7)>"": ""StockTransaction.created_by"" must be a ""User"" instance."
RECEIVE,724,GSCBIG00050,093cfa1190,ERROR,"Cannot assign ""<Employee: Employee object (4d74f0c8-3c17-4150-a075-68bcf8d628c7)>"": ""StockTransaction.created_by"" must be a ""User"" instance."
RECEIVE,725,GAFT00001,093cfa1191,ERROR,"Cannot assign ""<Employee: Employee object (4d74f0c8-3c17-4150-a075-68bcf8d628c7)>"": ""StockTransaction.created_by"" must be a ""User"" instance."
RECEIVE,726,GAFT00002,093cfa1192,ERROR,"Cannot assign ""<Employee: Employee object (4d74f0c8-3c17-4150-a075-68bcf8d628c7)>"": ""StockTransaction.created_by"" must be a ""User"" instance."
RECEIVE,727,GAFT00003,093cfa1193,ERROR,"Cannot assign ""<Employee: Employee object (4d74f0c8-3c17-4150-a075-68bcf8d628c7)>"": ""StockTransaction.created_by"" must be a ""User"" instance."
RECEIVE,728,GAFT00004,093cfa1194,ERROR,"Cannot assign ""<Employee: Employee object (4d74f0c8-3c17-4150-a075-68bcf8d628c7)>"": ""StockTransaction.created_by"" must be a ""User"" instance."
RECEIVE,729,GAFT00005,093cfa1195,ERROR,"Cannot assign ""<Employee: Employee object (4d74f0c8-3c17-4150-a075-68bcf8d628c7)>"": ""StockTransaction.created_by"" must be a ""User"" instance."
RECEIVE,730,GAFT00006,093cfa1196,ERROR,"Cannot assign ""<Employee: Employee object (4d74f0c8-3c17-4150-a075-68bcf8d628c7)>"": ""StockTransaction.created_by"" must be a ""User"" instance."
RECEIVE,731,GAFT00007,093cfa1197,ERROR,"Cannot assign ""<Employee: Employee object (4d74f0c8-3c17-4150-a075-68bcf8d628c7)>"": ""StockTransaction.created_by"" must be a ""User"" instance."
RECEIVE,732,GAFT00008,093cfa1198,ERROR,"Cannot assign ""<Employee: Employee object (4d74f0c8-3c17-4150-a075-68bcf8d628c7)>"": ""StockTransaction.created_by"" must be a ""User"" instance."
RECEIVE,733,GAFT00010,093cfa1199,ERROR,"Cannot assign ""<Employee: Employee object (4d74f0c8-3c17-4150-a075-68bcf8d628c7)>"": ""StockTransaction.created_by"" must be a ""User"" instance."
RECEIVE,734,GAFT00012,093cfa1200,ERROR,"Cannot assign ""<Employee: Employee object (4d74f0c8-3c17-4150-a075-68bcf8d628c7)>"": ""StockTransaction.created_by"" must be a ""User"" instance."
RECEIVE,735,GAFT00013,093cfa1201,ERROR,"Cannot assign ""<Employee: Employee object (4d74f0c8-3c17-4150-a075-68bcf8d628c7)>"": ""StockTransaction.created_by"" must be a ""User"" instance."
RECEIVE,736,GAFT00014,093cfa1202,ERROR,"Cannot assign ""<Employee: Employee object (4d74f0c8-3c17-4150-a075-68bcf8d628c7)>"": ""StockTransaction.created_by"" must be a ""User"" instance."
RECEIVE,737,GAFT00015,093cfa1203,ERROR,"Cannot assign ""<Employee: Employee object (4d74f0c8-3c17-4150-a075-68bcf8d628c7)>"": ""StockTransaction.created_by"" must be a ""User"" instance."
RECEIVE,738,GAFT00016,093cfa1204,ERROR,"Cannot assign ""<Employee: Employee object (4d74f0c8-3c17-4150-a075-68bcf8d628c7)>"": ""StockTransaction.created_by"" must be a ""User"" instance."
RECEIVE,739,GAFT00017,093cfa1205,ERROR,"Cannot assign ""<Employee: Employee object (4d74f0c8-3c17-4150-a075-68bcf8d628c7)>"": ""StockTransaction.created_by"" must be a ""User"" instance."
RECEIVE,740,GAFT00018,093cfa1206,ERROR,"Cannot assign ""<Employee: Employee object (4d74f0c8-3c17-4150-a075-68bcf8d628c7)>"": ""StockTransaction.created_by"" must be a ""User"" instance."
RECEIVE,741,GAFT00019,093cfa1207,ERROR,"Cannot assign ""<Employee: Employee object (4d74f0c8-3c17-4150-a075-68bcf8d628c7)>"": ""StockTransaction.created_by"" must be a ""User"" instance."
RECEIVE,742,GAFT00020,093cfa1208,ERROR,"Cannot assign ""<Employee: Employee object (4d74f0c8-3c17-4150-a075-68bcf8d628c7)>"": ""StockTransaction.created_by"" must be a ""User"" instance."
RECEIVE,743,GAFT00021,093cfa1209,ERROR,"Cannot assign ""<Employee: Employee object (4d74f0c8-3c17-4150-a075-68bcf8d628c7)>"": ""StockTransaction.created_by"" must be a ""User"" instance."
RECEIVE,744,GAFT00022,093cfa1210,ERROR,"Cannot assign ""<Employee: Employee object (4d74f0c8-3c17-4150-a075-68bcf8d628c7)>"": ""StockTransaction.created_by"" must be a ""User"" instance."
RECEIVE,745,GAFT00023,093cfa1211,ERROR,"Cannot assign ""<Employee: Employee object (4d74f0c8-3c17-4150-a075-68bcf8d628c7)>"": ""StockTransaction.created_by"" must be a ""User"" instance."
RECEIVE,746,GAFT00024,093cfa1212,ERROR,"Cannot assign ""<Employee: Employee object (4d74f0c8-3c17-4150-a075-68bcf8d628c7)>"": ""StockTransaction.created_by"" must be a ""User"" instance."
RECEIVE,747,GAFT00025,093cfa1213,ERROR,"Cannot assign ""<Employee: Employee object (4d74f0c8-3c17-4150-a075-68bcf8d628c7)>"": ""StockTransaction.created_by"" must be a ""User"" instance."
RECEIVE,748,GAFT00026,093cfa1214,ERROR,"Cannot assign ""<Employee: Employee object (4d74f0c8-3c17-4150-a075-68bcf8d628c7)>"": ""StockTransaction.created_by"" must be a ""User"" instance."
RECEIVE,749,GAFT00027,093cfa1215,ERROR,"Cannot assign ""<Employee: Employee object (4d74f0c8-3c17-4150-a075-68bcf8d628c7)>"": ""StockTransaction.created_by"" must be a ""User"" instance."
RECEIVE,750,GAFT00028,093cfa1216,ERROR,"Cannot assign ""<Employee: Employee object (4d74f0c8-3c17-4150-a075-68bcf8d628c7)>"": ""StockTransaction.created_by"" must be a ""User"" instance."
RECEIVE,751,GAFT00029,093cfa1217,ERROR,"Cannot assign ""<Employee: Employee object (4d74f0c8-3c17-4150-a075-68bcf8d628c7)>"": ""StockTransaction.created_by"" must be a ""User"" instance."
RECEIVE,752,GAFT00031,093cfa1218,ERROR,"Cannot assign ""<Employee: Employee object (4d74f0c8-3c17-4150-a075-68bcf8d628c7)>"": ""StockTransaction.created_by"" must be a ""User"" instance."
RECEIVE,753,GAFT00032,093cfa1219,ERROR,"Cannot assign ""<Employee: Employee object (4d74f0c8-3c17-4150-a075-68bcf8d628c7)>"": ""StockTransaction.created_by"" must be a ""User"" instance."
RECEIVE,754,GAFT00033,093cfa1220,ERROR,"Cannot assign ""<Employee: Employee object (4d74f0c8-3c17-4150-a075-68bcf8d628c7)>"": ""StockTransaction.created_by"" must be a ""User"" instance."
RECEIVE,755,GAFT00034,093cfa1221,ERROR,"Cannot assign ""<Employee: Employee object (4d74f0c8-3c17-4150-a075-68bcf8d628c7)>"": ""StockTransaction.created_by"" must be a ""User"" instance."
RECEIVE,756,GAFT00035,093cfa1222,ERROR,"Cannot assign ""<Employee: Employee object (4d74f0c8-3c17-4150-a075-68bcf8d628c7)>"": ""StockTransaction.created_by"" must be a ""User"" instance."
RECEIVE,757,GAFT00036,093cfa1223,ERROR,"Cannot assign ""<Employee: Employee object (4d74f0c8-3c17-4150-a075-68bcf8d628c7)>"": ""StockTransaction.created_by"" must be a ""User"" instance."
RECEIVE,758,GAFT00037,093cfa1224,ERROR,"Cannot assign ""<Employee: Employee object (4d74f0c8-3c17-4150-a075-68bcf8d628c7)>"": ""StockTransaction.created_by"" must be a ""User"" instance."
RECEIVE,759,GAFT00038,093cfa1225,ERROR,"Cannot assign ""<Employee: Employee object (4d74f0c8-3c17-4150-a075-68bcf8d628c7)>"": ""StockTransaction.created_by"" must be a ""User"" instance."
RECEIVE,760,GAFT00039,093cfa1226,ERROR,"Cannot assign ""<Employee: Employee object (4d74f0c8-3c17-4150-a075-68bcf8d628c7)>"": ""StockTransaction.created_by"" must be a ""User"" instance."
RECEIVE,761,GAFT00040,093cfa1227,ERROR,"Cannot assign ""<Employee: Employee object (4d74f0c8-3c17-4150-a075-68bcf8d628c7)>"": ""StockTransaction.created_by"" must be a ""User"" instance."
RECEIVE,762,GAFT00041,093cfa1228,ERROR,"Cannot assign ""<Employee: Employee object (4d74f0c8-3c17-4150-a075-68bcf8d628c7)>"": ""StockTransaction.created_by"" must be a ""User"" instance."
RECEIVE,763,GGC00001,093cfa1229,ERROR,"Cannot assign ""<Employee: Employee object (4d74f0c8-3c17-4150-a075-68bcf8d628c7)>"": ""StockTransaction.created_by"" must be a ""User"" instance."
RECEIVE,764,GGC00002,093cfa1230,ERROR,"Cannot assign ""<Employee: Employee object (4d74f0c8-3c17-4150-a075-68bcf8d628c7)>"": ""StockTransaction.created_by"" must be a ""User"" instance."
RECEIVE,765,GGC00003,093cfa1231,ERROR,"Cannot assign ""<Employee: Employee object (4d74f0c8-3c17-4150-a075-68bcf8d628c7)>"": ""StockTransaction.created_by"" must be a ""User"" instance."
RECEIVE,766,GGC00004,093cfa1232,ERROR,"Cannot assign ""<Employee: Employee object (4d74f0c8-3c17-4150-a075-68bcf8d628c7)>"": ""StockTransaction.created_by"" must be a ""User"" instance."
RECEIVE,767,GGC00005,093cfa1233,ERROR,"Cannot assign ""<Employee: Employee object (4d74f0c8-3c17-4150-a075-68bcf8d628c7)>"": ""StockTransaction.created_by"" must be a ""User"" instance."
RECEIVE,768,GGC00006,093cfa1234,ERROR,"Cannot assign ""<Employee: Employee object (4d74f0c8-3c17-4150-a075-68bcf8d628c7)>"": ""StockTransaction.created_by"" must be a ""User"" instance."
RECEIVE,769,GGC00007,093cfa1235,ERROR,"Cannot assign ""<Employee: Employee object (4d74f0c8-3c17-4150-a075-68bcf8d628c7)>"": ""StockTransaction.created_by"" must be a ""User"" instance."
RECEIVE,770,GGC00008,093cfa1236,ERROR,"Cannot assign ""<Employee: Employee object (4d74f0c8-3c17-4150-a075-68bcf8d628c7)>"": ""StockTransaction.created_by"" must be a ""User"" instance."
RECEIVE,771,GGC00009,093cfa1237,ERROR,"Cannot assign ""<Employee: Employee object (4d74f0c8-3c17-4150-a075-68bcf8d628c7)>"": ""StockTransaction.created_by"" must be a ""User"" instance."
RECEIVE,772,GGC00010,093cfa1238,ERROR,"Cannot assign ""<Employee: Employee object (4d74f0c8-3c17-4150-a075-68bcf8d628c7)>"": ""StockTransaction.created_by"" must be a ""User"" instance."
RECEIVE,773,GGC00011,093cfa1239,ERROR,"Cannot assign ""<Employee: Employee object (4d74f0c8-3c17-4150-a075-68bcf8d628c7)>"": ""StockTransaction.created_by"" must be a ""User"" instance."
RECEIVE,774,GGC00012,093cfa1240,ERROR,"Cannot assign ""<Employee: Employee object (4d74f0c8-3c17-4150-a075-68bcf8d628c7)>"": ""StockTransaction.created_by"" must be a ""User"" instance."
RECEIVE,775,GGC00013,093cfa1241,ERROR,"Cannot assign ""<Employee: Employee object (4d74f0c8-3c17-4150-a075-68bcf8d628c7)>"": ""StockTransaction.created_by"" must be a ""User"" instance."
RECEIVE,776,GGC00014,093cfa1242,ERROR,"Cannot assign ""<Employee: Employee object (4d74f0c8-3c17-4150-a075-68bcf8d628c7)>"": ""StockTransaction.created_by"" must be a ""User"" instance."
RECEIVE,777,GGC00015,093cfa1243,ERROR,"Cannot assign ""<Employee: Employee object (4d74f0c8-3c17-4150-a075-68bcf8d628c7)>"": ""StockTransaction.created_by"" must be a ""User"" instance."
RECEIVE,778,GGC00016,093cfa1244,ERROR,"Cannot assign ""<Employee: Employee object (4d74f0c8-3c17-4150-a075-68bcf8d628c7)>"": ""StockTransaction.created_by"" must be a ""User"" instance."
RECEIVE,779,GGC00017,093cfa1245,ERROR,"Cannot assign ""<Employee: Employee object (4d74f0c8-3c17-4150-a075-68bcf8d628c7)>"": ""StockTransaction.created_by"" must be a ""User"" instance."
RECEIVE,780,GGC00018,093cfa1246,ERROR,"Cannot assign ""<Employee: Employee object (4d74f0c8-3c17-4150-a075-68bcf8d628c7)>"": ""StockTransaction.created_by"" must be a ""User"" instance."
RECEIVE,781,GGC00019,093cfa1247,ERROR,"Cannot assign ""<Employee: Employee object (4d74f0c8-3c17-4150-a075-68bcf8d628c7)>"": ""StockTransaction.created_by"" must be a ""User"" instance."
RECEIVE,782,GGC00020,093cfa1248,ERROR,"Cannot assign ""<Employee: Employee object (4d74f0c8-3c17-4150-a075-68bcf8d628c7)>"": ""StockTransaction.created_by"" must be a ""User"" instance."
RECEIVE,783,GGC00021,093cfa1249,ERROR,"Cannot assign ""<Employee: Employee object (4d74f0c8-3c17-4150-a075-68bcf8d628c7)>"": ""StockTransaction.created_by"" must be a ""User"" instance."
RECEIVE,784,GGC00022,093cfa1250,ERROR,"Cannot assign ""<Employee: Employee object (4d74f0c8-3c17-4150-a075-68bcf8d628c7)>"": ""StockTransaction.created_by"" must be a ""User"" instance."
RECEIVE,785,GGC00023,093cfa1251,ERROR,"Cannot assign ""<Employee: Employee object (4d74f0c8-3c17-4150-a075-68bcf8d628c7)>"": ""StockTransaction.created_by"" must be a ""User"" instance."
RECEIVE,786,GGC00024,093cfa1252,ERROR,"Cannot assign ""<Employee: Employee object (4d74f0c8-3c17-4150-a075-68bcf8d628c7)>"": ""StockTransaction.created_by"" must be a ""User"" instance."
RECEIVE,787,GGC00025,093cfa1253,ERROR,"Cannot assign ""<Employee: Employee object (4d74f0c8-3c17-4150-a075-68bcf8d628c7)>"": ""StockTransaction.created_by"" must be a ""User"" instance."
RECEIVE,788,GGC00026,093cfa1254,ERROR,"Cannot assign ""<Employee: Employee object (4d74f0c8-3c17-4150-a075-68bcf8d628c7)>"": ""StockTransaction.created_by"" must be a ""User"" instance."
RECEIVE,789,GGC00027,093cfa1255,ERROR,"Cannot assign ""<Employee: Employee object (4d74f0c8-3c17-4150-a075-68bcf8d628c7)>"": ""StockTransaction.created_by"" must be a ""User"" instance."
RECEIVE,790,GGC00033,093cfa1256,SKIP,amount <= 0
RECEIVE,791,GGC00034,093cfa1257,SKIP,amount <= 0
RECEIVE,792,GGC00035,093cfa1258,SKIP,amount <= 0
RECEIVE,793,GGC00036,093cfa1259,SKIP,amount <= 0
RECEIVE,794,GGC00037,093cfa1260,SKIP,amount <= 0
RECEIVE,795,GGC00038,093cfa1261,SKIP,amount <= 0
RECEIVE,796,GGC00039,093cfa1262,SKIP,amount <= 0
RECEIVE,797,GGC00040,093cfa1263,SKIP,amount <= 0
RECEIVE,798,GGC00042,093cfa1264,SKIP,amount <= 0
RECEIVE,799,GGC00043,093cfa1265,SKIP,amount <= 0
RECEIVE,800,GGC00045,093cfa1266,ERROR,"Cannot assign ""<Employee: Employee object (4d74f0c8-3c17-4150-a075-68bcf8d628c7)>"": ""StockTransaction.created_by"" must be a ""User"" instance."
RECEIVE,801,GGC00046,093cfa1267,ERROR,"Cannot assign ""<Employee: Employee object (4d74f0c8-3c17-4150-a075-68bcf8d628c7)>"": ""StockTransaction.created_by"" must be a ""User"" instance."
RECEIVE,802,GHC00001,093cfa1268,ERROR,"Cannot assign ""<Employee: Employee object (4d74f0c8-3c17-4150-a075-68bcf8d628c7)>"": ""StockTransaction.created_by"" must be a ""User"" instance."
RECEIVE,803,GHC00002,093cfa1269,ERROR,"Cannot assign ""<Employee: Employee object (4d74f0c8-3c17-4150-a075-68bcf8d628c7)>"": ""StockTransaction.created_by"" must be a ""User"" instance."
RECEIVE,804,GHC00003,093cfa1270,ERROR,"Cannot assign ""<Employee: Employee object (4d74f0c8-3c17-4150-a075-68bcf8d628c7)>"": ""StockTransaction.created_by"" must be a ""User"" instance."
RECEIVE,805,GHC00004,093cfa1271,ERROR,"Cannot assign ""<Employee: Employee object (4d74f0c8-3c17-4150-a075-68bcf8d628c7)>"": ""StockTransaction.created_by"" must be a ""User"" instance."
RECEIVE,806,GHC00005,093cfa1272,ERROR,"Cannot assign ""<Employee: Employee object (4d74f0c8-3c17-4150-a075-68bcf8d628c7)>"": ""StockTransaction.created_by"" must be a ""User"" instance."
RECEIVE,807,GHC00006,093cfa1273,ERROR,"Cannot assign ""<Employee: Employee object (4d74f0c8-3c17-4150-a075-68bcf8d628c7)>"": ""StockTransaction.created_by"" must be a ""User"" instance."
RECEIVE,808,GHC00007,093cfa1274,ERROR,"Cannot assign ""<Employee: Employee object (4d74f0c8-3c17-4150-a075-68bcf8d628c7)>"": ""StockTransaction.created_by"" must be a ""User"" instance."
RECEIVE,809,GHC00008,093cfa1275,ERROR,"Cannot assign ""<Employee: Employee object (4d74f0c8-3c17-4150-a075-68bcf8d628c7)>"": ""StockTransaction.created_by"" must be a ""User"" instance."
RECEIVE,810,GHC00009,093cfa1276,ERROR,"Cannot assign ""<Employee: Employee object (4d74f0c8-3c17-4150-a075-68bcf8d628c7)>"": ""StockTransaction.created_by"" must be a ""User"" instance."
RECEIVE,811,GHC00011,093cfa1277,ERROR,"Cannot assign ""<Employee: Employee object (4d74f0c8-3c17-4150-a075-68bcf8d628c7)>"": ""StockTransaction.created_by"" must be a ""User"" instance."
RECEIVE,812,GHC00012,093cfa1278,ERROR,"Cannot assign ""<Employee: Employee object (4d74f0c8-3c17-4150-a075-68bcf8d628c7)>"": ""StockTransaction.created_by"" must be a ""User"" instance."
RECEIVE,813,GHC00013,093cfa1279,ERROR,"Cannot assign ""<Employee: Employee object (4d74f0c8-3c17-4150-a075-68bcf8d628c7)>"": ""StockTransaction.created_by"" must be a ""User"" instance."
RECEIVE,814,GHC00014,093cfa1280,ERROR,"Cannot assign ""<Employee: Employee object (4d74f0c8-3c17-4150-a075-68bcf8d628c7)>"": ""StockTransaction.created_by"" must be a ""User"" instance."
RECEIVE,815,GHC00015,093cfa1281,ERROR,"Cannot assign ""<Employee: Employee object (4d74f0c8-3c17-4150-a075-68bcf8d628c7)>"": ""StockTransaction.created_by"" must be a ""User"" instance."
RECEIVE,816,GSW00001,093cfa1282,ERROR,"Cannot assign ""<Employee: Employee object (4d74f0c8-3c17-4150-a075-68bcf8d628c7)>"": ""StockTransaction.created_by"" must be a ""User"" instance."
RECEIVE,817,GSW00002,093cfa1283,ERROR,"Cannot assign ""<Employee: Employee object (4d74f0c8-3c17-4150-a075-68bcf8d628c7)>"": ""StockTransaction.created_by"" must be a ""User"" instance."
RECEIVE,818,GSW00004,093cfa1285,ERROR,"Cannot assign ""<Employee: Employee object (4d74f0c8-3c17-4150-a075-68bcf8d628c7)>"": ""StockTransaction.created_by"" must be a ""User"" instance."
RECEIVE,819,GSW00005,093cfa1286,ERROR,"Cannot assign ""<Employee: Employee object (4d74f0c8-3c17-4150-a075-68bcf8d628c7)>"": ""StockTransaction.created_by"" must be a ""User"" instance."
RECEIVE,820,GSW00006,093cfa1287,ERROR,"Cannot assign ""<Employee: Employee object (4d74f0c8-3c17-4150-a075-68bcf8d628c7)>"": ""StockTransaction.created_by"" must be a ""User"" instance."
RECEIVE,821,GSW00007,093cfa1288,ERROR,"Cannot assign ""<Employee: Employee object (4d74f0c8-3c17-4150-a075-68bcf8d628c7)>"": ""StockTransaction.created_by"" must be a ""User"" instance."
RECEIVE,822,GSW00008,093cfa1289,ERROR,"Cannot assign ""<Employee: Employee object (4d74f0c8-3c17-4150-a075-68bcf8d628c7)>"": ""StockTransaction.created_by"" must be a ""User"" instance."
RECEIVE,823,GSW00009,093cfa1290,ERROR,"Cannot assign ""<Employee: Employee object (4d74f0c8-3c17-4150-a075-68bcf8d628c7)>"": ""StockTransaction.created_by"" must be a ""User"" instance."
RECEIVE,824,GSW00010,093cfa1291,ERROR,"Cannot assign ""<Employee: Employee object (4d74f0c8-3c17-4150-a075-68bcf8d628c7)>"": ""StockTransaction.created_by"" must be a ""User"" instance."
RECEIVE,825,GSW00011,093cfa1292,ERROR,"Cannot assign ""<Employee: Employee object (4d74f0c8-3c17-4150-a075-68bcf8d628c7)>"": ""StockTransaction.created_by"" must be a ""User"" instance."
RECEIVE,826,GSW00012,093cfa1293,ERROR,"Cannot assign ""<Employee: Employee object (4d74f0c8-3c17-4150-a075-68bcf8d628c7)>"": ""StockTransaction.created_by"" must be a ""User"" instance."
RECEIVE,827,GSW00013,093cfa1294,ERROR,"Cannot assign ""<Employee: Employee object (4d74f0c8-3c17-4150-a075-68bcf8d628c7)>"": ""StockTransaction.created_by"" must be a ""User"" instance."
RECEIVE,828,GSW00014,093cfa1295,ERROR,"Cannot assign ""<Employee: Employee object (4d74f0c8-3c17-4150-a075-68bcf8d628c7)>"": ""StockTransaction.created_by"" must be a ""User"" instance."
RECEIVE,829,GSW00016,093cfa1296,ERROR,"Cannot assign ""<Employee: Employee object (4d74f0c8-3c17-4150-a075-68bcf8d628c7)>"": ""StockTransaction.created_by"" must be a ""User"" instance."
RECEIVE,830,GSW00017,093cfa1297,ERROR,"Cannot assign ""<Employee: Employee object (4d74f0c8-3c17-4150-a075-68bcf8d628c7)>"": ""StockTransaction.created_by"" must be a ""User"" instance."
RECEIVE,831,GSW00019,093cfa1298,ERROR,"Cannot assign ""<Employee: Employee object (4d74f0c8-3c17-4150-a075-68bcf8d628c7)>"": ""StockTransaction.created_by"" must be a ""User"" instance."
RECEIVE,832,GSW00020,093cfa1299,ERROR,"Cannot assign ""<Employee: Employee object (4d74f0c8-3c17-4150-a075-68bcf8d628c7)>"": ""StockTransaction.created_by"" must be a ""User"" instance."
RECEIVE,833,GSW00021,093cfa1300,ERROR,"Cannot assign ""<Employee: Employee object (4d74f0c8-3c17-4150-a075-68bcf8d628c7)>"": ""StockTransaction.created_by"" must be a ""User"" instance."
RECEIVE,834,GSW00022,093cfa1301,ERROR,"Cannot assign ""<Employee: Employee object (4d74f0c8-3c17-4150-a075-68bcf8d628c7)>"": ""StockTransaction.created_by"" must be a ""User"" instance."
RECEIVE,835,GSW00023,093cfa1302,ERROR,"Cannot assign ""<Employee: Employee object (4d74f0c8-3c17-4150-a075-68bcf8d628c7)>"": ""StockTransaction.created_by"" must be a ""User"" instance."
RECEIVE,836,GSW00024,093cfa1303,ERROR,"Cannot assign ""<Employee: Employee object (4d74f0c8-3c17-4150-a075-68bcf8d628c7)>"": ""StockTransaction.created_by"" must be a ""User"" instance."
RECEIVE,837,GSW00025,093cfa1304,ERROR,"Cannot assign ""<Employee: Employee object (4d74f0c8-3c17-4150-a075-68bcf8d628c7)>"": ""StockTransaction.created_by"" must be a ""User"" instance."
RECEIVE,838,GSW00026,093cfa1305,ERROR,"Cannot assign ""<Employee: Employee object (4d74f0c8-3c17-4150-a075-68bcf8d628c7)>"": ""StockTransaction.created_by"" must be a ""User"" instance."
RECEIVE,839,GSW00027,093cfa1306,ERROR,"Cannot assign ""<Employee: Employee object (4d74f0c8-3c17-4150-a075-68bcf8d628c7)>"": ""StockTransaction.created_by"" must be a ""User"" instance."
RECEIVE,840,GSW00028,093cfa1307,ERROR,"Cannot assign ""<Employee: Employee object (4d74f0c8-3c17-4150-a075-68bcf8d628c7)>"": ""StockTransaction.created_by"" must be a ""User"" instance."
RECEIVE,841,GSW00029,093cfa1308,ERROR,"Cannot assign ""<Employee: Employee object (4d74f0c8-3c17-4150-a075-68bcf8d628c7)>"": ""StockTransaction.created_by"" must be a ""User"" instance."
RECEIVE,842,GSW00030,093cfa1309,ERROR,"Cannot assign ""<Employee: Employee object (4d74f0c8-3c17-4150-a075-68bcf8d628c7)>"": ""StockTransaction.created_by"" must be a ""User"" instance."
RECEIVE,843,GSW00031,093cfa1310,ERROR,"Cannot assign ""<Employee: Employee object (4d74f0c8-3c17-4150-a075-68bcf8d628c7)>"": ""StockTransaction.created_by"" must be a ""User"" instance."
RECEIVE,844,GSW00032,093cfa1311,ERROR,"Cannot assign ""<Employee: Employee object (4d74f0c8-3c17-4150-a075-68bcf8d628c7)>"": ""StockTransaction.created_by"" must be a ""User"" instance."
RECEIVE,845,GSW00033,093cfa1312,ERROR,"Cannot assign ""<Employee: Employee object (4d74f0c8-3c17-4150-a075-68bcf8d628c7)>"": ""StockTransaction.created_by"" must be a ""User"" instance."
RECEIVE,846,GSW00034,093cfa1313,ERROR,"Cannot assign ""<Employee: Employee object (4d74f0c8-3c17-4150-a075-68bcf8d628c7)>"": ""StockTransaction.created_by"" must be a ""User"" instance."
RECEIVE,847,GSW00035,093cfa1314,ERROR,"Cannot assign ""<Employee: Employee object (4d74f0c8-3c17-4150-a075-68bcf8d628c7)>"": ""StockTransaction.created_by"" must be a ""User"" instance."
RECEIVE,848,GSW00036,093cfa1315,ERROR,"Cannot assign ""<Employee: Employee object (4d74f0c8-3c17-4150-a075-68bcf8d628c7)>"": ""StockTransaction.created_by"" must be a ""User"" instance."
RECEIVE,849,GSW00038,093cfa1316,ERROR,"Cannot assign ""<Employee: Employee object (4d74f0c8-3c17-4150-a075-68bcf8d628c7)>"": ""StockTransaction.created_by"" must be a ""User"" instance."
RECEIVE,850,GSW00039,093cfa1317,ERROR,"Cannot assign ""<Employee: Employee object (4d74f0c8-3c17-4150-a075-68bcf8d628c7)>"": ""StockTransaction.created_by"" must be a ""User"" instance."
RECEIVE,851,GSW00040,093cfa1318,ERROR,"Cannot assign ""<Employee: Employee object (4d74f0c8-3c17-4150-a075-68bcf8d628c7)>"": ""StockTransaction.created_by"" must be a ""User"" instance."
RECEIVE,852,GSW00041,093cfa1319,ERROR,"Cannot assign ""<Employee: Employee object (4d74f0c8-3c17-4150-a075-68bcf8d628c7)>"": ""StockTransaction.created_by"" must be a ""User"" instance."
RECEIVE,853,GSW00042,093cfa1320,ERROR,"Cannot assign ""<Employee: Employee object (4d74f0c8-3c17-4150-a075-68bcf8d628c7)>"": ""StockTransaction.created_by"" must be a ""User"" instance."
RECEIVE,854,GSW00043,093cfa1321,ERROR,"Cannot assign ""<Employee: Employee object (4d74f0c8-3c17-4150-a075-68bcf8d628c7)>"": ""StockTransaction.created_by"" must be a ""User"" instance."
RECEIVE,855,GSW00044,093cfa1322,ERROR,"Cannot assign ""<Employee: Employee object (4d74f0c8-3c17-4150-a075-68bcf8d628c7)>"": ""StockTransaction.created_by"" must be a ""User"" instance."
RECEIVE,856,GSW00045,093cfa1323,ERROR,"Cannot assign ""<Employee: Employee object (4d74f0c8-3c17-4150-a075-68bcf8d628c7)>"": ""StockTransaction.created_by"" must be a ""User"" instance."
RECEIVE,857,GSW00046,093cfa1324,ERROR,"Cannot assign ""<Employee: Employee object (4d74f0c8-3c17-4150-a075-68bcf8d628c7)>"": ""StockTransaction.created_by"" must be a ""User"" instance."
RECEIVE,858,GSW00047,093cfa1325,ERROR,"Cannot assign ""<Employee: Employee object (4d74f0c8-3c17-4150-a075-68bcf8d628c7)>"": ""StockTransaction.created_by"" must be a ""User"" instance."
RECEIVE,859,GSW00048,093cfa1326,ERROR,"Cannot assign ""<Employee: Employee object (4d74f0c8-3c17-4150-a075-68bcf8d628c7)>"": ""StockTransaction.created_by"" must be a ""User"" instance."
RECEIVE,860,GSW00049,093cfa1327,ERROR,"Cannot assign ""<Employee: Employee object (4d74f0c8-3c17-4150-a075-68bcf8d628c7)>"": ""StockTransaction.created_by"" must be a ""User"" instance."
RECEIVE,861,GSW00050,093cfa1328,ERROR,"Cannot assign ""<Employee: Employee object (4d74f0c8-3c17-4150-a075-68bcf8d628c7)>"": ""StockTransaction.created_by"" must be a ""User"" instance."
RECEIVE,862,GSW00051,093cfa1329,ERROR,"Cannot assign ""<Employee: Employee object (4d74f0c8-3c17-4150-a075-68bcf8d628c7)>"": ""StockTransaction.created_by"" must be a ""User"" instance."
RECEIVE,863,GSW00052,093cfa1330,ERROR,"Cannot assign ""<Employee: Employee object (4d74f0c8-3c17-4150-a075-68bcf8d628c7)>"": ""StockTransaction.created_by"" must be a ""User"" instance."
RECEIVE,864,GSW00053,093cfa1331,ERROR,"Cannot assign ""<Employee: Employee object (4d74f0c8-3c17-4150-a075-68bcf8d628c7)>"": ""StockTransaction.created_by"" must be a ""User"" instance."
RECEIVE,865,GSW00054,093cfa1332,ERROR,"Cannot assign ""<Employee: Employee object (4d74f0c8-3c17-4150-a075-68bcf8d628c7)>"": ""StockTransaction.created_by"" must be a ""User"" instance."
RECEIVE,866,GSW00055,093cfa1333,ERROR,"Cannot assign ""<Employee: Employee object (4d74f0c8-3c17-4150-a075-68bcf8d628c7)>"": ""StockTransaction.created_by"" must be a ""User"" instance."
RECEIVE,867,GSW00056,093cfa1334,ERROR,"Cannot assign ""<Employee: Employee object (4d74f0c8-3c17-4150-a075-68bcf8d628c7)>"": ""StockTransaction.created_by"" must be a ""User"" instance."
RECEIVE,868,GSW00057,093cfa1335,ERROR,"Cannot assign ""<Employee: Employee object (4d74f0c8-3c17-4150-a075-68bcf8d628c7)>"": ""StockTransaction.created_by"" must be a ""User"" instance."
RECEIVE,869,GSW00058,093cfa1336,ERROR,"Cannot assign ""<Employee: Employee object (4d74f0c8-3c17-4150-a075-68bcf8d628c7)>"": ""StockTransaction.created_by"" must be a ""User"" instance."
RECEIVE,870,GSW00059,093cfa1337,ERROR,"Cannot assign ""<Employee: Employee object (4d74f0c8-3c17-4150-a075-68bcf8d628c7)>"": ""StockTransaction.created_by"" must be a ""User"" instance."
RECEIVE,871,GSW00060,093cfa1338,ERROR,"Cannot assign ""<Employee: Employee object (4d74f0c8-3c17-4150-a075-68bcf8d628c7)>"": ""StockTransaction.created_by"" must be a ""User"" instance."
RECEIVE,872,GSW00061,093cfa1339,ERROR,"Cannot assign ""<Employee: Employee object (4d74f0c8-3c17-4150-a075-68bcf8d628c7)>"": ""StockTransaction.created_by"" must be a ""User"" instance."
RECEIVE,873,GSW00062,093cfa1340,ERROR,"Cannot assign ""<Employee: Employee object (4d74f0c8-3c17-4150-a075-68bcf8d628c7)>"": ""StockTransaction.created_by"" must be a ""User"" instance."
RECEIVE,874,GSW00063,093cfa1341,ERROR,"Cannot assign ""<Employee: Employee object (4d74f0c8-3c17-4150-a075-68bcf8d628c7)>"": ""StockTransaction.created_by"" must be a ""User"" instance."
RECEIVE,875,GSW00064,093cfa1342,ERROR,"Cannot assign ""<Employee: Employee object (4d74f0c8-3c17-4150-a075-68bcf8d628c7)>"": ""StockTransaction.created_by"" must be a ""User"" instance."
RECEIVE,876,GSW00065,093cfa1343,ERROR,"Cannot assign ""<Employee: Employee object (4d74f0c8-3c17-4150-a075-68bcf8d628c7)>"": ""StockTransaction.created_by"" must be a ""User"" instance."
RECEIVE,877,GSW00066,093cfa1344,ERROR,"Cannot assign ""<Employee: Employee object (4d74f0c8-3c17-4150-a075-68bcf8d628c7)>"": ""StockTransaction.created_by"" must be a ""User"" instance."
RECEIVE,878,GSW00067,093cfa1345,ERROR,"Cannot assign ""<Employee: Employee object (4d74f0c8-3c17-4150-a075-68bcf8d628c7)>"": ""StockTransaction.created_by"" must be a ""User"" instance."
RECEIVE,879,GSW00068,093cfa1346,ERROR,"Cannot assign ""<Employee: Employee object (4d74f0c8-3c17-4150-a075-68bcf8d628c7)>"": ""StockTransaction.created_by"" must be a ""User"" instance."
RECEIVE,880,GSW00069,093cfa1347,ERROR,"Cannot assign ""<Employee: Employee object (4d74f0c8-3c17-4150-a075-68bcf8d628c7)>"": ""StockTransaction.created_by"" must be a ""User"" instance."
RECEIVE,881,GSW00070,093cfa1348,ERROR,"Cannot assign ""<Employee: Employee object (4d74f0c8-3c17-4150-a075-68bcf8d628c7)>"": ""StockTransaction.created_by"" must be a ""User"" instance."
RECEIVE,882,GSW00071,093cfa1349,ERROR,"Cannot assign ""<Employee: Employee object (4d74f0c8-3c17-4150-a075-68bcf8d628c7)>"": ""StockTransaction.created_by"" must be a ""User"" instance."
RECEIVE,883,GSW00072,093cfa1350,ERROR,"Cannot assign ""<Employee: Employee object (4d74f0c8-3c17-4150-a075-68bcf8d628c7)>"": ""StockTransaction.created_by"" must be a ""User"" instance."
RECEIVE,884,GSW00073,093cfa1351,ERROR,"Cannot assign ""<Employee: Employee object (4d74f0c8-3c17-4150-a075-68bcf8d628c7)>"": ""StockTransaction.created_by"" must be a ""User"" instance."
RECEIVE,885,GSW00074,093cfa1352,ERROR,"Cannot assign ""<Employee: Employee object (4d74f0c8-3c17-4150-a075-68bcf8d628c7)>"": ""StockTransaction.created_by"" must be a ""User"" instance."
RECEIVE,886,GSW00076,093cfa1353,ERROR,"Cannot assign ""<Employee: Employee object (4d74f0c8-3c17-4150-a075-68bcf8d628c7)>"": ""StockTransaction.created_by"" must be a ""User"" instance."
RECEIVE,887,GSW00078,093cfa1355,ERROR,"Cannot assign ""<Employee: Employee object (4d74f0c8-3c17-4150-a075-68bcf8d628c7)>"": ""StockTransaction.created_by"" must be a ""User"" instance."
RECEIVE,888,GSW00080,093cfa1356,ERROR,"Cannot assign ""<Employee: Employee object (4d74f0c8-3c17-4150-a075-68bcf8d628c7)>"": ""StockTransaction.created_by"" must be a ""User"" instance."
RECEIVE,889,GSW00081,093cfa1357,ERROR,"Cannot assign ""<Employee: Employee object (4d74f0c8-3c17-4150-a075-68bcf8d628c7)>"": ""StockTransaction.created_by"" must be a ""User"" instance."
RECEIVE,890,GSW00082,093cfa1358,ERROR,"Cannot assign ""<Employee: Employee object (4d74f0c8-3c17-4150-a075-68bcf8d628c7)>"": ""StockTransaction.created_by"" must be a ""User"" instance."
RECEIVE,891,GSW00083,093cfa1359,ERROR,"Cannot assign ""<Employee: Employee object (4d74f0c8-3c17-4150-a075-68bcf8d628c7)>"": ""StockTransaction.created_by"" must be a ""User"" instance."
RECEIVE,892,GSW00084,093cfa1360,ERROR,"Cannot assign ""<Employee: Employee object (4d74f0c8-3c17-4150-a075-68bcf8d628c7)>"": ""StockTransaction.created_by"" must be a ""User"" instance."
RECEIVE,893,GSW00085,093cfa1361,ERROR,"Cannot assign ""<Employee: Employee object (4d74f0c8-3c17-4150-a075-68bcf8d628c7)>"": ""StockTransaction.created_by"" must be a ""User"" instance."
RECEIVE,894,GSW00086,093cfa1362,ERROR,"Cannot assign ""<Employee: Employee object (4d74f0c8-3c17-4150-a075-68bcf8d628c7)>"": ""StockTransaction.created_by"" must be a ""User"" instance."
RECEIVE,895,GSW00087,093cfa1363,ERROR,"Cannot assign ""<Employee: Employee object (4d74f0c8-3c17-4150-a075-68bcf8d628c7)>"": ""StockTransaction.created_by"" must be a ""User"" instance."
RECEIVE,896,GSW00088,093cfa1364,ERROR,"Cannot assign ""<Employee: Employee object (4d74f0c8-3c17-4150-a075-68bcf8d628c7)>"": ""StockTransaction.created_by"" must be a ""User"" instance."
RECEIVE,897,GSW00089,093cfa1365,ERROR,"Cannot assign ""<Employee: Employee object (4d74f0c8-3c17-4150-a075-68bcf8d628c7)>"": ""StockTransaction.created_by"" must be a ""User"" instance."
RECEIVE,898,GSW00091,093cfa1366,ERROR,"Cannot assign ""<Employee: Employee object (4d74f0c8-3c17-4150-a075-68bcf8d628c7)>"": ""StockTransaction.created_by"" must be a ""User"" instance."
RECEIVE,899,GSW00093,093cfa1367,ERROR,"Cannot assign ""<Employee: Employee object (4d74f0c8-3c17-4150-a075-68bcf8d628c7)>"": ""StockTransaction.created_by"" must be a ""User"" instance."
RECEIVE,900,GSW00094,093cfa1368,ERROR,"Cannot assign ""<Employee: Employee object (4d74f0c8-3c17-4150-a075-68bcf8d628c7)>"": ""StockTransaction.created_by"" must be a ""User"" instance."
RECEIVE,901,GSW00095,093cfa1369,ERROR,"Cannot assign ""<Employee: Employee object (4d74f0c8-3c17-4150-a075-68bcf8d628c7)>"": ""StockTransaction.created_by"" must be a ""User"" instance."
RECEIVE,902,GSW00106,093cfa1370,ERROR,"Cannot assign ""<Employee: Employee object (4d74f0c8-3c17-4150-a075-68bcf8d628c7)>"": ""StockTransaction.created_by"" must be a ""User"" instance."
RECEIVE,903,GPAK00051,093cfa1371,ERROR,"Cannot assign ""<Employee: Employee object (4d74f0c8-3c17-4150-a075-68bcf8d628c7)>"": ""StockTransaction.created_by"" must be a ""User"" instance."
RECEIVE,904,GPAK00052,093cfa1372,ERROR,"Cannot assign ""<Employee: Employee object (4d74f0c8-3c17-4150-a075-68bcf8d628c7)>"": ""StockTransaction.created_by"" must be a ""User"" instance."
RECEIVE,905,GPAK00053,093cfa1373,ERROR,"Cannot assign ""<Employee: Employee object (4d74f0c8-3c17-4150-a075-68bcf8d628c7)>"": ""StockTransaction.created_by"" must be a ""User"" instance."
RECEIVE,906,GPAK00054,093cfa1374,ERROR,"Cannot assign ""<Employee: Employee object (4d74f0c8-3c17-4150-a075-68bcf8d628c7)>"": ""StockTransaction.created_by"" must be a ""User"" instance."
RECEIVE,907,GPAK00055,093cfa1375,ERROR,"Cannot assign ""<Employee: Employee object (4d74f0c8-3c17-4150-a075-68bcf8d628c7)>"": ""StockTransaction.created_by"" must be a ""User"" instance."
RECEIVE,908,GPAK00001,093cfa1376,ERROR,"Cannot assign ""<Employee: Employee object (4d74f0c8-3c17-4150-a075-68bcf8d628c7)>"": ""StockTransaction.created_by"" must be a ""User"" instance."
RECEIVE,909,GPAK00002,093cfa1377,ERROR,"Cannot assign ""<Employee: Employee object (4d74f0c8-3c17-4150-a075-68bcf8d628c7)>"": ""StockTransaction.created_by"" must be a ""User"" instance."
RECEIVE,910,GPAK00003,093cfa1378,ERROR,"Cannot assign ""<Employee: Employee object (4d74f0c8-3c17-4150-a075-68bcf8d628c7)>"": ""StockTransaction.created_by"" must be a ""User"" instance."
RECEIVE,911,GPAK00004,093cfa1379,ERROR,"Cannot assign ""<Employee: Employee object (4d74f0c8-3c17-4150-a075-68bcf8d628c7)>"": ""StockTransaction.created_by"" must be a ""User"" instance."
RECEIVE,912,GPAK00005,093cfa1380,ERROR,"Cannot assign ""<Employee: Employee object (4d74f0c8-3c17-4150-a075-68bcf8d628c7)>"": ""StockTransaction.created_by"" must be a ""User"" instance."
RECEIVE,913,GPAK00006,093cfa1381,ERROR,"Cannot assign ""<Employee: Employee object (4d74f0c8-3c17-4150-a075-68bcf8d628c7)>"": ""StockTransaction.created_by"" must be a ""User"" instance."
RECEIVE,914,GPAK00007,093cfa1382,ERROR,"Cannot assign ""<Employee: Employee object (4d74f0c8-3c17-4150-a075-68bcf8d628c7)>"": ""StockTransaction.created_by"" must be a ""User"" instance."
RECEIVE,915,GPAK00008,093cfa1383,ERROR,"Cannot assign ""<Employee: Employee object (4d74f0c8-3c17-4150-a075-68bcf8d628c7)>"": ""StockTransaction.created_by"" must be a ""User"" instance."
RECEIVE,916,GPAK00009,093cfa1384,ERROR,"Cannot assign ""<Employee: Employee object (4d74f0c8-3c17-4150-a075-68bcf8d628c7)>"": ""StockTransaction.created_by"" must be a ""User"" instance."
RECEIVE,917,GPAK00010,093cfa1385,ERROR,"Cannot assign ""<Employee: Employee object (4d74f0c8-3c17-4150-a075-68bcf8d628c7)>"": ""StockTransaction.created_by"" must be a ""User"" instance."
RECEIVE,918,GPAK00011,093cfa1386,ERROR,"Cannot assign ""<Employee: Employee object (4d74f0c8-3c17-4150-a075-68bcf8d628c7)>"": ""StockTransaction.created_by"" must be a ""User"" instance."
RECEIVE,919,GPAK00012,093cfa1387,ERROR,"Cannot assign ""<Employee: Employee object (4d74f0c8-3c17-4150-a075-68bcf8d628c7)>"": ""StockTransaction.created_by"" must be a ""User"" instance."
RECEIVE,920,GPAK00013,093cfa1388,ERROR,"Cannot assign ""<Employee: Employee object (4d74f0c8-3c17-4150-a075-68bcf8d628c7)>"": ""StockTransaction.created_by"" must be a ""User"" instance."
RECEIVE,921,GPAK00014,093cfa1389,ERROR,"Cannot assign ""<Employee: Employee object (4d74f0c8-3c17-4150-a075-68bcf8d628c7)>"": ""StockTransaction.created_by"" must be a ""User"" instance."
RECEIVE,922,GPAK00015,093cfa1390,ERROR,"Cannot assign ""<Employee: Employee object (4d74f0c8-3c17-4150-a075-68bcf8d628c7)>"": ""StockTransaction.created_by"" must be a ""User"" instance."
RECEIVE,923,GPAK00016,093cfa1391,ERROR,"Cannot assign ""<Employee: Employee object (4d74f0c8-3c17-4150-a075-68bcf8d628c7)>"": ""StockTransaction.created_by"" must be a ""User"" instance."
RECEIVE,924,GPAK00017,093cfa1392,ERROR,"Cannot assign ""<Employee: Employee object (4d74f0c8-3c17-4150-a075-68bcf8d628c7)>"": ""StockTransaction.created_by"" must be a ""User"" instance."
RECEIVE,925,GPAK00018,093cfa1393,ERROR,"Cannot assign ""<Employee: Employee object (4d74f0c8-3c17-4150-a075-68bcf8d628c7)>"": ""StockTransaction.created_by"" must be a ""User"" instance."
RECEIVE,926,GPAK00019,093cfa1394,ERROR,"Cannot assign ""<Employee: Employee object (4d74f0c8-3c17-4150-a075-68bcf8d628c7)>"": ""StockTransaction.created_by"" must be a ""User"" instance."
RECEIVE,927,GPAK00020,093cfa1395,ERROR,"Cannot assign ""<Employee: Employee object (4d74f0c8-3c17-4150-a075-68bcf8d628c7)>"": ""StockTransaction.created_by"" must be a ""User"" instance."
RECEIVE,928,GPAK00021,093cfa1396,ERROR,"Cannot assign ""<Employee: Employee object (4d74f0c8-3c17-4150-a075-68bcf8d628c7)>"": ""StockTransaction.created_by"" must be a ""User"" instance."
RECEIVE,929,GPAK00022,093cfa1397,ERROR,"Cannot assign ""<Employee: Employee object (4d74f0c8-3c17-4150-a075-68bcf8d628c7)>"": ""StockTransaction.created_by"" must be a ""User"" instance."
RECEIVE,930,GPAK00023,093cfa1398,ERROR,"Cannot assign ""<Employee: Employee object (4d74f0c8-3c17-4150-a075-68bcf8d628c7)>"": ""StockTransaction.created_by"" must be a ""User"" instance."
RECEIVE,931,GPAK00024,093cfa1399,ERROR,"Cannot assign ""<Employee: Employee object (4d74f0c8-3c17-4150-a075-68bcf8d628c7)>"": ""StockTransaction.created_by"" must be a ""User"" instance."
RECEIVE,932,GPAK00026,093cfa1401,ERROR,"Cannot assign ""<Employee: Employee object (4d74f0c8-3c17-4150-a075-68bcf8d628c7)>"": ""StockTransaction.created_by"" must be a ""User"" instance."
RECEIVE,933,GPAK00027,093cfa1402,ERROR,"Cannot assign ""<Employee: Employee object (4d74f0c8-3c17-4150-a075-68bcf8d628c7)>"": ""StockTransaction.created_by"" must be a ""User"" instance."
RECEIVE,934,GPAK00028,093cfa1403,ERROR,"Cannot assign ""<Employee: Employee object (4d74f0c8-3c17-4150-a075-68bcf8d628c7)>"": ""StockTransaction.created_by"" must be a ""User"" instance."
RECEIVE,935,GPAK00029,093cfa1404,ERROR,"Cannot assign ""<Employee: Employee object (4d74f0c8-3c17-4150-a075-68bcf8d628c7)>"": ""StockTransaction.created_by"" must be a ""User"" instance."
RECEIVE,936,GPAK00030,093cfa1405,ERROR,"Cannot assign ""<Employee: Employee object (4d74f0c8-3c17-4150-a075-68bcf8d628c7)>"": ""StockTransaction.created_by"" must be a ""User"" instance."
RECEIVE,937,GPAK00031,093cfa1406,ERROR,"Cannot assign ""<Employee: Employee object (4d74f0c8-3c17-4150-a075-68bcf8d628c7)>"": ""StockTransaction.created_by"" must be a ""User"" instance."
RECEIVE,938,GPAK00032,093cfa1407,ERROR,"Cannot assign ""<Employee: Employee object (4d74f0c8-3c17-4150-a075-68bcf8d628c7)>"": ""StockTransaction.created_by"" must be a ""User"" instance."
RECEIVE,939,GPAK00033,093cfa1408,ERROR,"Cannot assign ""<Employee: Employee object (4d74f0c8-3c17-4150-a075-68bcf8d628c7)>"": ""StockTransaction.created_by"" must be a ""User"" instance."
RECEIVE,940,GPAK00034,093cfa1409,ERROR,"Cannot assign ""<Employee: Employee object (4d74f0c8-3c17-4150-a075-68bcf8d628c7)>"": ""StockTransaction.created_by"" must be a ""User"" instance."
RECEIVE,941,GPAK00035,093cfa1410,ERROR,"Cannot assign ""<Employee: Employee object (4d74f0c8-3c17-4150-a075-68bcf8d628c7)>"": ""StockTransaction.created_by"" must be a ""User"" instance."
RECEIVE,942,GPAK00036,093cfa1411,ERROR,"Cannot assign ""<Employee: Employee object (4d74f0c8-3c17-4150-a075-68bcf8d628c7)>"": ""StockTransaction.created_by"" must be a ""User"" instance."
RECEIVE,943,GPAK00037,093cfa1412,ERROR,"Cannot assign ""<Employee: Employee object (4d74f0c8-3c17-4150-a075-68bcf8d628c7)>"": ""StockTransaction.created_by"" must be a ""User"" instance."
RECEIVE,944,GPAK00038,093cfa1413,ERROR,"Cannot assign ""<Employee: Employee object (4d74f0c8-3c17-4150-a075-68bcf8d628c7)>"": ""StockTransaction.created_by"" must be a ""User"" instance."
RECEIVE,945,GPAK00039,093cfa1414,ERROR,"Cannot assign ""<Employee: Employee object (4d74f0c8-3c17-4150-a075-68bcf8d628c7)>"": ""StockTransaction.created_by"" must be a ""User"" instance."
RECEIVE,946,GPAK00040,093cfa1415,ERROR,"Cannot assign ""<Employee: Employee object (4d74f0c8-3c17-4150-a075-68bcf8d628c7)>"": ""StockTransaction.created_by"" must be a ""User"" instance."
RECEIVE,947,GPAK00041,093cfa1416,ERROR,"Cannot assign ""<Employee: Employee object (4d74f0c8-3c17-4150-a075-68bcf8d628c7)>"": ""StockTransaction.created_by"" must be a ""User"" instance."
RECEIVE,948,GPAK00042,093cfa1417,ERROR,"Cannot assign ""<Employee: Employee object (4d74f0c8-3c17-4150-a075-68bcf8d628c7)>"": ""StockTransaction.created_by"" must be a ""User"" instance."
RECEIVE,949,GVV00001,093cfa1418,ERROR,"Cannot assign ""<Employee: Employee object (4d74f0c8-3c17-4150-a075-68bcf8d628c7)>"": ""StockTransaction.created_by"" must be a ""User"" instance."
RECEIVE,950,GVV00002,093cfa1419,ERROR,"Cannot assign ""<Employee: Employee object (4d74f0c8-3c17-4150-a075-68bcf8d628c7)>"": ""StockTransaction.created_by"" must be a ""User"" instance."
RECEIVE,951,GVV00003,093cfa1420,ERROR,"Cannot assign ""<Employee: Employee object (4d74f0c8-3c17-4150-a075-68bcf8d628c7)>"": ""StockTransaction.created_by"" must be a ""User"" instance."
RECEIVE,952,GVV00004,093cfa1421,ERROR,"Cannot assign ""<Employee: Employee object (4d74f0c8-3c17-4150-a075-68bcf8d628c7)>"": ""StockTransaction.created_by"" must be a ""User"" instance."
RECEIVE,953,GVV00005,093cfa1422,ERROR,"Cannot assign ""<Employee: Employee object (4d74f0c8-3c17-4150-a075-68bcf8d628c7)>"": ""StockTransaction.created_by"" must be a ""User"" instance."
RECEIVE,954,GVV00006,093cfa1423,ERROR,"Cannot assign ""<Employee: Employee object (4d74f0c8-3c17-4150-a075-68bcf8d628c7)>"": ""StockTransaction.created_by"" must be a ""User"" instance."
RECEIVE,955,GVV00007,093cfa1424,ERROR,"Cannot assign ""<Employee: Employee object (4d74f0c8-3c17-4150-a075-68bcf8d628c7)>"": ""StockTransaction.created_by"" must be a ""User"" instance."
RECEIVE,956,GVV00008,093cfa1425,ERROR,"Cannot assign ""<Employee: Employee object (4d74f0c8-3c17-4150-a075-68bcf8d628c7)>"": ""StockTransaction.created_by"" must be a ""User"" instance."
RECEIVE,957,GVV00009,093cfa1426,ERROR,"Cannot assign ""<Employee: Employee object (4d74f0c8-3c17-4150-a075-68bcf8d628c7)>"": ""StockTransaction.created_by"" must be a ""User"" instance."
RECEIVE,958,GVV00010,093cfa1427,ERROR,"Cannot assign ""<Employee: Employee object (4d74f0c8-3c17-4150-a075-68bcf8d628c7)>"": ""StockTransaction.created_by"" must be a ""User"" instance."
RECEIVE,959,GVV00011,093cfa1428,ERROR,"Cannot assign ""<Employee: Employee object (4d74f0c8-3c17-4150-a075-68bcf8d628c7)>"": ""StockTransaction.created_by"" must be a ""User"" instance."
RECEIVE,960,GVV00011,093cfa1429,ERROR,"Cannot assign ""<Employee: Employee object (4d74f0c8-3c17-4150-a075-68bcf8d628c7)>"": ""StockTransaction.created_by"" must be a ""User"" instance."
RECEIVE,961,GVV00012,093cfa1430,ERROR,"Cannot assign ""<Employee: Employee object (4d74f0c8-3c17-4150-a075-68bcf8d628c7)>"": ""StockTransaction.created_by"" must be a ""User"" instance."
RECEIVE,962,GVV00013,093cfa1431,ERROR,"Cannot assign ""<Employee: Employee object (4d74f0c8-3c17-4150-a075-68bcf8d628c7)>"": ""StockTransaction.created_by"" must be a ""User"" instance."
RECEIVE,963,GVV00014,093cfa1432,ERROR,"Cannot assign ""<Employee: Employee object (4d74f0c8-3c17-4150-a075-68bcf8d628c7)>"": ""StockTransaction.created_by"" must be a ""User"" instance."
RECEIVE,964,GVV00015,093cfa1433,ERROR,"Cannot assign ""<Employee: Employee object (4d74f0c8-3c17-4150-a075-68bcf8d628c7)>"": ""StockTransaction.created_by"" must be a ""User"" instance."
RECEIVE,965,GVV00016,093cfa1434,ERROR,"Cannot assign ""<Employee: Employee object (4d74f0c8-3c17-4150-a075-68bcf8d628c7)>"": ""StockTransaction.created_by"" must be a ""User"" instance."
RECEIVE,966,GVV00017,093cfa1435,ERROR,"Cannot assign ""<Employee: Employee object (4d74f0c8-3c17-4150-a075-68bcf8d628c7)>"": ""StockTransaction.created_by"" must be a ""User"" instance."
RECEIVE,967,GVV00018,093cfa1436,ERROR,"Cannot assign ""<Employee: Employee object (4d74f0c8-3c17-4150-a075-68bcf8d628c7)>"": ""StockTransaction.created_by"" must be a ""User"" instance."
RECEIVE,968,GVV00019,093cfa1437,ERROR,"Cannot assign ""<Employee: Employee object (4d74f0c8-3c17-4150-a075-68bcf8d628c7)>"": ""StockTransaction.created_by"" must be a ""User"" instance."
RECEIVE,969,GVV00020,093cfa1438,ERROR,"Cannot assign ""<Employee: Employee object (4d74f0c8-3c17-4150-a075-68bcf8d628c7)>"": ""StockTransaction.created_by"" must be a ""User"" instance."
RECEIVE,970,GVV00021,093cfa1439,ERROR,"Cannot assign ""<Employee: Employee object (4d74f0c8-3c17-4150-a075-68bcf8d628c7)>"": ""StockTransaction.created_by"" must be a ""User"" instance."
RECEIVE,971,GVV00022,093cfa1440,ERROR,"Cannot assign ""<Employee: Employee object (4d74f0c8-3c17-4150-a075-68bcf8d628c7)>"": ""StockTransaction.created_by"" must be a ""User"" instance."
RECEIVE,972,GVV00023,093cfa1441,ERROR,"Cannot assign ""<Employee: Employee object (4d74f0c8-3c17-4150-a075-68bcf8d628c7)>"": ""StockTransaction.created_by"" must be a ""User"" instance."
RECEIVE,973,GVV00024,093cfa1442,ERROR,"Cannot assign ""<Employee: Employee object (4d74f0c8-3c17-4150-a075-68bcf8d628c7)>"": ""StockTransaction.created_by"" must be a ""User"" instance."
RECEIVE,974,GVV00025,093cfa1443,ERROR,"Cannot assign ""<Employee: Employee object (4d74f0c8-3c17-4150-a075-68bcf8d628c7)>"": ""StockTransaction.created_by"" must be a ""User"" instance."
RECEIVE,975,GVV00026,093cfa1444,ERROR,"Cannot assign ""<Employee: Employee object (4d74f0c8-3c17-4150-a075-68bcf8d628c7)>"": ""StockTransaction.created_by"" must be a ""User"" instance."
RECEIVE,976,GSLN00001,093cfa1445,ERROR,"Cannot assign ""<Employee: Employee object (4d74f0c8-3c17-4150-a075-68bcf8d628c7)>"": ""StockTransaction.created_by"" must be a ""User"" instance."
RECEIVE,977,GSLN00002,093cfa1446,ERROR,"Cannot assign ""<Employee: Employee object (4d74f0c8-3c17-4150-a075-68bcf8d628c7)>"": ""StockTransaction.created_by"" must be a ""User"" instance."
RECEIVE,978,GSLN00003,093cfa1447,ERROR,"Cannot assign ""<Employee: Employee object (4d74f0c8-3c17-4150-a075-68bcf8d628c7)>"": ""StockTransaction.created_by"" must be a ""User"" instance."
RECEIVE,979,GSLN00004,093cfa1448,ERROR,"Cannot assign ""<Employee: Employee object (4d74f0c8-3c17-4150-a075-68bcf8d628c7)>"": ""StockTransaction.created_by"" must be a ""User"" instance."
RECEIVE,980,GSLN00005,093cfa1449,ERROR,"Cannot assign ""<Employee: Employee object (4d74f0c8-3c17-4150-a075-68bcf8d628c7)>"": ""StockTransaction.created_by"" must be a ""User"" instance."
RECEIVE,981,GSLN00006,093cfa1450,ERROR,"Cannot assign ""<Employee: Employee object (4d74f0c8-3c17-4150-a075-68bcf8d628c7)>"": ""StockTransaction.created_by"" must be a ""User"" instance."
RECEIVE,982,GSLN00007,093cfa1451,ERROR,"Cannot assign ""<Employee: Employee object (4d74f0c8-3c17-4150-a075-68bcf8d628c7)>"": ""StockTransaction.created_by"" must be a ""User"" instance."
RECEIVE,983,GSLN00008,093cfa1452,ERROR,"Cannot assign ""<Employee: Employee object (4d74f0c8-3c17-4150-a075-68bcf8d628c7)>"": ""StockTransaction.created_by"" must be a ""User"" instance."
RECEIVE,984,GSLN00009,093cfa1453,ERROR,"Cannot assign ""<Employee: Employee object (4d74f0c8-3c17-4150-a075-68bcf8d628c7)>"": ""StockTransaction.created_by"" must be a ""User"" instance."
RECEIVE,985,GSLN00010,093cfa1454,ERROR,"Cannot assign ""<Employee: Employee object (4d74f0c8-3c17-4150-a075-68bcf8d628c7)>"": ""StockTransaction.created_by"" must be a ""User"" instance."
RECEIVE,986,GSLN00011,093cfa1455,ERROR,"Cannot assign ""<Employee: Employee object (4d74f0c8-3c17-4150-a075-68bcf8d628c7)>"": ""StockTransaction.created_by"" must be a ""User"" instance."
RECEIVE,987,GSLN00012,093cfa1456,ERROR,"Cannot assign ""<Employee: Employee object (4d74f0c8-3c17-4150-a075-68bcf8d628c7)>"": ""StockTransaction.created_by"" must be a ""User"" instance."
RECEIVE,988,GSLN00013,093cfa1457,ERROR,"Cannot assign ""<Employee: Employee object (4d74f0c8-3c17-4150-a075-68bcf8d628c7)>"": ""StockTransaction.created_by"" must be a ""User"" instance."
RECEIVE,989,GSLN00014,093cfa1458,ERROR,"Cannot assign ""<Employee: Employee object (4d74f0c8-3c17-4150-a075-68bcf8d628c7)>"": ""StockTransaction.created_by"" must be a ""User"" instance."
RECEIVE,990,GSLN00015,093cfa1459,ERROR,"Cannot assign ""<Employee: Employee object (4d74f0c8-3c17-4150-a075-68bcf8d628c7)>"": ""StockTransaction.created_by"" must be a ""User"" instance."
RECEIVE,991,GSLN00016,093cfa1460,ERROR,"Cannot assign ""<Employee: Employee object (4d74f0c8-3c17-4150-a075-68bcf8d628c7)>"": ""StockTransaction.created_by"" must be a ""User"" instance."
RECEIVE,992,GSLN00017,093cfa1461,ERROR,"Cannot assign ""<Employee: Employee object (4d74f0c8-3c17-4150-a075-68bcf8d628c7)>"": ""StockTransaction.created_by"" must be a ""User"" instance."
RECEIVE,993,GSLN00018,093cfa1462,ERROR,"Cannot assign ""<Employee: Employee object (4d74f0c8-3c17-4150-a075-68bcf8d628c7)>"": ""StockTransaction.created_by"" must be a ""User"" instance."
RECEIVE,994,GSLN00019,093cfa1463,ERROR,"Cannot assign ""<Employee: Employee object (4d74f0c8-3c17-4150-a075-68bcf8d628c7)>"": ""StockTransaction.created_by"" must be a ""User"" instance."
RECEIVE,995,GSLN00020,093cfa1464,ERROR,"Cannot assign ""<Employee: Employee object (4d74f0c8-3c17-4150-a075-68bcf8d628c7)>"": ""StockTransaction.created_by"" must be a ""User"" instance."
RECEIVE,996,GSLN00021,093cfa1465,ERROR,"Cannot assign ""<Employee: Employee object (4d74f0c8-3c17-4150-a075-68bcf8d628c7)>"": ""StockTransaction.created_by"" must be a ""User"" instance."
RECEIVE,997,GSLN00022,093cfa1466,ERROR,"Cannot assign ""<Employee: Employee object (4d74f0c8-3c17-4150-a075-68bcf8d628c7)>"": ""StockTransaction.created_by"" must be a ""User"" instance."
RECEIVE,998,GSLN00023,093cfa1467,ERROR,"Cannot assign ""<Employee: Employee object (4d74f0c8-3c17-4150-a075-68bcf8d628c7)>"": ""StockTransaction.created_by"" must be a ""User"" instance."
RECEIVE,999,GSLN00024,093cfa1468,ERROR,"Cannot assign ""<Employee: Employee object (4d74f0c8-3c17-4150-a075-68bcf8d628c7)>"": ""StockTransaction.created_by"" must be a ""User"" instance."
RECEIVE,1000,GSLN00025,093cfa1469,ERROR,"Cannot assign ""<Employee: Employee object (4d74f0c8-3c17-4150-a075-68bcf8d628c7)>"": ""StockTransaction.created_by"" must be a ""User"" instance."
RECEIVE,1001,GSLN00026,093cfa1470,ERROR,"Cannot assign ""<Employee: Employee object (4d74f0c8-3c17-4150-a075-68bcf8d628c7)>"": ""StockTransaction.created_by"" must be a ""User"" instance."
RECEIVE,1002,GSLN00027,093cfa1471,ERROR,"Cannot assign ""<Employee: Employee object (4d74f0c8-3c17-4150-a075-68bcf8d628c7)>"": ""StockTransaction.created_by"" must be a ""User"" instance."
RECEIVE,1003,GSLN00028,093cfa1472,ERROR,"Cannot assign ""<Employee: Employee object (4d74f0c8-3c17-4150-a075-68bcf8d628c7)>"": ""StockTransaction.created_by"" must be a ""User"" instance."
RECEIVE,1004,GSLN00029,093cfa1473,ERROR,"Cannot assign ""<Employee: Employee object (4d74f0c8-3c17-4150-a075-68bcf8d628c7)>"": ""StockTransaction.created_by"" must be a ""User"" instance."
RECEIVE,1005,GSLN00030,093cfa1474,ERROR,"Cannot assign ""<Employee: Employee object (4d74f0c8-3c17-4150-a075-68bcf8d628c7)>"": ""StockTransaction.created_by"" must be a ""User"" instance."
RECEIVE,1006,GSLN00031,093cfa1475,ERROR,"Cannot assign ""<Employee: Employee object (4d74f0c8-3c17-4150-a075-68bcf8d628c7)>"": ""StockTransaction.created_by"" must be a ""User"" instance."
RECEIVE,1007,GSLN00032,093cfa1476,ERROR,"Cannot assign ""<Employee: Employee object (4d74f0c8-3c17-4150-a075-68bcf8d628c7)>"": ""StockTransaction.created_by"" must be a ""User"" instance."
RECEIVE,1008,GSLN00033,093cfa1477,ERROR,"Cannot assign ""<Employee: Employee object (4d74f0c8-3c17-4150-a075-68bcf8d628c7)>"": ""StockTransaction.created_by"" must be a ""User"" instance."
RECEIVE,1009,GSLN00034,093cfa1478,ERROR,"Cannot assign ""<Employee: Employee object (4d74f0c8-3c17-4150-a075-68bcf8d628c7)>"": ""StockTransaction.created_by"" must be a ""User"" instance."
RECEIVE,1010,GSLN00035,093cfa1479,ERROR,"Cannot assign ""<Employee: Employee object (4d74f0c8-3c17-4150-a075-68bcf8d628c7)>"": ""StockTransaction.created_by"" must be a ""User"" instance."
RECEIVE,1011,GSLN00036,093cfa1480,ERROR,"Cannot assign ""<Employee: Employee object (4d74f0c8-3c17-4150-a075-68bcf8d628c7)>"": ""StockTransaction.created_by"" must be a ""User"" instance."
RECEIVE,1012,GSLN00037,093cfa1481,ERROR,"Cannot assign ""<Employee: Employee object (4d74f0c8-3c17-4150-a075-68bcf8d628c7)>"": ""StockTransaction.created_by"" must be a ""User"" instance."
RECEIVE,1013,GSLN00038,093cfa1482,ERROR,"Cannot assign ""<Employee: Employee object (4d74f0c8-3c17-4150-a075-68bcf8d628c7)>"": ""StockTransaction.created_by"" must be a ""User"" instance."
RECEIVE,1014,GSLN00039,093cfa1483,ERROR,"Cannot assign ""<Employee: Employee object (4d74f0c8-3c17-4150-a075-68bcf8d628c7)>"": ""StockTransaction.created_by"" must be a ""User"" instance."
RECEIVE,1015,GSLN00040,093cfa1484,ERROR,"Cannot assign ""<Employee: Employee object (4d74f0c8-3c17-4150-a075-68bcf8d628c7)>"": ""StockTransaction.created_by"" must be a ""User"" instance."
RECEIVE,1016,GSLN00041,093cfa1485,ERROR,"Cannot assign ""<Employee: Employee object (4d74f0c8-3c17-4150-a075-68bcf8d628c7)>"": ""StockTransaction.created_by"" must be a ""User"" instance."
RECEIVE,1017,GSLN00042,093cfa1486,ERROR,"Cannot assign ""<Employee: Employee object (4d74f0c8-3c17-4150-a075-68bcf8d628c7)>"": ""StockTransaction.created_by"" must be a ""User"" instance."
RECEIVE,1018,GSLN00043,093cfa1487,ERROR,"Cannot assign ""<Employee: Employee object (4d74f0c8-3c17-4150-a075-68bcf8d628c7)>"": ""StockTransaction.created_by"" must be a ""User"" instance."
RECEIVE,1019,GSLN00044,093cfa1488,ERROR,"Cannot assign ""<Employee: Employee object (4d74f0c8-3c17-4150-a075-68bcf8d628c7)>"": ""StockTransaction.created_by"" must be a ""User"" instance."
RECEIVE,1020,GSLN00045,093cfa1489,ERROR,"Cannot assign ""<Employee: Employee object (4d74f0c8-3c17-4150-a075-68bcf8d628c7)>"": ""StockTransaction.created_by"" must be a ""User"" instance."
RECEIVE,1021,GSLN00046,093cfa1490,ERROR,"Cannot assign ""<Employee: Employee object (4d74f0c8-3c17-4150-a075-68bcf8d628c7)>"": ""StockTransaction.created_by"" must be a ""User"" instance."
RECEIVE,1022,GSLN00047,093cfa1491,ERROR,"Cannot assign ""<Employee: Employee object (4d74f0c8-3c17-4150-a075-68bcf8d628c7)>"": ""StockTransaction.created_by"" must be a ""User"" instance."
RECEIVE,1023,GSLN00048,093cfa1492,ERROR,"Cannot assign ""<Employee: Employee object (4d74f0c8-3c17-4150-a075-68bcf8d628c7)>"": ""StockTransaction.created_by"" must be a ""User"" instance."
RECEIVE,1024,GSLN00049,093cfa1493,ERROR,"Cannot assign ""<Employee: Employee object (4d74f0c8-3c17-4150-a075-68bcf8d628c7)>"": ""StockTransaction.created_by"" must be a ""User"" instance."
RECEIVE,1025,GSLN00050,093cfa1494,ERROR,"Cannot assign ""<Employee: Employee object (4d74f0c8-3c17-4150-a075-68bcf8d628c7)>"": ""StockTransaction.created_by"" must be a ""User"" instance."
RECEIVE,1026,GSLN00051,093cfa1495,ERROR,"Cannot assign ""<Employee: Employee object (4d74f0c8-3c17-4150-a075-68bcf8d628c7)>"": ""StockTransaction.created_by"" must be a ""User"" instance."
RECEIVE,1027,GSLN00052,093cfa1496,ERROR,"Cannot assign ""<Employee: Employee object (4d74f0c8-3c17-4150-a075-68bcf8d628c7)>"": ""StockTransaction.created_by"" must be a ""User"" instance."
RECEIVE,1028,GSLN00053,093cfa1497,ERROR,"Cannot assign ""<Employee: Employee object (4d74f0c8-3c17-4150-a075-68bcf8d628c7)>"": ""StockTransaction.created_by"" must be a ""User"" instance."
RECEIVE,1029,GSLN00054,093cfa1498,ERROR,"Cannot assign ""<Employee: Employee object (4d74f0c8-3c17-4150-a075-68bcf8d628c7)>"": ""StockTransaction.created_by"" must be a ""User"" instance."
RECEIVE,1030,GSLN00055,093cfa1499,ERROR,"Cannot assign ""<Employee: Employee object (4d74f0c8-3c17-4150-a075-68bcf8d628c7)>"": ""StockTransaction.created_by"" must be a ""User"" instance."
RECEIVE,1031,GSLN00056,093cfa1500,ERROR,"Cannot assign ""<Employee: Employee object (4d74f0c8-3c17-4150-a075-68bcf8d628c7)>"": ""StockTransaction.created_by"" must be a ""User"" instance."
RECEIVE,1032,GSLN00057,093cfa1501,ERROR,"Cannot assign ""<Employee: Employee object (4d74f0c8-3c17-4150-a075-68bcf8d628c7)>"": ""StockTransaction.created_by"" must be a ""User"" instance."
RECEIVE,1033,GSLN00058,093cfa1502,ERROR,"Cannot assign ""<Employee: Employee object (4d74f0c8-3c17-4150-a075-68bcf8d628c7)>"": ""StockTransaction.created_by"" must be a ""User"" instance."
RECEIVE,1034,GSLN00060,093cfa1503,ERROR,"Cannot assign ""<Employee: Employee object (4d74f0c8-3c17-4150-a075-68bcf8d628c7)>"": ""StockTransaction.created_by"" must be a ""User"" instance."
RECEIVE,1035,GSLN00061,093cfa1504,ERROR,"Cannot assign ""<Employee: Employee object (4d74f0c8-3c17-4150-a075-68bcf8d628c7)>"": ""StockTransaction.created_by"" must be a ""User"" instance."
RECEIVE,1036,GSLN00064,093cfa1505,ERROR,"Cannot assign ""<Employee: Employee object (4d74f0c8-3c17-4150-a075-68bcf8d628c7)>"": ""StockTransaction.created_by"" must be a ""User"" instance."
RECEIVE,1037,GSLN00065,093cfa1506,ERROR,"Cannot assign ""<Employee: Employee object (4d74f0c8-3c17-4150-a075-68bcf8d628c7)>"": ""StockTransaction.created_by"" must be a ""User"" instance."
RECEIVE,1038,GSLN00066,093cfa1507,ERROR,"Cannot assign ""<Employee: Employee object (4d74f0c8-3c17-4150-a075-68bcf8d628c7)>"": ""StockTransaction.created_by"" must be a ""User"" instance."
RECEIVE,1039,GSLN00068,093cfa1508,ERROR,"Cannot assign ""<Employee: Employee object (4d74f0c8-3c17-4150-a075-68bcf8d628c7)>"": ""StockTransaction.created_by"" must be a ""User"" instance."
RECEIVE,1040,GSLN00069,093cfa1509,ERROR,"Cannot assign ""<Employee: Employee object (4d74f0c8-3c17-4150-a075-68bcf8d628c7)>"": ""StockTransaction.created_by"" must be a ""User"" instance."
RECEIVE,1041,GSLN00070,093cfa1510,ERROR,"Cannot assign ""<Employee: Employee object (4d74f0c8-3c17-4150-a075-68bcf8d628c7)>"": ""StockTransaction.created_by"" must be a ""User"" instance."
RECEIVE,1042,GSLN00071,093cfa1511,ERROR,"Cannot assign ""<Employee: Employee object (4d74f0c8-3c17-4150-a075-68bcf8d628c7)>"": ""StockTransaction.created_by"" must be a ""User"" instance."
RECEIVE,1043,GSLN00072,093cfa1512,ERROR,"Cannot assign ""<Employee: Employee object (4d74f0c8-3c17-4150-a075-68bcf8d628c7)>"": ""StockTransaction.created_by"" must be a ""User"" instance."
RECEIVE,1044,GSLN00073,093cfa1513,ERROR,"Cannot assign ""<Employee: Employee object (4d74f0c8-3c17-4150-a075-68bcf8d628c7)>"": ""StockTransaction.created_by"" must be a ""User"" instance."
RECEIVE,1045,GSLN00074,093cfa1514,ERROR,"Cannot assign ""<Employee: Employee object (4d74f0c8-3c17-4150-a075-68bcf8d628c7)>"": ""StockTransaction.created_by"" must be a ""User"" instance."
RECEIVE,1046,GSLN00075,093cfa1515,ERROR,"Cannot assign ""<Employee: Employee object (4d74f0c8-3c17-4150-a075-68bcf8d628c7)>"": ""StockTransaction.created_by"" must be a ""User"" instance."
RECEIVE,1047,GSLN00076,093cfa1516,ERROR,"Cannot assign ""<Employee: Employee object (4d74f0c8-3c17-4150-a075-68bcf8d628c7)>"": ""StockTransaction.created_by"" must be a ""User"" instance."
RECEIVE,1048,GSLN00077,093cfa1517,ERROR,"Cannot assign ""<Employee: Employee object (4d74f0c8-3c17-4150-a075-68bcf8d628c7)>"": ""StockTransaction.created_by"" must be a ""User"" instance."
RECEIVE,1049,GSLN00078,093cfa1518,ERROR,"Cannot assign ""<Employee: Employee object (4d74f0c8-3c17-4150-a075-68bcf8d628c7)>"": ""StockTransaction.created_by"" must be a ""User"" instance."
RECEIVE,1050,GSLN00079,093cfa1519,ERROR,"Cannot assign ""<Employee: Employee object (4d74f0c8-3c17-4150-a075-68bcf8d628c7)>"": ""StockTransaction.created_by"" must be a ""User"" instance."
RECEIVE,1051,GSLN00080,093cfa1520,ERROR,"Cannot assign ""<Employee: Employee object (4d74f0c8-3c17-4150-a075-68bcf8d628c7)>"": ""StockTransaction.created_by"" must be a ""User"" instance."
RECEIVE,1052,GSLN00081,093cfa1521,ERROR,"Cannot assign ""<Employee: Employee object (4d74f0c8-3c17-4150-a075-68bcf8d628c7)>"": ""StockTransaction.created_by"" must be a ""User"" instance."
RECEIVE,1053,GSLN00082,093cfa1522,ERROR,"Cannot assign ""<Employee: Employee object (4d74f0c8-3c17-4150-a075-68bcf8d628c7)>"": ""StockTransaction.created_by"" must be a ""User"" instance."
RECEIVE,1054,GSLN00083,093cfa1523,ERROR,"Cannot assign ""<Employee: Employee object (4d74f0c8-3c17-4150-a075-68bcf8d628c7)>"": ""StockTransaction.created_by"" must be a ""User"" instance."
RECEIVE,1055,GSLN00084,093cfa1524,ERROR,"Cannot assign ""<Employee: Employee object (4d74f0c8-3c17-4150-a075-68bcf8d628c7)>"": ""StockTransaction.created_by"" must be a ""User"" instance."
RECEIVE,1056,GSLN00085,093cfa1525,ERROR,"Cannot assign ""<Employee: Employee object (4d74f0c8-3c17-4150-a075-68bcf8d628c7)>"": ""StockTransaction.created_by"" must be a ""User"" instance."
RECEIVE,1057,GSLN00086,093cfa1526,ERROR,"Cannot assign ""<Employee: Employee object (4d74f0c8-3c17-4150-a075-68bcf8d628c7)>"": ""StockTransaction.created_by"" must be a ""User"" instance."
RECEIVE,1058,GSLN00087,093cfa1527,ERROR,"Cannot assign ""<Employee: Employee object (4d74f0c8-3c17-4150-a075-68bcf8d628c7)>"": ""StockTransaction.created_by"" must be a ""User"" instance."
RECEIVE,1059,GSLN00088,093cfa1528,ERROR,"Cannot assign ""<Employee: Employee object (4d74f0c8-3c17-4150-a075-68bcf8d628c7)>"": ""StockTransaction.created_by"" must be a ""User"" instance."
RECEIVE,1060,GSLN00089,093cfa1529,ERROR,"Cannot assign ""<Employee: Employee object (4d74f0c8-3c17-4150-a075-68bcf8d628c7)>"": ""StockTransaction.created_by"" must be a ""User"" instance."
RECEIVE,1061,GSLN00090,093cfa1530,ERROR,"Cannot assign ""<Employee: Employee object (4d74f0c8-3c17-4150-a075-68bcf8d628c7)>"": ""StockTransaction.created_by"" must be a ""User"" instance."
RECEIVE,1062,GSLN00091,093cfa1531,ERROR,"Cannot assign ""<Employee: Employee object (4d74f0c8-3c17-4150-a075-68bcf8d628c7)>"": ""StockTransaction.created_by"" must be a ""User"" instance."
RECEIVE,1063,GSLN00092,093cfa1532,ERROR,"Cannot assign ""<Employee: Employee object (4d74f0c8-3c17-4150-a075-68bcf8d628c7)>"": ""StockTransaction.created_by"" must be a ""User"" instance."
RECEIVE,1064,GSLN00093,093cfa1533,ERROR,"Cannot assign ""<Employee: Employee object (4d74f0c8-3c17-4150-a075-68bcf8d628c7)>"": ""StockTransaction.created_by"" must be a ""User"" instance."
RECEIVE,1065,GSLN00094,093cfa1534,ERROR,"Cannot assign ""<Employee: Employee object (4d74f0c8-3c17-4150-a075-68bcf8d628c7)>"": ""StockTransaction.created_by"" must be a ""User"" instance."
RECEIVE,1066,GSLN00095,093cfa1535,ERROR,"Cannot assign ""<Employee: Employee object (4d74f0c8-3c17-4150-a075-68bcf8d628c7)>"": ""StockTransaction.created_by"" must be a ""User"" instance."
RECEIVE,1067,GSLN00096,093cfa1536,ERROR,"Cannot assign ""<Employee: Employee object (4d74f0c8-3c17-4150-a075-68bcf8d628c7)>"": ""StockTransaction.created_by"" must be a ""User"" instance."
RECEIVE,1068,GSLN00097,093cfa1537,ERROR,"Cannot assign ""<Employee: Employee object (4d74f0c8-3c17-4150-a075-68bcf8d628c7)>"": ""StockTransaction.created_by"" must be a ""User"" instance."
RECEIVE,1069,GSLN00098,093cfa1538,ERROR,"Cannot assign ""<Employee: Employee object (4d74f0c8-3c17-4150-a075-68bcf8d628c7)>"": ""StockTransaction.created_by"" must be a ""User"" instance."
RECEIVE,1070,GSLN00099,093cfa1539,ERROR,"Cannot assign ""<Employee: Employee object (4d74f0c8-3c17-4150-a075-68bcf8d628c7)>"": ""StockTransaction.created_by"" must be a ""User"" instance."
RECEIVE,1071,GSLN00100,093cfa1540,ERROR,"Cannot assign ""<Employee: Employee object (4d74f0c8-3c17-4150-a075-68bcf8d628c7)>"": ""StockTransaction.created_by"" must be a ""User"" instance."
RECEIVE,1072,GSLN00101,093cfa1541,ERROR,"Cannot assign ""<Employee: Employee object (4d74f0c8-3c17-4150-a075-68bcf8d628c7)>"": ""StockTransaction.created_by"" must be a ""User"" instance."
RECEIVE,1073,GSLN00102,093cfa1542,ERROR,"Cannot assign ""<Employee: Employee object (4d74f0c8-3c17-4150-a075-68bcf8d628c7)>"": ""StockTransaction.created_by"" must be a ""User"" instance."
RECEIVE,1074,GSLN00103,093cfa1543,ERROR,"Cannot assign ""<Employee: Employee object (4d74f0c8-3c17-4150-a075-68bcf8d628c7)>"": ""StockTransaction.created_by"" must be a ""User"" instance."
RECEIVE,1075,GSLN00104,093cfa1544,ERROR,"Cannot assign ""<Employee: Employee object (4d74f0c8-3c17-4150-a075-68bcf8d628c7)>"": ""StockTransaction.created_by"" must be a ""User"" instance."
RECEIVE,1076,GSLN00105,093cfa1545,ERROR,"Cannot assign ""<Employee: Employee object (4d74f0c8-3c17-4150-a075-68bcf8d628c7)>"": ""StockTransaction.created_by"" must be a ""User"" instance."
RECEIVE,1077,GSLN00106,093cfa1546,ERROR,"Cannot assign ""<Employee: Employee object (4d74f0c8-3c17-4150-a075-68bcf8d628c7)>"": ""StockTransaction.created_by"" must be a ""User"" instance."
RECEIVE,1078,GSLN00107,093cfa1547,ERROR,"Cannot assign ""<Employee: Employee object (4d74f0c8-3c17-4150-a075-68bcf8d628c7)>"": ""StockTransaction.created_by"" must be a ""User"" instance."
RECEIVE,1079,GSLN00108,093cfa1548,ERROR,"Cannot assign ""<Employee: Employee object (4d74f0c8-3c17-4150-a075-68bcf8d628c7)>"": ""StockTransaction.created_by"" must be a ""User"" instance."
RECEIVE,1080,GSLN00109,093cfa1549,ERROR,"Cannot assign ""<Employee: Employee object (4d74f0c8-3c17-4150-a075-68bcf8d628c7)>"": ""StockTransaction.created_by"" must be a ""User"" instance."
RECEIVE,1081,GSLN00110,093cfa1550,ERROR,"Cannot assign ""<Employee: Employee object (4d74f0c8-3c17-4150-a075-68bcf8d628c7)>"": ""StockTransaction.created_by"" must be a ""User"" instance."
RECEIVE,1082,GSLN00111,093cfa1551,ERROR,"Cannot assign ""<Employee: Employee object (4d74f0c8-3c17-4150-a075-68bcf8d628c7)>"": ""StockTransaction.created_by"" must be a ""User"" instance."
RECEIVE,1083,GSLN00112,093cfa1552,ERROR,"Cannot assign ""<Employee: Employee object (4d74f0c8-3c17-4150-a075-68bcf8d628c7)>"": ""StockTransaction.created_by"" must be a ""User"" instance."
RECEIVE,1084,GSLN00113,093cfa1553,ERROR,"Cannot assign ""<Employee: Employee object (4d74f0c8-3c17-4150-a075-68bcf8d628c7)>"": ""StockTransaction.created_by"" must be a ""User"" instance."
RECEIVE,1085,GSLN00114,093cfa1554,ERROR,"Cannot assign ""<Employee: Employee object (4d74f0c8-3c17-4150-a075-68bcf8d628c7)>"": ""StockTransaction.created_by"" must be a ""User"" instance."
RECEIVE,1086,GSLN00115,093cfa1555,ERROR,"Cannot assign ""<Employee: Employee object (4d74f0c8-3c17-4150-a075-68bcf8d628c7)>"": ""StockTransaction.created_by"" must be a ""User"" instance."
RECEIVE,1087,GSLN00116,093cfa1556,ERROR,"Cannot assign ""<Employee: Employee object (4d74f0c8-3c17-4150-a075-68bcf8d628c7)>"": ""StockTransaction.created_by"" must be a ""User"" instance."
RECEIVE,1088,GSLN00117,093cfa1557,ERROR,"Cannot assign ""<Employee: Employee object (4d74f0c8-3c17-4150-a075-68bcf8d628c7)>"": ""StockTransaction.created_by"" must be a ""User"" instance."
RECEIVE,1089,GSLN00118,093cfa1558,ERROR,"Cannot assign ""<Employee: Employee object (4d74f0c8-3c17-4150-a075-68bcf8d628c7)>"": ""StockTransaction.created_by"" must be a ""User"" instance."
RECEIVE,1090,GSLN00119,093cfa1559,ERROR,"Cannot assign ""<Employee: Employee object (4d74f0c8-3c17-4150-a075-68bcf8d628c7)>"": ""StockTransaction.created_by"" must be a ""User"" instance."
RECEIVE,1091,GSLN00120,093cfa1560,ERROR,"Cannot assign ""<Employee: Employee object (4d74f0c8-3c17-4150-a075-68bcf8d628c7)>"": ""StockTransaction.created_by"" must be a ""User"" instance."
RECEIVE,1092,GSLN00121,093cfa1561,ERROR,"Cannot assign ""<Employee: Employee object (4d74f0c8-3c17-4150-a075-68bcf8d628c7)>"": ""StockTransaction.created_by"" must be a ""User"" instance."
RECEIVE,1093,GMNT00001,093cfa1562,ERROR,"Cannot assign ""<Employee: Employee object (4d74f0c8-3c17-4150-a075-68bcf8d628c7)>"": ""StockTransaction.created_by"" must be a ""User"" instance."
RECEIVE,1094,GMNT00002,093cfa1563,ERROR,"Cannot assign ""<Employee: Employee object (4d74f0c8-3c17-4150-a075-68bcf8d628c7)>"": ""StockTransaction.created_by"" must be a ""User"" instance."
RECEIVE,1095,GMNT00003,093cfa1564,ERROR,"Cannot assign ""<Employee: Employee object (4d74f0c8-3c17-4150-a075-68bcf8d628c7)>"": ""StockTransaction.created_by"" must be a ""User"" instance."
RECEIVE,1096,GMNT00004,093cfa1565,ERROR,"Cannot assign ""<Employee: Employee object (4d74f0c8-3c17-4150-a075-68bcf8d628c7)>"": ""StockTransaction.created_by"" must be a ""User"" instance."
RECEIVE,1097,GMNT00005,093cfa1566,ERROR,"Cannot assign ""<Employee: Employee object (4d74f0c8-3c17-4150-a075-68bcf8d628c7)>"": ""StockTransaction.created_by"" must be a ""User"" instance."
RECEIVE,1098,GMNT00006,093cfa1567,ERROR,"Cannot assign ""<Employee: Employee object (4d74f0c8-3c17-4150-a075-68bcf8d628c7)>"": ""StockTransaction.created_by"" must be a ""User"" instance."
RECEIVE,1099,GMNT00007,093cfa1568,ERROR,"Cannot assign ""<Employee: Employee object (4d74f0c8-3c17-4150-a075-68bcf8d628c7)>"": ""StockTransaction.created_by"" must be a ""User"" instance."
RECEIVE,1100,GMNT00008,093cfa1569,ERROR,"Cannot assign ""<Employee: Employee object (4d74f0c8-3c17-4150-a075-68bcf8d628c7)>"": ""StockTransaction.created_by"" must be a ""User"" instance."
RECEIVE,1101,GMNT00009,093cfa1570,ERROR,"Cannot assign ""<Employee: Employee object (4d74f0c8-3c17-4150-a075-68bcf8d628c7)>"": ""StockTransaction.created_by"" must be a ""User"" instance."
RECEIVE,1102,GMNT00010,093cfa1571,ERROR,"Cannot assign ""<Employee: Employee object (4d74f0c8-3c17-4150-a075-68bcf8d628c7)>"": ""StockTransaction.created_by"" must be a ""User"" instance."
RECEIVE,1103,GMNT00011,093cfa1572,ERROR,"Cannot assign ""<Employee: Employee object (4d74f0c8-3c17-4150-a075-68bcf8d628c7)>"": ""StockTransaction.created_by"" must be a ""User"" instance."
RECEIVE,1104,GMNT00012,093cfa1573,ERROR,"Cannot assign ""<Employee: Employee object (4d74f0c8-3c17-4150-a075-68bcf8d628c7)>"": ""StockTransaction.created_by"" must be a ""User"" instance."
RECEIVE,1105,GMNT00013,093cfa1574,ERROR,"Cannot assign ""<Employee: Employee object (4d74f0c8-3c17-4150-a075-68bcf8d628c7)>"": ""StockTransaction.created_by"" must be a ""User"" instance."
RECEIVE,1106,GMNT00014,093cfa1575,ERROR,"Cannot assign ""<Employee: Employee object (4d74f0c8-3c17-4150-a075-68bcf8d628c7)>"": ""StockTransaction.created_by"" must be a ""User"" instance."
RECEIVE,1107,GMNT00015,093cfa1576,ERROR,"Cannot assign ""<Employee: Employee object (4d74f0c8-3c17-4150-a075-68bcf8d628c7)>"": ""StockTransaction.created_by"" must be a ""User"" instance."
RECEIVE,1108,GMNT00016,093cfa1577,ERROR,"Cannot assign ""<Employee: Employee object (4d74f0c8-3c17-4150-a075-68bcf8d628c7)>"": ""StockTransaction.created_by"" must be a ""User"" instance."
RECEIVE,1109,GMNT00017,093cfa1578,ERROR,"Cannot assign ""<Employee: Employee object (4d74f0c8-3c17-4150-a075-68bcf8d628c7)>"": ""StockTransaction.created_by"" must be a ""User"" instance."
RECEIVE,1110,GMNT00018,093cfa1579,ERROR,"Cannot assign ""<Employee: Employee object (4d74f0c8-3c17-4150-a075-68bcf8d628c7)>"": ""StockTransaction.created_by"" must be a ""User"" instance."
RECEIVE,1111,GMNT00019,093cfa1580,ERROR,"Cannot assign ""<Employee: Employee object (4d74f0c8-3c17-4150-a075-68bcf8d628c7)>"": ""StockTransaction.created_by"" must be a ""User"" instance."
RECEIVE,1112,GMNT00020,093cfa1581,ERROR,"Cannot assign ""<Employee: Employee object (4d74f0c8-3c17-4150-a075-68bcf8d628c7)>"": ""StockTransaction.created_by"" must be a ""User"" instance."
RECEIVE,1113,GMNT00021,093cfa1582,ERROR,"Cannot assign ""<Employee: Employee object (4d74f0c8-3c17-4150-a075-68bcf8d628c7)>"": ""StockTransaction.created_by"" must be a ""User"" instance."
RECEIVE,1114,GMNT00022,093cfa1583,ERROR,"Cannot assign ""<Employee: Employee object (4d74f0c8-3c17-4150-a075-68bcf8d628c7)>"": ""StockTransaction.created_by"" must be a ""User"" instance."
RECEIVE,1115,GMNT00023,093cfa1584,ERROR,"Cannot assign ""<Employee: Employee object (4d74f0c8-3c17-4150-a075-68bcf8d628c7)>"": ""StockTransaction.created_by"" must be a ""User"" instance."
RECEIVE,1116,GMNT00024,093cfa1585,ERROR,"Cannot assign ""<Employee: Employee object (4d74f0c8-3c17-4150-a075-68bcf8d628c7)>"": ""StockTransaction.created_by"" must be a ""User"" instance."
RECEIVE,1117,GMNT00025,093cfa1586,ERROR,"Cannot assign ""<Employee: Employee object (4d74f0c8-3c17-4150-a075-68bcf8d628c7)>"": ""StockTransaction.created_by"" must be a ""User"" instance."
RECEIVE,1118,GMNT00026,093cfa1587,ERROR,"Cannot assign ""<Employee: Employee object (4d74f0c8-3c17-4150-a075-68bcf8d628c7)>"": ""StockTransaction.created_by"" must be a ""User"" instance."
RECEIVE,1119,GMNT00027,093cfa1588,ERROR,"Cannot assign ""<Employee: Employee object (4d74f0c8-3c17-4150-a075-68bcf8d628c7)>"": ""StockTransaction.created_by"" must be a ""User"" instance."
RECEIVE,1120,GMNT00028,093cfa1589,ERROR,"Cannot assign ""<Employee: Employee object (4d74f0c8-3c17-4150-a075-68bcf8d628c7)>"": ""StockTransaction.created_by"" must be a ""User"" instance."
RECEIVE,1121,GMNT00029,093cfa1590,ERROR,"Cannot assign ""<Employee: Employee object (4d74f0c8-3c17-4150-a075-68bcf8d628c7)>"": ""StockTransaction.created_by"" must be a ""User"" instance."
RECEIVE,1122,GMNT00030,093cfa1591,ERROR,"Cannot assign ""<Employee: Employee object (4d74f0c8-3c17-4150-a075-68bcf8d628c7)>"": ""StockTransaction.created_by"" must be a ""User"" instance."
RECEIVE,1123,GMNT00031,093cfa1592,ERROR,"Cannot assign ""<Employee: Employee object (4d74f0c8-3c17-4150-a075-68bcf8d628c7)>"": ""StockTransaction.created_by"" must be a ""User"" instance."
RECEIVE,1124,GMNT00032,093cfa1593,ERROR,"Cannot assign ""<Employee: Employee object (4d74f0c8-3c17-4150-a075-68bcf8d628c7)>"": ""StockTransaction.created_by"" must be a ""User"" instance."
RECEIVE,1125,GMNT00033,093cfa1594,ERROR,"Cannot assign ""<Employee: Employee object (4d74f0c8-3c17-4150-a075-68bcf8d628c7)>"": ""StockTransaction.created_by"" must be a ""User"" instance."
RECEIVE,1126,GMNT00035,093cfa1595,ERROR,"Cannot assign ""<Employee: Employee object (4d74f0c8-3c17-4150-a075-68bcf8d628c7)>"": ""StockTransaction.created_by"" must be a ""User"" instance."
RECEIVE,1127,GMNT00036,093cfa1596,ERROR,"Cannot assign ""<Employee: Employee object (4d74f0c8-3c17-4150-a075-68bcf8d628c7)>"": ""StockTransaction.created_by"" must be a ""User"" instance."
RECEIVE,1128,GMNT00037,093cfa1597,ERROR,"Cannot assign ""<Employee: Employee object (4d74f0c8-3c17-4150-a075-68bcf8d628c7)>"": ""StockTransaction.created_by"" must be a ""User"" instance."
RECEIVE,1129,GMNT00038,093cfa1598,ERROR,"Cannot assign ""<Employee: Employee object (4d74f0c8-3c17-4150-a075-68bcf8d628c7)>"": ""StockTransaction.created_by"" must be a ""User"" instance."
RECEIVE,1130,GMNT00039,093cfa1599,ERROR,"Cannot assign ""<Employee: Employee object (4d74f0c8-3c17-4150-a075-68bcf8d628c7)>"": ""StockTransaction.created_by"" must be a ""User"" instance."
RECEIVE,1131,GMNT00040,093cfa1600,ERROR,"Cannot assign ""<Employee: Employee object (4d74f0c8-3c17-4150-a075-68bcf8d628c7)>"": ""StockTransaction.created_by"" must be a ""User"" instance."
RECEIVE,1132,GMNT00041,093cfa1601,ERROR,"Cannot assign ""<Employee: Employee object (4d74f0c8-3c17-4150-a075-68bcf8d628c7)>"": ""StockTransaction.created_by"" must be a ""User"" instance."
RECEIVE,1133,GMNT00042,093cfa1602,ERROR,"Cannot assign ""<Employee: Employee object (4d74f0c8-3c17-4150-a075-68bcf8d628c7)>"": ""StockTransaction.created_by"" must be a ""User"" instance."
RECEIVE,1134,GMNT00045,093cfa1603,ERROR,"Cannot assign ""<Employee: Employee object (4d74f0c8-3c17-4150-a075-68bcf8d628c7)>"": ""StockTransaction.created_by"" must be a ""User"" instance."
RECEIVE,1135,GMNT00052,093cfa1604,ERROR,"Cannot assign ""<Employee: Employee object (4d74f0c8-3c17-4150-a075-68bcf8d628c7)>"": ""StockTransaction.created_by"" must be a ""User"" instance."
RECEIVE,1136,GMNT00053,093cfa1605,ERROR,"Cannot assign ""<Employee: Employee object (4d74f0c8-3c17-4150-a075-68bcf8d628c7)>"": ""StockTransaction.created_by"" must be a ""User"" instance."
RECEIVE,1137,GMNT00054,093cfa1606,ERROR,"Cannot assign ""<Employee: Employee object (4d74f0c8-3c17-4150-a075-68bcf8d628c7)>"": ""StockTransaction.created_by"" must be a ""User"" instance."
RECEIVE,1138,GOVL00001,093cfa1607,ERROR,"Cannot assign ""<Employee: Employee object (4d74f0c8-3c17-4150-a075-68bcf8d628c7)>"": ""StockTransaction.created_by"" must be a ""User"" instance."
RECEIVE,1139,GOVL00002,093cfa1608,ERROR,"Cannot assign ""<Employee: Employee object (4d74f0c8-3c17-4150-a075-68bcf8d628c7)>"": ""StockTransaction.created_by"" must be a ""User"" instance."
RECEIVE,1140,GOVL00003,093cfa1609,ERROR,"Cannot assign ""<Employee: Employee object (4d74f0c8-3c17-4150-a075-68bcf8d628c7)>"": ""StockTransaction.created_by"" must be a ""User"" instance."
RECEIVE,1141,GOVL00004,093cfa1610,ERROR,"Cannot assign ""<Employee: Employee object (4d74f0c8-3c17-4150-a075-68bcf8d628c7)>"": ""StockTransaction.created_by"" must be a ""User"" instance."
RECEIVE,1142,GOVL00005,093cfa1611,ERROR,"Cannot assign ""<Employee: Employee object (4d74f0c8-3c17-4150-a075-68bcf8d628c7)>"": ""StockTransaction.created_by"" must be a ""User"" instance."
RECEIVE,1143,GOVL00006,093cfa1612,ERROR,"Cannot assign ""<Employee: Employee object (4d74f0c8-3c17-4150-a075-68bcf8d628c7)>"": ""StockTransaction.created_by"" must be a ""User"" instance."
RECEIVE,1144,GOVL00007,093cfa1613,ERROR,"Cannot assign ""<Employee: Employee object (4d74f0c8-3c17-4150-a075-68bcf8d628c7)>"": ""StockTransaction.created_by"" must be a ""User"" instance."
RECEIVE,1145,GOVL00008,093cfa1614,ERROR,"Cannot assign ""<Employee: Employee object (4d74f0c8-3c17-4150-a075-68bcf8d628c7)>"": ""StockTransaction.created_by"" must be a ""User"" instance."
RECEIVE,1146,GOVL00009,093cfa1615,ERROR,"Cannot assign ""<Employee: Employee object (4d74f0c8-3c17-4150-a075-68bcf8d628c7)>"": ""StockTransaction.created_by"" must be a ""User"" instance."
RECEIVE,1147,GOVL00010,093cfa1616,ERROR,"Cannot assign ""<Employee: Employee object (4d74f0c8-3c17-4150-a075-68bcf8d628c7)>"": ""StockTransaction.created_by"" must be a ""User"" instance."
RECEIVE,1148,GOVL00011,093cfa1617,ERROR,"Cannot assign ""<Employee: Employee object (4d74f0c8-3c17-4150-a075-68bcf8d628c7)>"": ""StockTransaction.created_by"" must be a ""User"" instance."
RECEIVE,1149,GOVL00012,093cfa1618,ERROR,"Cannot assign ""<Employee: Employee object (4d74f0c8-3c17-4150-a075-68bcf8d628c7)>"": ""StockTransaction.created_by"" must be a ""User"" instance."
RECEIVE,1150,GOVL00013,093cfa1619,ERROR,"Cannot assign ""<Employee: Employee object (4d74f0c8-3c17-4150-a075-68bcf8d628c7)>"": ""StockTransaction.created_by"" must be a ""User"" instance."
RECEIVE,1151,GOVL00014,093cfa1620,ERROR,"Cannot assign ""<Employee: Employee object (4d74f0c8-3c17-4150-a075-68bcf8d628c7)>"": ""StockTransaction.created_by"" must be a ""User"" instance."
RECEIVE,1152,GOVL00015,093cfa1621,ERROR,"Cannot assign ""<Employee: Employee object (4d74f0c8-3c17-4150-a075-68bcf8d628c7)>"": ""StockTransaction.created_by"" must be a ""User"" instance."
RECEIVE,1153,GOVL00016,093cfa1622,ERROR,"Cannot assign ""<Employee: Employee object (4d74f0c8-3c17-4150-a075-68bcf8d628c7)>"": ""StockTransaction.created_by"" must be a ""User"" instance."
RECEIVE,1154,GOVL00017,093cfa1623,ERROR,"Cannot assign ""<Employee: Employee object (4d74f0c8-3c17-4150-a075-68bcf8d628c7)>"": ""StockTransaction.created_by"" must be a ""User"" instance."
RECEIVE,1155,GOVL00018,093cfa1624,ERROR,"Cannot assign ""<Employee: Employee object (4d74f0c8-3c17-4150-a075-68bcf8d628c7)>"": ""StockTransaction.created_by"" must be a ""User"" instance."
RECEIVE,1156,GOVL00019,093cfa1625,ERROR,"Cannot assign ""<Employee: Employee object (4d74f0c8-3c17-4150-a075-68bcf8d628c7)>"": ""StockTransaction.created_by"" must be a ""User"" instance."
RECEIVE,1157,GOVL00020,093cfa1626,ERROR,"Cannot assign ""<Employee: Employee object (4d74f0c8-3c17-4150-a075-68bcf8d628c7)>"": ""StockTransaction.created_by"" must be a ""User"" instance."
RECEIVE,1158,GOVL00021,093cfa1627,ERROR,"Cannot assign ""<Employee: Employee object (4d74f0c8-3c17-4150-a075-68bcf8d628c7)>"": ""StockTransaction.created_by"" must be a ""User"" instance."
RECEIVE,1159,GOVL00022,093cfa1628,ERROR,"Cannot assign ""<Employee: Employee object (4d74f0c8-3c17-4150-a075-68bcf8d628c7)>"": ""StockTransaction.created_by"" must be a ""User"" instance."
RECEIVE,1160,GOVL00023,093cfa1629,ERROR,"Cannot assign ""<Employee: Employee object (4d74f0c8-3c17-4150-a075-68bcf8d628c7)>"": ""StockTransaction.created_by"" must be a ""User"" instance."
RECEIVE,1161,GOVL00025,093cfa1630,ERROR,"Cannot assign ""<Employee: Employee object (4d74f0c8-3c17-4150-a075-68bcf8d628c7)>"": ""StockTransaction.created_by"" must be a ""User"" instance."
RECEIVE,1162,GOVL00026,093cfa1631,ERROR,"Cannot assign ""<Employee: Employee object (4d74f0c8-3c17-4150-a075-68bcf8d628c7)>"": ""StockTransaction.created_by"" must be a ""User"" instance."
RECEIVE,1163,GOVL00027,093cfa1632,ERROR,"Cannot assign ""<Employee: Employee object (4d74f0c8-3c17-4150-a075-68bcf8d628c7)>"": ""StockTransaction.created_by"" must be a ""User"" instance."
RECEIVE,1164,GOVL00028,093cfa1633,ERROR,"Cannot assign ""<Employee: Employee object (4d74f0c8-3c17-4150-a075-68bcf8d628c7)>"": ""StockTransaction.created_by"" must be a ""User"" instance."
RECEIVE,1165,GOVL00029,093cfa1634,ERROR,"Cannot assign ""<Employee: Employee object (4d74f0c8-3c17-4150-a075-68bcf8d628c7)>"": ""StockTransaction.created_by"" must be a ""User"" instance."
RECEIVE,1166,GOVL00030,093cfa1635,ERROR,"Cannot assign ""<Employee: Employee object (4d74f0c8-3c17-4150-a075-68bcf8d628c7)>"": ""StockTransaction.created_by"" must be a ""User"" instance."
RECEIVE,1167,GOVL00031,093cfa1636,ERROR,"Cannot assign ""<Employee: Employee object (4d74f0c8-3c17-4150-a075-68bcf8d628c7)>"": ""StockTransaction.created_by"" must be a ""User"" instance."
RECEIVE,1168,GOVL00032,093cfa1637,ERROR,"Cannot assign ""<Employee: Employee object (4d74f0c8-3c17-4150-a075-68bcf8d628c7)>"": ""StockTransaction.created_by"" must be a ""User"" instance."
RECEIVE,1169,GOVL00033,093cfa1638,ERROR,"Cannot assign ""<Employee: Employee object (4d74f0c8-3c17-4150-a075-68bcf8d628c7)>"": ""StockTransaction.created_by"" must be a ""User"" instance."
RECEIVE,1170,GOVL00034,093cfa1639,ERROR,"Cannot assign ""<Employee: Employee object (4d74f0c8-3c17-4150-a075-68bcf8d628c7)>"": ""StockTransaction.created_by"" must be a ""User"" instance."
RECEIVE,1171,GOVL00036,093cfa1640,ERROR,"Cannot assign ""<Employee: Employee object (4d74f0c8-3c17-4150-a075-68bcf8d628c7)>"": ""StockTransaction.created_by"" must be a ""User"" instance."
RECEIVE,1172,GOVL00037,093cfa1641,ERROR,"Cannot assign ""<Employee: Employee object (4d74f0c8-3c17-4150-a075-68bcf8d628c7)>"": ""StockTransaction.created_by"" must be a ""User"" instance."
RECEIVE,1173,GOVL00038,093cfa1642,ERROR,"Cannot assign ""<Employee: Employee object (4d74f0c8-3c17-4150-a075-68bcf8d628c7)>"": ""StockTransaction.created_by"" must be a ""User"" instance."
RECEIVE,1174,GOVL00039,093cfa1643,ERROR,"Cannot assign ""<Employee: Employee object (4d74f0c8-3c17-4150-a075-68bcf8d628c7)>"": ""StockTransaction.created_by"" must be a ""User"" instance."
RECEIVE,1175,GOVL00040,093cfa1644,ERROR,"Cannot assign ""<Employee: Employee object (4d74f0c8-3c17-4150-a075-68bcf8d628c7)>"": ""StockTransaction.created_by"" must be a ""User"" instance."
RECEIVE,1176,GOVL00041,093cfa1645,ERROR,"Cannot assign ""<Employee: Employee object (4d74f0c8-3c17-4150-a075-68bcf8d628c7)>"": ""StockTransaction.created_by"" must be a ""User"" instance."
RECEIVE,1177,GOVL00042,093cfa1646,ERROR,"Cannot assign ""<Employee: Employee object (4d74f0c8-3c17-4150-a075-68bcf8d628c7)>"": ""StockTransaction.created_by"" must be a ""User"" instance."
RECEIVE,1178,GOVL00043,093cfa1647,ERROR,"Cannot assign ""<Employee: Employee object (4d74f0c8-3c17-4150-a075-68bcf8d628c7)>"": ""StockTransaction.created_by"" must be a ""User"" instance."
RECEIVE,1179,GOVL00044,093cfa1648,ERROR,"Cannot assign ""<Employee: Employee object (4d74f0c8-3c17-4150-a075-68bcf8d628c7)>"": ""StockTransaction.created_by"" must be a ""User"" instance."
RECEIVE,1180,GOVL00045,093cfa1649,ERROR,"Cannot assign ""<Employee: Employee object (4d74f0c8-3c17-4150-a075-68bcf8d628c7)>"": ""StockTransaction.created_by"" must be a ""User"" instance."
RECEIVE,1181,GOVL00046,093cfa1650,ERROR,"Cannot assign ""<Employee: Employee object (4d74f0c8-3c17-4150-a075-68bcf8d628c7)>"": ""StockTransaction.created_by"" must be a ""User"" instance."
RECEIVE,1182,GOVL00047,093cfa1651,ERROR,"Cannot assign ""<Employee: Employee object (4d74f0c8-3c17-4150-a075-68bcf8d628c7)>"": ""StockTransaction.created_by"" must be a ""User"" instance."
RECEIVE,1183,GOVL00048,093cfa1652,ERROR,"Cannot assign ""<Employee: Employee object (4d74f0c8-3c17-4150-a075-68bcf8d628c7)>"": ""StockTransaction.created_by"" must be a ""User"" instance."
RECEIVE,1184,GOVL00049,093cfa1653,ERROR,"Cannot assign ""<Employee: Employee object (4d74f0c8-3c17-4150-a075-68bcf8d628c7)>"": ""StockTransaction.created_by"" must be a ""User"" instance."
RECEIVE,1185,GOVL00050,093cfa1654,ERROR,"Cannot assign ""<Employee: Employee object (4d74f0c8-3c17-4150-a075-68bcf8d628c7)>"": ""StockTransaction.created_by"" must be a ""User"" instance."
RECEIVE,1186,GOVL00051,093cfa1655,ERROR,"Cannot assign ""<Employee: Employee object (4d74f0c8-3c17-4150-a075-68bcf8d628c7)>"": ""StockTransaction.created_by"" must be a ""User"" instance."
RECEIVE,1187,GOVL00052,093cfa1656,ERROR,"Cannot assign ""<Employee: Employee object (4d74f0c8-3c17-4150-a075-68bcf8d628c7)>"": ""StockTransaction.created_by"" must be a ""User"" instance."
RECEIVE,1188,GOVL00053,093cfa1657,ERROR,"Cannot assign ""<Employee: Employee object (4d74f0c8-3c17-4150-a075-68bcf8d628c7)>"": ""StockTransaction.created_by"" must be a ""User"" instance."
RECEIVE,1189,GPG00001,093cfa1658,ERROR,"Cannot assign ""<Employee: Employee object (4d74f0c8-3c17-4150-a075-68bcf8d628c7)>"": ""StockTransaction.created_by"" must be a ""User"" instance."
RECEIVE,1190,GPG00002,093cfa1659,ERROR,"Cannot assign ""<Employee: Employee object (4d74f0c8-3c17-4150-a075-68bcf8d628c7)>"": ""StockTransaction.created_by"" must be a ""User"" instance."
RECEIVE,1191,GPG00003,093cfa1660,ERROR,"Cannot assign ""<Employee: Employee object (4d74f0c8-3c17-4150-a075-68bcf8d628c7)>"": ""StockTransaction.created_by"" must be a ""User"" instance."
RECEIVE,1192,GPG00004,093cfa1661,ERROR,"Cannot assign ""<Employee: Employee object (4d74f0c8-3c17-4150-a075-68bcf8d628c7)>"": ""StockTransaction.created_by"" must be a ""User"" instance."
RECEIVE,1193,GPG00005,093cfa1662,ERROR,"Cannot assign ""<Employee: Employee object (4d74f0c8-3c17-4150-a075-68bcf8d628c7)>"": ""StockTransaction.created_by"" must be a ""User"" instance."
RECEIVE,1194,GPG00006,093cfa1663,ERROR,"Cannot assign ""<Employee: Employee object (4d74f0c8-3c17-4150-a075-68bcf8d628c7)>"": ""StockTransaction.created_by"" must be a ""User"" instance."
RECEIVE,1195,GPG00007,093cfa1664,ERROR,"Cannot assign ""<Employee: Employee object (4d74f0c8-3c17-4150-a075-68bcf8d628c7)>"": ""StockTransaction.created_by"" must be a ""User"" instance."
RECEIVE,1196,GPG00008,093cfa1665,ERROR,"Cannot assign ""<Employee: Employee object (4d74f0c8-3c17-4150-a075-68bcf8d628c7)>"": ""StockTransaction.created_by"" must be a ""User"" instance."
RECEIVE,1197,GPG00009,093cfa1666,ERROR,"Cannot assign ""<Employee: Employee object (4d74f0c8-3c17-4150-a075-68bcf8d628c7)>"": ""StockTransaction.created_by"" must be a ""User"" instance."
RECEIVE,1198,GPG00010,093cfa1667,ERROR,"Cannot assign ""<Employee: Employee object (4d74f0c8-3c17-4150-a075-68bcf8d628c7)>"": ""StockTransaction.created_by"" must be a ""User"" instance."
RECEIVE,1199,GPG00011,093cfa1668,ERROR,"Cannot assign ""<Employee: Employee object (4d74f0c8-3c17-4150-a075-68bcf8d628c7)>"": ""StockTransaction.created_by"" must be a ""User"" instance."
RECEIVE,1200,GPG00013,093cfa1669,ERROR,"Cannot assign ""<Employee: Employee object (4d74f0c8-3c17-4150-a075-68bcf8d628c7)>"": ""StockTransaction.created_by"" must be a ""User"" instance."
RECEIVE,1201,GPG00014,093cfa1670,ERROR,"Cannot assign ""<Employee: Employee object (4d74f0c8-3c17-4150-a075-68bcf8d628c7)>"": ""StockTransaction.created_by"" must be a ""User"" instance."
RECEIVE,1202,GPG00016,093cfa1671,ERROR,"Cannot assign ""<Employee: Employee object (4d74f0c8-3c17-4150-a075-68bcf8d628c7)>"": ""StockTransaction.created_by"" must be a ""User"" instance."
RECEIVE,1203,GPG00017,093cfa1672,ERROR,"Cannot assign ""<Employee: Employee object (4d74f0c8-3c17-4150-a075-68bcf8d628c7)>"": ""StockTransaction.created_by"" must be a ""User"" instance."
RECEIVE,1204,GPG00018,093cfa1673,ERROR,"Cannot assign ""<Employee: Employee object (4d74f0c8-3c17-4150-a075-68bcf8d628c7)>"": ""StockTransaction.created_by"" must be a ""User"" instance."
RECEIVE,1205,GPG00019,093cfa1674,ERROR,"Cannot assign ""<Employee: Employee object (4d74f0c8-3c17-4150-a075-68bcf8d628c7)>"": ""StockTransaction.created_by"" must be a ""User"" instance."
RECEIVE,1206,GPG00020,093cfa1675,ERROR,"Cannot assign ""<Employee: Employee object (4d74f0c8-3c17-4150-a075-68bcf8d628c7)>"": ""StockTransaction.created_by"" must be a ""User"" instance."
RECEIVE,1207,GPG00021,093cfa1676,ERROR,"Cannot assign ""<Employee: Employee object (4d74f0c8-3c17-4150-a075-68bcf8d628c7)>"": ""StockTransaction.created_by"" must be a ""User"" instance."
RECEIVE,1208,GPG00025,093cfa1677,ERROR,"Cannot assign ""<Employee: Employee object (4d74f0c8-3c17-4150-a075-68bcf8d628c7)>"": ""StockTransaction.created_by"" must be a ""User"" instance."
RECEIVE,1209,GCTTM00001,093cfa1678,ERROR,"Cannot assign ""<Employee: Employee object (4d74f0c8-3c17-4150-a075-68bcf8d628c7)>"": ""StockTransaction.created_by"" must be a ""User"" instance."
RECEIVE,1210,GCTTM00002,093cfa1679,ERROR,"Cannot assign ""<Employee: Employee object (4d74f0c8-3c17-4150-a075-68bcf8d628c7)>"": ""StockTransaction.created_by"" must be a ""User"" instance."
RECEIVE,1211,GCTTM00002,093cfa1680,ERROR,"Cannot assign ""<Employee: Employee object (4d74f0c8-3c17-4150-a075-68bcf8d628c7)>"": ""StockTransaction.created_by"" must be a ""User"" instance."
RECEIVE,1212,GCTTM00004,093cfa1681,ERROR,"Cannot assign ""<Employee: Employee object (4d74f0c8-3c17-4150-a075-68bcf8d628c7)>"": ""StockTransaction.created_by"" must be a ""User"" instance."
RECEIVE,1213,GCTTM00005,093cfa1682,ERROR,"Cannot assign ""<Employee: Employee object (4d74f0c8-3c17-4150-a075-68bcf8d628c7)>"": ""StockTransaction.created_by"" must be a ""User"" instance."
RECEIVE,1214,GCTTM00006,093cfa1683,ERROR,"Cannot assign ""<Employee: Employee object (4d74f0c8-3c17-4150-a075-68bcf8d628c7)>"": ""StockTransaction.created_by"" must be a ""User"" instance."
RECEIVE,1215,GCTTM00007,093cfa1684,ERROR,"Cannot assign ""<Employee: Employee object (4d74f0c8-3c17-4150-a075-68bcf8d628c7)>"": ""StockTransaction.created_by"" must be a ""User"" instance."
RECEIVE,1216,GCTTM00008,093cfa1685,ERROR,"Cannot assign ""<Employee: Employee object (4d74f0c8-3c17-4150-a075-68bcf8d628c7)>"": ""StockTransaction.created_by"" must be a ""User"" instance."
RECEIVE,1217,GCTTM00009,093cfa1686,ERROR,"Cannot assign ""<Employee: Employee object (4d74f0c8-3c17-4150-a075-68bcf8d628c7)>"": ""StockTransaction.created_by"" must be a ""User"" instance."
RECEIVE,1218,GCTTM00010,093cfa1687,ERROR,"Cannot assign ""<Employee: Employee object (4d74f0c8-3c17-4150-a075-68bcf8d628c7)>"": ""StockTransaction.created_by"" must be a ""User"" instance."
RECEIVE,1219,GCTTM00011,093cfa1688,ERROR,"Cannot assign ""<Employee: Employee object (4d74f0c8-3c17-4150-a075-68bcf8d628c7)>"": ""StockTransaction.created_by"" must be a ""User"" instance."
RECEIVE,1220,GCTTM00012,093cfa1689,ERROR,"Cannot assign ""<Employee: Employee object (4d74f0c8-3c17-4150-a075-68bcf8d628c7)>"": ""StockTransaction.created_by"" must be a ""User"" instance."
RECEIVE,1221,GCTTM00013,093cfa1690,ERROR,"Cannot assign ""<Employee: Employee object (4d74f0c8-3c17-4150-a075-68bcf8d628c7)>"": ""StockTransaction.created_by"" must be a ""User"" instance."
RECEIVE,1222,GCTTM00014,093cfa1691,ERROR,"Cannot assign ""<Employee: Employee object (4d74f0c8-3c17-4150-a075-68bcf8d628c7)>"": ""StockTransaction.created_by"" must be a ""User"" instance."
RECEIVE,1223,GCTTM00015,093cfa1692,ERROR,"Cannot assign ""<Employee: Employee object (4d74f0c8-3c17-4150-a075-68bcf8d628c7)>"": ""StockTransaction.created_by"" must be a ""User"" instance."
RECEIVE,1224,GCTTM00016,093cfa1693,ERROR,"Cannot assign ""<Employee: Employee object (4d74f0c8-3c17-4150-a075-68bcf8d628c7)>"": ""StockTransaction.created_by"" must be a ""User"" instance."
RECEIVE,1225,GCTTM00017,093cfa1694,ERROR,"Cannot assign ""<Employee: Employee object (4d74f0c8-3c17-4150-a075-68bcf8d628c7)>"": ""StockTransaction.created_by"" must be a ""User"" instance."
RECEIVE,1226,GCTTM00019,093cfa1695,ERROR,"Cannot assign ""<Employee: Employee object (4d74f0c8-3c17-4150-a075-68bcf8d628c7)>"": ""StockTransaction.created_by"" must be a ""User"" instance."
RECEIVE,1227,GCTTM00020,093cfa1696,ERROR,"Cannot assign ""<Employee: Employee object (4d74f0c8-3c17-4150-a075-68bcf8d628c7)>"": ""StockTransaction.created_by"" must be a ""User"" instance."
RECEIVE,1228,GCTTM00022,093cfa1698,ERROR,"Cannot assign ""<Employee: Employee object (4d74f0c8-3c17-4150-a075-68bcf8d628c7)>"": ""StockTransaction.created_by"" must be a ""User"" instance."
RECEIVE,1229,GCTTM00023,093cfa1699,ERROR,"Cannot assign ""<Employee: Employee object (4d74f0c8-3c17-4150-a075-68bcf8d628c7)>"": ""StockTransaction.created_by"" must be a ""User"" instance."
RECEIVE,1230,GCTTM00024,093cfa1700,ERROR,"Cannot assign ""<Employee: Employee object (4d74f0c8-3c17-4150-a075-68bcf8d628c7)>"": ""StockTransaction.created_by"" must be a ""User"" instance."
RECEIVE,1231,GCTTM00025,093cfa1701,ERROR,"Cannot assign ""<Employee: Employee object (4d74f0c8-3c17-4150-a075-68bcf8d628c7)>"": ""StockTransaction.created_by"" must be a ""User"" instance."
RECEIVE,1232,GCTTM00027,093cfa1703,ERROR,"Cannot assign ""<Employee: Employee object (4d74f0c8-3c17-4150-a075-68bcf8d628c7)>"": ""StockTransaction.created_by"" must be a ""User"" instance."
RECEIVE,1233,GCTTM00028,093cfa1704,ERROR,"Cannot assign ""<Employee: Employee object (4d74f0c8-3c17-4150-a075-68bcf8d628c7)>"": ""StockTransaction.created_by"" must be a ""User"" instance."
RECEIVE,1234,GCTTM00029,093cfa1705,ERROR,"Cannot assign ""<Employee: Employee object (4d74f0c8-3c17-4150-a075-68bcf8d628c7)>"": ""StockTransaction.created_by"" must be a ""User"" instance."
RECEIVE,1235,GCTTM00030,093cfa1706,ERROR,"Cannot assign ""<Employee: Employee object (4d74f0c8-3c17-4150-a075-68bcf8d628c7)>"": ""StockTransaction.created_by"" must be a ""User"" instance."
RECEIVE,1236,GCTTM00031,093cfa1707,ERROR,"Cannot assign ""<Employee: Employee object (4d74f0c8-3c17-4150-a075-68bcf8d628c7)>"": ""StockTransaction.created_by"" must be a ""User"" instance."
RECEIVE,1237,GCTTM00032,093cfa1708,ERROR,"Cannot assign ""<Employee: Employee object (4d74f0c8-3c17-4150-a075-68bcf8d628c7)>"": ""StockTransaction.created_by"" must be a ""User"" instance."
RECEIVE,1238,GCTTM00033,093cfa1709,ERROR,"Cannot assign ""<Employee: Employee object (4d74f0c8-3c17-4150-a075-68bcf8d628c7)>"": ""StockTransaction.created_by"" must be a ""User"" instance."
RECEIVE,1239,GCTTM00034,093cfa1710,ERROR,"Cannot assign ""<Employee: Employee object (4d74f0c8-3c17-4150-a075-68bcf8d628c7)>"": ""StockTransaction.created_by"" must be a ""User"" instance."
RECEIVE,1240,GCTTM00035,093cfa1711,ERROR,"Cannot assign ""<Employee: Employee object (4d74f0c8-3c17-4150-a075-68bcf8d628c7)>"": ""StockTransaction.created_by"" must be a ""User"" instance."
RECEIVE,1241,GCTTM00036,093cfa1712,ERROR,"Cannot assign ""<Employee: Employee object (4d74f0c8-3c17-4150-a075-68bcf8d628c7)>"": ""StockTransaction.created_by"" must be a ""User"" instance."
RECEIVE,1242,GCTTM00037,093cfa1713,ERROR,"Cannot assign ""<Employee: Employee object (4d74f0c8-3c17-4150-a075-68bcf8d628c7)>"": ""StockTransaction.created_by"" must be a ""User"" instance."
RECEIVE,1243,GCTTM00039,093cfa1714,ERROR,"Cannot assign ""<Employee: Employee object (4d74f0c8-3c17-4150-a075-68bcf8d628c7)>"": ""StockTransaction.created_by"" must be a ""User"" instance."
RECEIVE,1244,GCTTM00040,093cfa1715,ERROR,"Cannot assign ""<Employee: Employee object (4d74f0c8-3c17-4150-a075-68bcf8d628c7)>"": ""StockTransaction.created_by"" must be a ""User"" instance."
RECEIVE,1245,GCTTM00041,093cfa1716,ERROR,"Cannot assign ""<Employee: Employee object (4d74f0c8-3c17-4150-a075-68bcf8d628c7)>"": ""StockTransaction.created_by"" must be a ""User"" instance."
RECEIVE,1246,GCTTM00042,093cfa1717,ERROR,"Cannot assign ""<Employee: Employee object (4d74f0c8-3c17-4150-a075-68bcf8d628c7)>"": ""StockTransaction.created_by"" must be a ""User"" instance."
RECEIVE,1247,GRY00001,093cfa1718,ERROR,"Cannot assign ""<Employee: Employee object (4d74f0c8-3c17-4150-a075-68bcf8d628c7)>"": ""StockTransaction.created_by"" must be a ""User"" instance."
RECEIVE,1248,GRY00002,093cfa1719,ERROR,"Cannot assign ""<Employee: Employee object (4d74f0c8-3c17-4150-a075-68bcf8d628c7)>"": ""StockTransaction.created_by"" must be a ""User"" instance."
RECEIVE,1249,GRY00003,093cfa1720,ERROR,"Cannot assign ""<Employee: Employee object (4d74f0c8-3c17-4150-a075-68bcf8d628c7)>"": ""StockTransaction.created_by"" must be a ""User"" instance."
RECEIVE,1250,GRY00004,093cfa1721,ERROR,"Cannot assign ""<Employee: Employee object (4d74f0c8-3c17-4150-a075-68bcf8d628c7)>"": ""StockTransaction.created_by"" must be a ""User"" instance."
RECEIVE,1251,GRY00005,093cfa1722,ERROR,"Cannot assign ""<Employee: Employee object (4d74f0c8-3c17-4150-a075-68bcf8d628c7)>"": ""StockTransaction.created_by"" must be a ""User"" instance."
RECEIVE,1252,GRY00006,093cfa1723,ERROR,"Cannot assign ""<Employee: Employee object (4d74f0c8-3c17-4150-a075-68bcf8d628c7)>"": ""StockTransaction.created_by"" must be a ""User"" instance."
RECEIVE,1253,GRY00007,093cfa1724,ERROR,"Cannot assign ""<Employee: Employee object (4d74f0c8-3c17-4150-a075-68bcf8d628c7)>"": ""StockTransaction.created_by"" must be a ""User"" instance."
RECEIVE,1254,GRY00008,093cfa1725,ERROR,"Cannot assign ""<Employee: Employee object (4d74f0c8-3c17-4150-a075-68bcf8d628c7)>"": ""StockTransaction.created_by"" must be a ""User"" instance."
RECEIVE,1255,GRY00009,093cfa1726,ERROR,"Cannot assign ""<Employee: Employee object (4d74f0c8-3c17-4150-a075-68bcf8d628c7)>"": ""StockTransaction.created_by"" must be a ""User"" instance."
RECEIVE,1256,GRY00010,093cfa1727,ERROR,"Cannot assign ""<Employee: Employee object (4d74f0c8-3c17-4150-a075-68bcf8d628c7)>"": ""StockTransaction.created_by"" must be a ""User"" instance."
RECEIVE,1257,GRY00011,093cfa1728,ERROR,"Cannot assign ""<Employee: Employee object (4d74f0c8-3c17-4150-a075-68bcf8d628c7)>"": ""StockTransaction.created_by"" must be a ""User"" instance."
RECEIVE,1258,GRY00012,093cfa1729,ERROR,"Cannot assign ""<Employee: Employee object (4d74f0c8-3c17-4150-a075-68bcf8d628c7)>"": ""StockTransaction.created_by"" must be a ""User"" instance."
RECEIVE,1259,GRY00013,093cfa1730,ERROR,"Cannot assign ""<Employee: Employee object (4d74f0c8-3c17-4150-a075-68bcf8d628c7)>"": ""StockTransaction.created_by"" must be a ""User"" instance."
RECEIVE,1260,GRY00014,093cfa1731,ERROR,"Cannot assign ""<Employee: Employee object (4d74f0c8-3c17-4150-a075-68bcf8d628c7)>"": ""StockTransaction.created_by"" must be a ""User"" instance."
RECEIVE,1261,GRY00015,093cfa1732,ERROR,"Cannot assign ""<Employee: Employee object (4d74f0c8-3c17-4150-a075-68bcf8d628c7)>"": ""StockTransaction.created_by"" must be a ""User"" instance."
RECEIVE,1262,GRY00016,093cfa1733,ERROR,"Cannot assign ""<Employee: Employee object (4d74f0c8-3c17-4150-a075-68bcf8d628c7)>"": ""StockTransaction.created_by"" must be a ""User"" instance."
RECEIVE,1263,GRY00017,093cfa1734,ERROR,"Cannot assign ""<Employee: Employee object (4d74f0c8-3c17-4150-a075-68bcf8d628c7)>"": ""StockTransaction.created_by"" must be a ""User"" instance."
RECEIVE,1264,GRY00018,093cfa1735,ERROR,"Cannot assign ""<Employee: Employee object (4d74f0c8-3c17-4150-a075-68bcf8d628c7)>"": ""StockTransaction.created_by"" must be a ""User"" instance."
RECEIVE,1265,GRY00019,093cfa1736,ERROR,"Cannot assign ""<Employee: Employee object (4d74f0c8-3c17-4150-a075-68bcf8d628c7)>"": ""StockTransaction.created_by"" must be a ""User"" instance."
RECEIVE,1266,GRY00020,093cfa1737,ERROR,"Cannot assign ""<Employee: Employee object (4d74f0c8-3c17-4150-a075-68bcf8d628c7)>"": ""StockTransaction.created_by"" must be a ""User"" instance."
RECEIVE,1267,GRY00021,093cfa1738,ERROR,"Cannot assign ""<Employee: Employee object (4d74f0c8-3c17-4150-a075-68bcf8d628c7)>"": ""StockTransaction.created_by"" must be a ""User"" instance."
RECEIVE,1268,GRY00022,093cfa1739,ERROR,"Cannot assign ""<Employee: Employee object (4d74f0c8-3c17-4150-a075-68bcf8d628c7)>"": ""StockTransaction.created_by"" must be a ""User"" instance."
RECEIVE,1269,GRY00023,093cfa1740,ERROR,"Cannot assign ""<Employee: Employee object (4d74f0c8-3c17-4150-a075-68bcf8d628c7)>"": ""StockTransaction.created_by"" must be a ""User"" instance."
RECEIVE,1270,GRY00024,093cfa1741,ERROR,"Cannot assign ""<Employee: Employee object (4d74f0c8-3c17-4150-a075-68bcf8d628c7)>"": ""StockTransaction.created_by"" must be a ""User"" instance."
RECEIVE,1271,GRY00025,093cfa1742,ERROR,"Cannot assign ""<Employee: Employee object (4d74f0c8-3c17-4150-a075-68bcf8d628c7)>"": ""StockTransaction.created_by"" must be a ""User"" instance."
RECEIVE,1272,GRY00026,093cfa1743,ERROR,"Cannot assign ""<Employee: Employee object (4d74f0c8-3c17-4150-a075-68bcf8d628c7)>"": ""StockTransaction.created_by"" must be a ""User"" instance."
RECEIVE,1273,GRY00027,093cfa1744,ERROR,"Cannot assign ""<Employee: Employee object (4d74f0c8-3c17-4150-a075-68bcf8d628c7)>"": ""StockTransaction.created_by"" must be a ""User"" instance."
RECEIVE,1274,GRY00028,093cfa1745,ERROR,"Cannot assign ""<Employee: Employee object (4d74f0c8-3c17-4150-a075-68bcf8d628c7)>"": ""StockTransaction.created_by"" must be a ""User"" instance."
RECEIVE,1275,GRY00030,093cfa1746,ERROR,"Cannot assign ""<Employee: Employee object (4d74f0c8-3c17-4150-a075-68bcf8d628c7)>"": ""StockTransaction.created_by"" must be a ""User"" instance."
RECEIVE,1276,GRY00031,093cfa1747,ERROR,"Cannot assign ""<Employee: Employee object (4d74f0c8-3c17-4150-a075-68bcf8d628c7)>"": ""StockTransaction.created_by"" must be a ""User"" instance."
RECEIVE,1277,GRY00032,093cfa1748,ERROR,"Cannot assign ""<Employee: Employee object (4d74f0c8-3c17-4150-a075-68bcf8d628c7)>"": ""StockTransaction.created_by"" must be a ""User"" instance."
RECEIVE,1278,GRY00033,093cfa1749,ERROR,"Cannot assign ""<Employee: Employee object (4d74f0c8-3c17-4150-a075-68bcf8d628c7)>"": ""StockTransaction.created_by"" must be a ""User"" instance."
RECEIVE,1279,GRY00035,093cfa1750,ERROR,"Cannot assign ""<Employee: Employee object (4d74f0c8-3c17-4150-a075-68bcf8d628c7)>"": ""StockTransaction.created_by"" must be a ""User"" instance."
RECEIVE,1280,GRY00036,093cfa1751,ERROR,"Cannot assign ""<Employee: Employee object (4d74f0c8-3c17-4150-a075-68bcf8d628c7)>"": ""StockTransaction.created_by"" must be a ""User"" instance."
RECEIVE,1281,GRY00037,093cfa1752,ERROR,"Cannot assign ""<Employee: Employee object (4d74f0c8-3c17-4150-a075-68bcf8d628c7)>"": ""StockTransaction.created_by"" must be a ""User"" instance."
RECEIVE,1282,GRY00038,093cfa1753,ERROR,"Cannot assign ""<Employee: Employee object (4d74f0c8-3c17-4150-a075-68bcf8d628c7)>"": ""StockTransaction.created_by"" must be a ""User"" instance."
RECEIVE,1283,GRY00039,093cfa1754,ERROR,"Cannot assign ""<Employee: Employee object (4d74f0c8-3c17-4150-a075-68bcf8d628c7)>"": ""StockTransaction.created_by"" must be a ""User"" instance."
RECEIVE,1284,GRY00040,093cfa1755,ERROR,"Cannot assign ""<Employee: Employee object (4d74f0c8-3c17-4150-a075-68bcf8d628c7)>"": ""StockTransaction.created_by"" must be a ""User"" instance."
RECEIVE,1285,GRY00041,093cfa1756,ERROR,"Cannot assign ""<Employee: Employee object (4d74f0c8-3c17-4150-a075-68bcf8d628c7)>"": ""StockTransaction.created_by"" must be a ""User"" instance."
RECEIVE,1286,GRY00042,093cfa1757,ERROR,"Cannot assign ""<Employee: Employee object (4d74f0c8-3c17-4150-a075-68bcf8d628c7)>"": ""StockTransaction.created_by"" must be a ""User"" instance."
RECEIVE,1287,GRY00043,093cfa1758,ERROR,"Cannot assign ""<Employee: Employee object (4d74f0c8-3c17-4150-a075-68bcf8d628c7)>"": ""StockTransaction.created_by"" must be a ""User"" instance."
RECEIVE,1288,GRY00044,093cfa1759,ERROR,"Cannot assign ""<Employee: Employee object (4d74f0c8-3c17-4150-a075-68bcf8d628c7)>"": ""StockTransaction.created_by"" must be a ""User"" instance."
RECEIVE,1289,GRY00045,093cfa1760,ERROR,"Cannot assign ""<Employee: Employee object (4d74f0c8-3c17-4150-a075-68bcf8d628c7)>"": ""StockTransaction.created_by"" must be a ""User"" instance."
RECEIVE,1290,GRY00046,093cfa1761,ERROR,"Cannot assign ""<Employee: Employee object (4d74f0c8-3c17-4150-a075-68bcf8d628c7)>"": ""StockTransaction.created_by"" must be a ""User"" instance."
RECEIVE,1291,GRY00047,093cfa1762,ERROR,"Cannot assign ""<Employee: Employee object (4d74f0c8-3c17-4150-a075-68bcf8d628c7)>"": ""StockTransaction.created_by"" must be a ""User"" instance."
RECEIVE,1292,GRY00048,093cfa1763,ERROR,"Cannot assign ""<Employee: Employee object (4d74f0c8-3c17-4150-a075-68bcf8d628c7)>"": ""StockTransaction.created_by"" must be a ""User"" instance."
RECEIVE,1293,GRY00051,093cfa1764,ERROR,"Cannot assign ""<Employee: Employee object (4d74f0c8-3c17-4150-a075-68bcf8d628c7)>"": ""StockTransaction.created_by"" must be a ""User"" instance."
RECEIVE,1294,GRY00052,093cfa1765,ERROR,"Cannot assign ""<Employee: Employee object (4d74f0c8-3c17-4150-a075-68bcf8d628c7)>"": ""StockTransaction.created_by"" must be a ""User"" instance."
RECEIVE,1295,GRY00053,093cfa1766,ERROR,"Cannot assign ""<Employee: Employee object (4d74f0c8-3c17-4150-a075-68bcf8d628c7)>"": ""StockTransaction.created_by"" must be a ""User"" instance."
RECEIVE,1296,GRY00054,093cfa1767,ERROR,"Cannot assign ""<Employee: Employee object (4d74f0c8-3c17-4150-a075-68bcf8d628c7)>"": ""StockTransaction.created_by"" must be a ""User"" instance."
RECEIVE,1297,GRY00055,093cfa1768,ERROR,"Cannot assign ""<Employee: Employee object (4d74f0c8-3c17-4150-a075-68bcf8d628c7)>"": ""StockTransaction.created_by"" must be a ""User"" instance."
RECEIVE,1298,GRY00056,093cfa1769,ERROR,"Cannot assign ""<Employee: Employee object (4d74f0c8-3c17-4150-a075-68bcf8d628c7)>"": ""StockTransaction.created_by"" must be a ""User"" instance."
RECEIVE,1299,GRY00057,093cfa1770,ERROR,"Cannot assign ""<Employee: Employee object (4d74f0c8-3c17-4150-a075-68bcf8d628c7)>"": ""StockTransaction.created_by"" must be a ""User"" instance."
RECEIVE,1300,GRY00058,093cfa1771,ERROR,"Cannot assign ""<Employee: Employee object (4d74f0c8-3c17-4150-a075-68bcf8d628c7)>"": ""StockTransaction.created_by"" must be a ""User"" instance."
RECEIVE,1301,GRY00059,093cfa1772,ERROR,"Cannot assign ""<Employee: Employee object (4d74f0c8-3c17-4150-a075-68bcf8d628c7)>"": ""StockTransaction.created_by"" must be a ""User"" instance."
RECEIVE,1302,GRY00060,093cfa1773,ERROR,"Cannot assign ""<Employee: Employee object (4d74f0c8-3c17-4150-a075-68bcf8d628c7)>"": ""StockTransaction.created_by"" must be a ""User"" instance."
RECEIVE,1303,GRY00061,093cfa1774,ERROR,"Cannot assign ""<Employee: Employee object (4d74f0c8-3c17-4150-a075-68bcf8d628c7)>"": ""StockTransaction.created_by"" must be a ""User"" instance."
RECEIVE,1304,GRY00062,093cfa1775,ERROR,"Cannot assign ""<Employee: Employee object (4d74f0c8-3c17-4150-a075-68bcf8d628c7)>"": ""StockTransaction.created_by"" must be a ""User"" instance."
RECEIVE,1305,GRY00063,093cfa1776,ERROR,"Cannot assign ""<Employee: Employee object (4d74f0c8-3c17-4150-a075-68bcf8d628c7)>"": ""StockTransaction.created_by"" must be a ""User"" instance."
RECEIVE,1306,GRY00064,093cfa1777,ERROR,"Cannot assign ""<Employee: Employee object (4d74f0c8-3c17-4150-a075-68bcf8d628c7)>"": ""StockTransaction.created_by"" must be a ""User"" instance."
RECEIVE,1307,GRY00065,093cfa1778,ERROR,"Cannot assign ""<Employee: Employee object (4d74f0c8-3c17-4150-a075-68bcf8d628c7)>"": ""StockTransaction.created_by"" must be a ""User"" instance."
RECEIVE,1308,GRY00066,093cfa1779,ERROR,"Cannot assign ""<Employee: Employee object (4d74f0c8-3c17-4150-a075-68bcf8d628c7)>"": ""StockTransaction.created_by"" must be a ""User"" instance."
RECEIVE,1309,GRY00067,093cfa1780,ERROR,"Cannot assign ""<Employee: Employee object (4d74f0c8-3c17-4150-a075-68bcf8d628c7)>"": ""StockTransaction.created_by"" must be a ""User"" instance."
RECEIVE,1310,GRY00068,093cfa1781,ERROR,"Cannot assign ""<Employee: Employee object (4d74f0c8-3c17-4150-a075-68bcf8d628c7)>"": ""StockTransaction.created_by"" must be a ""User"" instance."
RECEIVE,1311,GRY00075,093cfa1782,ERROR,"Cannot assign ""<Employee: Employee object (4d74f0c8-3c17-4150-a075-68bcf8d628c7)>"": ""StockTransaction.created_by"" must be a ""User"" instance."
RECEIVE,1312,GSR00001,093cfa1783,ERROR,"Cannot assign ""<Employee: Employee object (4d74f0c8-3c17-4150-a075-68bcf8d628c7)>"": ""StockTransaction.created_by"" must be a ""User"" instance."
RECEIVE,1313,GSR00002,093cfa1784,ERROR,"Cannot assign ""<Employee: Employee object (4d74f0c8-3c17-4150-a075-68bcf8d628c7)>"": ""StockTransaction.created_by"" must be a ""User"" instance."
RECEIVE,1314,GSR00003,093cfa1785,ERROR,"Cannot assign ""<Employee: Employee object (4d74f0c8-3c17-4150-a075-68bcf8d628c7)>"": ""StockTransaction.created_by"" must be a ""User"" instance."
RECEIVE,1315,GSR00004,093cfa1786,ERROR,"Cannot assign ""<Employee: Employee object (4d74f0c8-3c17-4150-a075-68bcf8d628c7)>"": ""StockTransaction.created_by"" must be a ""User"" instance."
RECEIVE,1316,GSR00005,093cfa1787,ERROR,"Cannot assign ""<Employee: Employee object (4d74f0c8-3c17-4150-a075-68bcf8d628c7)>"": ""StockTransaction.created_by"" must be a ""User"" instance."
RECEIVE,1317,GSR00006,093cfa1788,ERROR,"Cannot assign ""<Employee: Employee object (4d74f0c8-3c17-4150-a075-68bcf8d628c7)>"": ""StockTransaction.created_by"" must be a ""User"" instance."
RECEIVE,1318,GSR00007,093cfa1789,ERROR,"Cannot assign ""<Employee: Employee object (4d74f0c8-3c17-4150-a075-68bcf8d628c7)>"": ""StockTransaction.created_by"" must be a ""User"" instance."
RECEIVE,1319,GSR00008,093cfa1790,ERROR,"Cannot assign ""<Employee: Employee object (4d74f0c8-3c17-4150-a075-68bcf8d628c7)>"": ""StockTransaction.created_by"" must be a ""User"" instance."
RECEIVE,1320,GSR00009,093cfa1791,ERROR,"Cannot assign ""<Employee: Employee object (4d74f0c8-3c17-4150-a075-68bcf8d628c7)>"": ""StockTransaction.created_by"" must be a ""User"" instance."
RECEIVE,1321,GSR00010,093cfa1792,ERROR,"Cannot assign ""<Employee: Employee object (4d74f0c8-3c17-4150-a075-68bcf8d628c7)>"": ""StockTransaction.created_by"" must be a ""User"" instance."
RECEIVE,1322,GSR00011,093cfa1793,ERROR,"Cannot assign ""<Employee: Employee object (4d74f0c8-3c17-4150-a075-68bcf8d628c7)>"": ""StockTransaction.created_by"" must be a ""User"" instance."
RECEIVE,1323,GSR00012,093cfa1794,ERROR,"Cannot assign ""<Employee: Employee object (4d74f0c8-3c17-4150-a075-68bcf8d628c7)>"": ""StockTransaction.created_by"" must be a ""User"" instance."
RECEIVE,1324,GSR00013,093cfa1795,ERROR,"Cannot assign ""<Employee: Employee object (4d74f0c8-3c17-4150-a075-68bcf8d628c7)>"": ""StockTransaction.created_by"" must be a ""User"" instance."
RECEIVE,1325,GSR00014,093cfa1796,ERROR,"Cannot assign ""<Employee: Employee object (4d74f0c8-3c17-4150-a075-68bcf8d628c7)>"": ""StockTransaction.created_by"" must be a ""User"" instance."
RECEIVE,1326,GSR00015,093cfa1797,ERROR,"Cannot assign ""<Employee: Employee object (4d74f0c8-3c17-4150-a075-68bcf8d628c7)>"": ""StockTransaction.created_by"" must be a ""User"" instance."
RECEIVE,1327,GSR00016,093cfa1798,ERROR,"Cannot assign ""<Employee: Employee object (4d74f0c8-3c17-4150-a075-68bcf8d628c7)>"": ""StockTransaction.created_by"" must be a ""User"" instance."
RECEIVE,1328,GSR00017,093cfa1799,ERROR,"Cannot assign ""<Employee: Employee object (4d74f0c8-3c17-4150-a075-68bcf8d628c7)>"": ""StockTransaction.created_by"" must be a ""User"" instance."
RECEIVE,1329,GSR00018,093cfa1800,ERROR,"Cannot assign ""<Employee: Employee object (4d74f0c8-3c17-4150-a075-68bcf8d628c7)>"": ""StockTransaction.created_by"" must be a ""User"" instance."
RECEIVE,1330,GSR00019,093cfa1801,ERROR,"Cannot assign ""<Employee: Employee object (4d74f0c8-3c17-4150-a075-68bcf8d628c7)>"": ""StockTransaction.created_by"" must be a ""User"" instance."
RECEIVE,1331,GSR00020,093cfa1802,ERROR,"Cannot assign ""<Employee: Employee object (4d74f0c8-3c17-4150-a075-68bcf8d628c7)>"": ""StockTransaction.created_by"" must be a ""User"" instance."
RECEIVE,1332,GSR00021,093cfa1803,ERROR,"Cannot assign ""<Employee: Employee object (4d74f0c8-3c17-4150-a075-68bcf8d628c7)>"": ""StockTransaction.created_by"" must be a ""User"" instance."
RECEIVE,1333,GSR00023,093cfa1804,ERROR,"Cannot assign ""<Employee: Employee object (4d74f0c8-3c17-4150-a075-68bcf8d628c7)>"": ""StockTransaction.created_by"" must be a ""User"" instance."
RECEIVE,1334,GSR00024,093cfa1805,ERROR,"Cannot assign ""<Employee: Employee object (4d74f0c8-3c17-4150-a075-68bcf8d628c7)>"": ""StockTransaction.created_by"" must be a ""User"" instance."
RECEIVE,1335,GSR00025,093cfa1806,ERROR,"Cannot assign ""<Employee: Employee object (4d74f0c8-3c17-4150-a075-68bcf8d628c7)>"": ""StockTransaction.created_by"" must be a ""User"" instance."
RECEIVE,1336,GSR00026,093cfa1807,ERROR,"Cannot assign ""<Employee: Employee object (4d74f0c8-3c17-4150-a075-68bcf8d628c7)>"": ""StockTransaction.created_by"" must be a ""User"" instance."
RECEIVE,1337,GSR00027,093cfa1808,ERROR,"Cannot assign ""<Employee: Employee object (4d74f0c8-3c17-4150-a075-68bcf8d628c7)>"": ""StockTransaction.created_by"" must be a ""User"" instance."
RECEIVE,1338,GSR00028,093cfa1809,ERROR,"Cannot assign ""<Employee: Employee object (4d74f0c8-3c17-4150-a075-68bcf8d628c7)>"": ""StockTransaction.created_by"" must be a ""User"" instance."
RECEIVE,1339,GSR00029,093cfa1810,ERROR,"Cannot assign ""<Employee: Employee object (4d74f0c8-3c17-4150-a075-68bcf8d628c7)>"": ""StockTransaction.created_by"" must be a ""User"" instance."
RECEIVE,1340,GSR00030,093cfa1811,ERROR,"Cannot assign ""<Employee: Employee object (4d74f0c8-3c17-4150-a075-68bcf8d628c7)>"": ""StockTransaction.created_by"" must be a ""User"" instance."
RECEIVE,1341,GSR00031,093cfa1812,ERROR,"Cannot assign ""<Employee: Employee object (4d74f0c8-3c17-4150-a075-68bcf8d628c7)>"": ""StockTransaction.created_by"" must be a ""User"" instance."
RECEIVE,1342,GSR00032,093cfa1813,ERROR,"Cannot assign ""<Employee: Employee object (4d74f0c8-3c17-4150-a075-68bcf8d628c7)>"": ""StockTransaction.created_by"" must be a ""User"" instance."
RECEIVE,1343,GSR00033,093cfa1814,ERROR,"Cannot assign ""<Employee: Employee object (4d74f0c8-3c17-4150-a075-68bcf8d628c7)>"": ""StockTransaction.created_by"" must be a ""User"" instance."
RECEIVE,1344,GSR00034,093cfa1815,ERROR,"Cannot assign ""<Employee: Employee object (4d74f0c8-3c17-4150-a075-68bcf8d628c7)>"": ""StockTransaction.created_by"" must be a ""User"" instance."
RECEIVE,1345,GSR00035,093cfa1816,ERROR,"Cannot assign ""<Employee: Employee object (4d74f0c8-3c17-4150-a075-68bcf8d628c7)>"": ""StockTransaction.created_by"" must be a ""User"" instance."
RECEIVE,1346,GSR00036,093cfa1817,ERROR,"Cannot assign ""<Employee: Employee object (4d74f0c8-3c17-4150-a075-68bcf8d628c7)>"": ""StockTransaction.created_by"" must be a ""User"" instance."
RECEIVE,1347,GSR00037,093cfa1818,ERROR,"Cannot assign ""<Employee: Employee object (4d74f0c8-3c17-4150-a075-68bcf8d628c7)>"": ""StockTransaction.created_by"" must be a ""User"" instance."
RECEIVE,1348,GSR00038,093cfa1819,ERROR,"Cannot assign ""<Employee: Employee object (4d74f0c8-3c17-4150-a075-68bcf8d628c7)>"": ""StockTransaction.created_by"" must be a ""User"" instance."
RECEIVE,1349,GSR00039,093cfa1820,ERROR,"Cannot assign ""<Employee: Employee object (4d74f0c8-3c17-4150-a075-68bcf8d628c7)>"": ""StockTransaction.created_by"" must be a ""User"" instance."
RECEIVE,1350,GSR00040,093cfa1821,ERROR,"Cannot assign ""<Employee: Employee object (4d74f0c8-3c17-4150-a075-68bcf8d628c7)>"": ""StockTransaction.created_by"" must be a ""User"" instance."
RECEIVE,1351,GSR00041,093cfa1822,ERROR,"Cannot assign ""<Employee: Employee object (4d74f0c8-3c17-4150-a075-68bcf8d628c7)>"": ""StockTransaction.created_by"" must be a ""User"" instance."
RECEIVE,1352,GSR00042,093cfa1823,ERROR,"Cannot assign ""<Employee: Employee object (4d74f0c8-3c17-4150-a075-68bcf8d628c7)>"": ""StockTransaction.created_by"" must be a ""User"" instance."
RECEIVE,1353,GSR00043,093cfa1824,ERROR,"Cannot assign ""<Employee: Employee object (4d74f0c8-3c17-4150-a075-68bcf8d628c7)>"": ""StockTransaction.created_by"" must be a ""User"" instance."
RECEIVE,1354,GSR00044,093cfa1825,ERROR,"Cannot assign ""<Employee: Employee object (4d74f0c8-3c17-4150-a075-68bcf8d628c7)>"": ""StockTransaction.created_by"" must be a ""User"" instance."
RECEIVE,1355,GSR00045,093cfa1826,ERROR,"Cannot assign ""<Employee: Employee object (4d74f0c8-3c17-4150-a075-68bcf8d628c7)>"": ""StockTransaction.created_by"" must be a ""User"" instance."
RECEIVE,1356,GSR00046,093cfa1827,ERROR,"Cannot assign ""<Employee: Employee object (4d74f0c8-3c17-4150-a075-68bcf8d628c7)>"": ""StockTransaction.created_by"" must be a ""User"" instance."
RECEIVE,1357,GSR00047,093cfa1828,ERROR,"Cannot assign ""<Employee: Employee object (4d74f0c8-3c17-4150-a075-68bcf8d628c7)>"": ""StockTransaction.created_by"" must be a ""User"" instance."
RECEIVE,1358,GSR00048,093cfa1829,ERROR,"Cannot assign ""<Employee: Employee object (4d74f0c8-3c17-4150-a075-68bcf8d628c7)>"": ""StockTransaction.created_by"" must be a ""User"" instance."
RECEIVE,1359,GSR00049,093cfa1830,ERROR,"Cannot assign ""<Employee: Employee object (4d74f0c8-3c17-4150-a075-68bcf8d628c7)>"": ""StockTransaction.created_by"" must be a ""User"" instance."
RECEIVE,1360,GSR00050,093cfa1831,ERROR,"Cannot assign ""<Employee: Employee object (4d74f0c8-3c17-4150-a075-68bcf8d628c7)>"": ""StockTransaction.created_by"" must be a ""User"" instance."
RECEIVE,1361,GSR00051,093cfa1832,ERROR,"Cannot assign ""<Employee: Employee object (4d74f0c8-3c17-4150-a075-68bcf8d628c7)>"": ""StockTransaction.created_by"" must be a ""User"" instance."
RECEIVE,1362,GSR00052,093cfa1833,ERROR,"Cannot assign ""<Employee: Employee object (4d74f0c8-3c17-4150-a075-68bcf8d628c7)>"": ""StockTransaction.created_by"" must be a ""User"" instance."
RECEIVE,1363,GSR00053,093cfa1834,ERROR,"Cannot assign ""<Employee: Employee object (4d74f0c8-3c17-4150-a075-68bcf8d628c7)>"": ""StockTransaction.created_by"" must be a ""User"" instance."
RECEIVE,1364,GSR00054,093cfa1835,ERROR,"Cannot assign ""<Employee: Employee object (4d74f0c8-3c17-4150-a075-68bcf8d628c7)>"": ""StockTransaction.created_by"" must be a ""User"" instance."
RECEIVE,1365,GSR00055,093cfa1836,ERROR,"Cannot assign ""<Employee: Employee object (4d74f0c8-3c17-4150-a075-68bcf8d628c7)>"": ""StockTransaction.created_by"" must be a ""User"" instance."
RECEIVE,1366,GSR00056,093cfa1837,ERROR,"Cannot assign ""<Employee: Employee object (4d74f0c8-3c17-4150-a075-68bcf8d628c7)>"": ""StockTransaction.created_by"" must be a ""User"" instance."
RECEIVE,1367,GSR00057,093cfa1838,ERROR,"Cannot assign ""<Employee: Employee object (4d74f0c8-3c17-4150-a075-68bcf8d628c7)>"": ""StockTransaction.created_by"" must be a ""User"" instance."
RECEIVE,1368,GSR00058,093cfa1839,ERROR,"Cannot assign ""<Employee: Employee object (4d74f0c8-3c17-4150-a075-68bcf8d628c7)>"": ""StockTransaction.created_by"" must be a ""User"" instance."
RECEIVE,1369,GSR00059,093cfa1840,ERROR,"Cannot assign ""<Employee: Employee object (4d74f0c8-3c17-4150-a075-68bcf8d628c7)>"": ""StockTransaction.created_by"" must be a ""User"" instance."
RECEIVE,1370,GSR00060,093cfa1841,ERROR,"Cannot assign ""<Employee: Employee object (4d74f0c8-3c17-4150-a075-68bcf8d628c7)>"": ""StockTransaction.created_by"" must be a ""User"" instance."
RECEIVE,1371,GSR00061,093cfa1842,ERROR,"Cannot assign ""<Employee: Employee object (4d74f0c8-3c17-4150-a075-68bcf8d628c7)>"": ""StockTransaction.created_by"" must be a ""User"" instance."
RECEIVE,1372,GSR00062,093cfa1843,ERROR,"Cannot assign ""<Employee: Employee object (4d74f0c8-3c17-4150-a075-68bcf8d628c7)>"": ""StockTransaction.created_by"" must be a ""User"" instance."
RECEIVE,1373,GSR00063,093cfa1844,ERROR,"Cannot assign ""<Employee: Employee object (4d74f0c8-3c17-4150-a075-68bcf8d628c7)>"": ""StockTransaction.created_by"" must be a ""User"" instance."
RECEIVE,1374,GSR00064,093cfa1845,ERROR,"Cannot assign ""<Employee: Employee object (4d74f0c8-3c17-4150-a075-68bcf8d628c7)>"": ""StockTransaction.created_by"" must be a ""User"" instance."
RECEIVE,1375,GSR00065,093cfa1846,ERROR,"Cannot assign ""<Employee: Employee object (4d74f0c8-3c17-4150-a075-68bcf8d628c7)>"": ""StockTransaction.created_by"" must be a ""User"" instance."
RECEIVE,1376,GSR00066,093cfa1847,ERROR,"Cannot assign ""<Employee: Employee object (4d74f0c8-3c17-4150-a075-68bcf8d628c7)>"": ""StockTransaction.created_by"" must be a ""User"" instance."
RECEIVE,1377,GSR00067,093cfa1848,ERROR,"Cannot assign ""<Employee: Employee object (4d74f0c8-3c17-4150-a075-68bcf8d628c7)>"": ""StockTransaction.created_by"" must be a ""User"" instance."
RECEIVE,1378,GSR00068,093cfa1849,ERROR,"Cannot assign ""<Employee: Employee object (4d74f0c8-3c17-4150-a075-68bcf8d628c7)>"": ""StockTransaction.created_by"" must be a ""User"" instance."
RECEIVE,1379,GSR00069,093cfa1850,ERROR,"Cannot assign ""<Employee: Employee object (4d74f0c8-3c17-4150-a075-68bcf8d628c7)>"": ""StockTransaction.created_by"" must be a ""User"" instance."
RECEIVE,1380,GSR00070,093cfa1851,ERROR,"Cannot assign ""<Employee: Employee object (4d74f0c8-3c17-4150-a075-68bcf8d628c7)>"": ""StockTransaction.created_by"" must be a ""User"" instance."
RECEIVE,1381,GSR00071,093cfa1852,ERROR,"Cannot assign ""<Employee: Employee object (4d74f0c8-3c17-4150-a075-68bcf8d628c7)>"": ""StockTransaction.created_by"" must be a ""User"" instance."
RECEIVE,1382,GSR00072,093cfa1853,ERROR,"Cannot assign ""<Employee: Employee object (4d74f0c8-3c17-4150-a075-68bcf8d628c7)>"": ""StockTransaction.created_by"" must be a ""User"" instance."
RECEIVE,1383,GSR00073,093cfa1854,ERROR,"Cannot assign ""<Employee: Employee object (4d74f0c8-3c17-4150-a075-68bcf8d628c7)>"": ""StockTransaction.created_by"" must be a ""User"" instance."
RECEIVE,1384,GSR00074,093cfa1855,ERROR,"Cannot assign ""<Employee: Employee object (4d74f0c8-3c17-4150-a075-68bcf8d628c7)>"": ""StockTransaction.created_by"" must be a ""User"" instance."
RECEIVE,1385,GSR00075,093cfa1856,ERROR,"Cannot assign ""<Employee: Employee object (4d74f0c8-3c17-4150-a075-68bcf8d628c7)>"": ""StockTransaction.created_by"" must be a ""User"" instance."
RECEIVE,1386,GSR00076,093cfa1857,ERROR,"Cannot assign ""<Employee: Employee object (4d74f0c8-3c17-4150-a075-68bcf8d628c7)>"": ""StockTransaction.created_by"" must be a ""User"" instance."
RECEIVE,1387,GSR00077,093cfa1858,ERROR,"Cannot assign ""<Employee: Employee object (4d74f0c8-3c17-4150-a075-68bcf8d628c7)>"": ""StockTransaction.created_by"" must be a ""User"" instance."
RECEIVE,1388,GSR00079,093cfa1859,ERROR,"Cannot assign ""<Employee: Employee object (4d74f0c8-3c17-4150-a075-68bcf8d628c7)>"": ""StockTransaction.created_by"" must be a ""User"" instance."
RECEIVE,1389,GSR00080,093cfa1860,ERROR,"Cannot assign ""<Employee: Employee object (4d74f0c8-3c17-4150-a075-68bcf8d628c7)>"": ""StockTransaction.created_by"" must be a ""User"" instance."
RECEIVE,1390,GSR00081,093cfa1861,ERROR,"Cannot assign ""<Employee: Employee object (4d74f0c8-3c17-4150-a075-68bcf8d628c7)>"": ""StockTransaction.created_by"" must be a ""User"" instance."
RECEIVE,1391,GSR00082,093cfa1862,ERROR,"Cannot assign ""<Employee: Employee object (4d74f0c8-3c17-4150-a075-68bcf8d628c7)>"": ""StockTransaction.created_by"" must be a ""User"" instance."
RECEIVE,1392,GSR00083,093cfa1863,ERROR,"Cannot assign ""<Employee: Employee object (4d74f0c8-3c17-4150-a075-68bcf8d628c7)>"": ""StockTransaction.created_by"" must be a ""User"" instance."
RECEIVE,1393,GSR00084,093cfa1864,ERROR,"Cannot assign ""<Employee: Employee object (4d74f0c8-3c17-4150-a075-68bcf8d628c7)>"": ""StockTransaction.created_by"" must be a ""User"" instance."
RECEIVE,1394,GSR00085,093cfa1865,ERROR,"Cannot assign ""<Employee: Employee object (4d74f0c8-3c17-4150-a075-68bcf8d628c7)>"": ""StockTransaction.created_by"" must be a ""User"" instance."
RECEIVE,1395,GSR00086,093cfa1866,ERROR,"Cannot assign ""<Employee: Employee object (4d74f0c8-3c17-4150-a075-68bcf8d628c7)>"": ""StockTransaction.created_by"" must be a ""User"" instance."
RECEIVE,1396,GSR00087,093cfa1867,ERROR,"Cannot assign ""<Employee: Employee object (4d74f0c8-3c17-4150-a075-68bcf8d628c7)>"": ""StockTransaction.created_by"" must be a ""User"" instance."
RECEIVE,1397,GSR00088,093cfa1868,ERROR,"Cannot assign ""<Employee: Employee object (4d74f0c8-3c17-4150-a075-68bcf8d628c7)>"": ""StockTransaction.created_by"" must be a ""User"" instance."
RECEIVE,1398,GSR00089,093cfa1869,ERROR,"Cannot assign ""<Employee: Employee object (4d74f0c8-3c17-4150-a075-68bcf8d628c7)>"": ""StockTransaction.created_by"" must be a ""User"" instance."
RECEIVE,1399,GSR00091,093cfa1870,ERROR,"Cannot assign ""<Employee: Employee object (4d74f0c8-3c17-4150-a075-68bcf8d628c7)>"": ""StockTransaction.created_by"" must be a ""User"" instance."
RECEIVE,1400,GSR00092,093cfa1871,ERROR,"Cannot assign ""<Employee: Employee object (4d74f0c8-3c17-4150-a075-68bcf8d628c7)>"": ""StockTransaction.created_by"" must be a ""User"" instance."
RECEIVE,1401,GSR00093,093cfa1872,ERROR,"Cannot assign ""<Employee: Employee object (4d74f0c8-3c17-4150-a075-68bcf8d628c7)>"": ""StockTransaction.created_by"" must be a ""User"" instance."
RECEIVE,1402,GSR00094,093cfa1873,ERROR,"Cannot assign ""<Employee: Employee object (4d74f0c8-3c17-4150-a075-68bcf8d628c7)>"": ""StockTransaction.created_by"" must be a ""User"" instance."
RECEIVE,1403,GSR00095,093cfa1874,ERROR,"Cannot assign ""<Employee: Employee object (4d74f0c8-3c17-4150-a075-68bcf8d628c7)>"": ""StockTransaction.created_by"" must be a ""User"" instance."
RECEIVE,1404,GSR00096,093cfa1875,ERROR,"Cannot assign ""<Employee: Employee object (4d74f0c8-3c17-4150-a075-68bcf8d628c7)>"": ""StockTransaction.created_by"" must be a ""User"" instance."
RECEIVE,1405,GSR00097,093cfa1876,ERROR,"Cannot assign ""<Employee: Employee object (4d74f0c8-3c17-4150-a075-68bcf8d628c7)>"": ""StockTransaction.created_by"" must be a ""User"" instance."
RECEIVE,1406,GSR00098,093cfa1877,ERROR,"Cannot assign ""<Employee: Employee object (4d74f0c8-3c17-4150-a075-68bcf8d628c7)>"": ""StockTransaction.created_by"" must be a ""User"" instance."
RECEIVE,1407,GSR00099,093cfa1878,ERROR,"Cannot assign ""<Employee: Employee object (4d74f0c8-3c17-4150-a075-68bcf8d628c7)>"": ""StockTransaction.created_by"" must be a ""User"" instance."
RECEIVE,1408,GSR00100,093cfa1879,ERROR,"Cannot assign ""<Employee: Employee object (4d74f0c8-3c17-4150-a075-68bcf8d628c7)>"": ""StockTransaction.created_by"" must be a ""User"" instance."
RECEIVE,1409,GSR00101,093cfa1880,ERROR,"Cannot assign ""<Employee: Employee object (4d74f0c8-3c17-4150-a075-68bcf8d628c7)>"": ""StockTransaction.created_by"" must be a ""User"" instance."
RECEIVE,1410,GSR00102,093cfa1881,ERROR,"Cannot assign ""<Employee: Employee object (4d74f0c8-3c17-4150-a075-68bcf8d628c7)>"": ""StockTransaction.created_by"" must be a ""User"" instance."
RECEIVE,1411,GSR00103,093cfa1882,ERROR,"Cannot assign ""<Employee: Employee object (4d74f0c8-3c17-4150-a075-68bcf8d628c7)>"": ""StockTransaction.created_by"" must be a ""User"" instance."
RECEIVE,1412,GSR00104,093cfa1883,ERROR,"Cannot assign ""<Employee: Employee object (4d74f0c8-3c17-4150-a075-68bcf8d628c7)>"": ""StockTransaction.created_by"" must be a ""User"" instance."
RECEIVE,1413,GSR00105,093cfa1884,ERROR,"Cannot assign ""<Employee: Employee object (4d74f0c8-3c17-4150-a075-68bcf8d628c7)>"": ""StockTransaction.created_by"" must be a ""User"" instance."
RECEIVE,1414,GSR00106,093cfa1885,ERROR,"Cannot assign ""<Employee: Employee object (4d74f0c8-3c17-4150-a075-68bcf8d628c7)>"": ""StockTransaction.created_by"" must be a ""User"" instance."
RECEIVE,1415,GSR00107,093cfa1886,ERROR,"Cannot assign ""<Employee: Employee object (4d74f0c8-3c17-4150-a075-68bcf8d628c7)>"": ""StockTransaction.created_by"" must be a ""User"" instance."
RECEIVE,1416,GSR00108,093cfa1887,ERROR,"Cannot assign ""<Employee: Employee object (4d74f0c8-3c17-4150-a075-68bcf8d628c7)>"": ""StockTransaction.created_by"" must be a ""User"" instance."
RECEIVE,1417,GSR00109,093cfa1888,ERROR,"Cannot assign ""<Employee: Employee object (4d74f0c8-3c17-4150-a075-68bcf8d628c7)>"": ""StockTransaction.created_by"" must be a ""User"" instance."
RECEIVE,1418,GSR00110,093cfa1889,ERROR,"Cannot assign ""<Employee: Employee object (4d74f0c8-3c17-4150-a075-68bcf8d628c7)>"": ""StockTransaction.created_by"" must be a ""User"" instance."
RECEIVE,1419,GSR00111,093cfa1890,ERROR,"Cannot assign ""<Employee: Employee object (4d74f0c8-3c17-4150-a075-68bcf8d628c7)>"": ""StockTransaction.created_by"" must be a ""User"" instance."
RECEIVE,1420,GSR00112,093cfa1891,ERROR,"Cannot assign ""<Employee: Employee object (4d74f0c8-3c17-4150-a075-68bcf8d628c7)>"": ""StockTransaction.created_by"" must be a ""User"" instance."
RECEIVE,1421,GSR00113,093cfa1892,ERROR,"Cannot assign ""<Employee: Employee object (4d74f0c8-3c17-4150-a075-68bcf8d628c7)>"": ""StockTransaction.created_by"" must be a ""User"" instance."
RECEIVE,1422,GSR00114,093cfa1893,ERROR,"Cannot assign ""<Employee: Employee object (4d74f0c8-3c17-4150-a075-68bcf8d628c7)>"": ""StockTransaction.created_by"" must be a ""User"" instance."
RECEIVE,1423,GSR00115,093cfa1894,ERROR,"Cannot assign ""<Employee: Employee object (4d74f0c8-3c17-4150-a075-68bcf8d628c7)>"": ""StockTransaction.created_by"" must be a ""User"" instance."
RECEIVE,1424,GSR00116,093cfa1895,ERROR,"Cannot assign ""<Employee: Employee object (4d74f0c8-3c17-4150-a075-68bcf8d628c7)>"": ""StockTransaction.created_by"" must be a ""User"" instance."
RECEIVE,1425,GSR00117,093cfa1896,ERROR,"Cannot assign ""<Employee: Employee object (4d74f0c8-3c17-4150-a075-68bcf8d628c7)>"": ""StockTransaction.created_by"" must be a ""User"" instance."
RECEIVE,1426,GSR00118,093cfa1897,ERROR,"Cannot assign ""<Employee: Employee object (4d74f0c8-3c17-4150-a075-68bcf8d628c7)>"": ""StockTransaction.created_by"" must be a ""User"" instance."
RECEIVE,1427,GSR00119,093cfa1898,ERROR,"Cannot assign ""<Employee: Employee object (4d74f0c8-3c17-4150-a075-68bcf8d628c7)>"": ""StockTransaction.created_by"" must be a ""User"" instance."
RECEIVE,1428,GSR00120,093cfa1899,ERROR,"Cannot assign ""<Employee: Employee object (4d74f0c8-3c17-4150-a075-68bcf8d628c7)>"": ""StockTransaction.created_by"" must be a ""User"" instance."
RECEIVE,1429,GSR00121,093cfa1900,ERROR,"Cannot assign ""<Employee: Employee object (4d74f0c8-3c17-4150-a075-68bcf8d628c7)>"": ""StockTransaction.created_by"" must be a ""User"" instance."
RECEIVE,1430,GSR00122,093cfa1901,ERROR,"Cannot assign ""<Employee: Employee object (4d74f0c8-3c17-4150-a075-68bcf8d628c7)>"": ""StockTransaction.created_by"" must be a ""User"" instance."
RECEIVE,1431,GSR00123,093cfa1902,ERROR,"Cannot assign ""<Employee: Employee object (4d74f0c8-3c17-4150-a075-68bcf8d628c7)>"": ""StockTransaction.created_by"" must be a ""User"" instance."
RECEIVE,1432,GSR00124,093cfa1903,ERROR,"Cannot assign ""<Employee: Employee object (4d74f0c8-3c17-4150-a075-68bcf8d628c7)>"": ""StockTransaction.created_by"" must be a ""User"" instance."
RECEIVE,1433,GSR00125,093cfa1904,ERROR,"Cannot assign ""<Employee: Employee object (4d74f0c8-3c17-4150-a075-68bcf8d628c7)>"": ""StockTransaction.created_by"" must be a ""User"" instance."
RECEIVE,1434,GSR00126,093cfa1905,ERROR,"Cannot assign ""<Employee: Employee object (4d74f0c8-3c17-4150-a075-68bcf8d628c7)>"": ""StockTransaction.created_by"" must be a ""User"" instance."
RECEIVE,1435,GSR00127,093cfa1906,ERROR,"Cannot assign ""<Employee: Employee object (4d74f0c8-3c17-4150-a075-68bcf8d628c7)>"": ""StockTransaction.created_by"" must be a ""User"" instance."
RECEIVE,1436,GSR00128,093cfa1907,ERROR,"Cannot assign ""<Employee: Employee object (4d74f0c8-3c17-4150-a075-68bcf8d628c7)>"": ""StockTransaction.created_by"" must be a ""User"" instance."
RECEIVE,1437,GSR00129,093cfa1908,ERROR,"Cannot assign ""<Employee: Employee object (4d74f0c8-3c17-4150-a075-68bcf8d628c7)>"": ""StockTransaction.created_by"" must be a ""User"" instance."
RECEIVE,1438,GSR00130,093cfa1909,ERROR,"Cannot assign ""<Employee: Employee object (4d74f0c8-3c17-4150-a075-68bcf8d628c7)>"": ""StockTransaction.created_by"" must be a ""User"" instance."
RECEIVE,1439,GSR00131,093cfa1910,ERROR,"Cannot assign ""<Employee: Employee object (4d74f0c8-3c17-4150-a075-68bcf8d628c7)>"": ""StockTransaction.created_by"" must be a ""User"" instance."
RECEIVE,1440,GSR00132,093cfa1911,ERROR,"Cannot assign ""<Employee: Employee object (4d74f0c8-3c17-4150-a075-68bcf8d628c7)>"": ""StockTransaction.created_by"" must be a ""User"" instance."
RECEIVE,1441,GSR00133,093cfa1912,ERROR,"Cannot assign ""<Employee: Employee object (4d74f0c8-3c17-4150-a075-68bcf8d628c7)>"": ""StockTransaction.created_by"" must be a ""User"" instance."
RECEIVE,1442,GSR00134,093cfa1913,ERROR,"Cannot assign ""<Employee: Employee object (4d74f0c8-3c17-4150-a075-68bcf8d628c7)>"": ""StockTransaction.created_by"" must be a ""User"" instance."
RECEIVE,1443,GSR00135,093cfa1914,ERROR,"Cannot assign ""<Employee: Employee object (4d74f0c8-3c17-4150-a075-68bcf8d628c7)>"": ""StockTransaction.created_by"" must be a ""User"" instance."
RECEIVE,1444,GSR00136,093cfa1915,ERROR,"Cannot assign ""<Employee: Employee object (4d74f0c8-3c17-4150-a075-68bcf8d628c7)>"": ""StockTransaction.created_by"" must be a ""User"" instance."
RECEIVE,1445,GSR00137,093cfa1916,ERROR,"Cannot assign ""<Employee: Employee object (4d74f0c8-3c17-4150-a075-68bcf8d628c7)>"": ""StockTransaction.created_by"" must be a ""User"" instance."
RECEIVE,1446,GSR00138,093cfa1917,ERROR,"Cannot assign ""<Employee: Employee object (4d74f0c8-3c17-4150-a075-68bcf8d628c7)>"": ""StockTransaction.created_by"" must be a ""User"" instance."
RECEIVE,1447,GSR00139,093cfa1918,ERROR,"Cannot assign ""<Employee: Employee object (4d74f0c8-3c17-4150-a075-68bcf8d628c7)>"": ""StockTransaction.created_by"" must be a ""User"" instance."
RECEIVE,1448,GSR00140,093cfa1919,ERROR,"Cannot assign ""<Employee: Employee object (4d74f0c8-3c17-4150-a075-68bcf8d628c7)>"": ""StockTransaction.created_by"" must be a ""User"" instance."
RECEIVE,1449,GSR00141,093cfa1920,ERROR,"Cannot assign ""<Employee: Employee object (4d74f0c8-3c17-4150-a075-68bcf8d628c7)>"": ""StockTransaction.created_by"" must be a ""User"" instance."
RECEIVE,1450,GSR00142,093cfa1921,ERROR,"Cannot assign ""<Employee: Employee object (4d74f0c8-3c17-4150-a075-68bcf8d628c7)>"": ""StockTransaction.created_by"" must be a ""User"" instance."
RECEIVE,1451,GSR00143,093cfa1922,ERROR,"Cannot assign ""<Employee: Employee object (4d74f0c8-3c17-4150-a075-68bcf8d628c7)>"": ""StockTransaction.created_by"" must be a ""User"" instance."
RECEIVE,1452,GSR00144,093cfa1923,ERROR,"Cannot assign ""<Employee: Employee object (4d74f0c8-3c17-4150-a075-68bcf8d628c7)>"": ""StockTransaction.created_by"" must be a ""User"" instance."
RECEIVE,1453,GSR00145,093cfa1924,ERROR,"Cannot assign ""<Employee: Employee object (4d74f0c8-3c17-4150-a075-68bcf8d628c7)>"": ""StockTransaction.created_by"" must be a ""User"" instance."
RECEIVE,1454,GSR00146,093cfa1925,ERROR,"Cannot assign ""<Employee: Employee object (4d74f0c8-3c17-4150-a075-68bcf8d628c7)>"": ""StockTransaction.created_by"" must be a ""User"" instance."
RECEIVE,1455,GSR00147,093cfa1926,ERROR,"Cannot assign ""<Employee: Employee object (4d74f0c8-3c17-4150-a075-68bcf8d628c7)>"": ""StockTransaction.created_by"" must be a ""User"" instance."
RECEIVE,1456,GSR00148,093cfa1927,ERROR,"Cannot assign ""<Employee: Employee object (4d74f0c8-3c17-4150-a075-68bcf8d628c7)>"": ""StockTransaction.created_by"" must be a ""User"" instance."
RECEIVE,1457,GSR00149,093cfa1928,ERROR,"Cannot assign ""<Employee: Employee object (4d74f0c8-3c17-4150-a075-68bcf8d628c7)>"": ""StockTransaction.created_by"" must be a ""User"" instance."
RECEIVE,1458,GSR00150,093cfa1929,ERROR,"Cannot assign ""<Employee: Employee object (4d74f0c8-3c17-4150-a075-68bcf8d628c7)>"": ""StockTransaction.created_by"" must be a ""User"" instance."
RECEIVE,1459,GSR00151,093cfa1930,ERROR,"Cannot assign ""<Employee: Employee object (4d74f0c8-3c17-4150-a075-68bcf8d628c7)>"": ""StockTransaction.created_by"" must be a ""User"" instance."
RECEIVE,1460,GSR00152,093cfa1931,ERROR,"Cannot assign ""<Employee: Employee object (4d74f0c8-3c17-4150-a075-68bcf8d628c7)>"": ""StockTransaction.created_by"" must be a ""User"" instance."
RECEIVE,1461,GSR00153,093cfa1932,ERROR,"Cannot assign ""<Employee: Employee object (4d74f0c8-3c17-4150-a075-68bcf8d628c7)>"": ""StockTransaction.created_by"" must be a ""User"" instance."
RECEIVE,1462,GSR00154,093cfa1933,ERROR,"Cannot assign ""<Employee: Employee object (4d74f0c8-3c17-4150-a075-68bcf8d628c7)>"": ""StockTransaction.created_by"" must be a ""User"" instance."
RECEIVE,1463,GSR00155,093cfa1934,ERROR,"Cannot assign ""<Employee: Employee object (4d74f0c8-3c17-4150-a075-68bcf8d628c7)>"": ""StockTransaction.created_by"" must be a ""User"" instance."
RECEIVE,1464,GSR00156,093cfa1935,ERROR,"Cannot assign ""<Employee: Employee object (4d74f0c8-3c17-4150-a075-68bcf8d628c7)>"": ""StockTransaction.created_by"" must be a ""User"" instance."
RECEIVE,1465,GSR00157,093cfa1936,ERROR,"Cannot assign ""<Employee: Employee object (4d74f0c8-3c17-4150-a075-68bcf8d628c7)>"": ""StockTransaction.created_by"" must be a ""User"" instance."
RECEIVE,1466,GSR00158,093cfa1937,ERROR,"Cannot assign ""<Employee: Employee object (4d74f0c8-3c17-4150-a075-68bcf8d628c7)>"": ""StockTransaction.created_by"" must be a ""User"" instance."
RECEIVE,1467,GSR00159,093cfa1938,ERROR,"Cannot assign ""<Employee: Employee object (4d74f0c8-3c17-4150-a075-68bcf8d628c7)>"": ""StockTransaction.created_by"" must be a ""User"" instance."
RECEIVE,1468,GSR00160,093cfa1939,ERROR,"Cannot assign ""<Employee: Employee object (4d74f0c8-3c17-4150-a075-68bcf8d628c7)>"": ""StockTransaction.created_by"" must be a ""User"" instance."
RECEIVE,1469,GSR00161,093cfa1940,ERROR,"Cannot assign ""<Employee: Employee object (4d74f0c8-3c17-4150-a075-68bcf8d628c7)>"": ""StockTransaction.created_by"" must be a ""User"" instance."
RECEIVE,1470,GSR00162,093cfa1941,ERROR,"Cannot assign ""<Employee: Employee object (4d74f0c8-3c17-4150-a075-68bcf8d628c7)>"": ""StockTransaction.created_by"" must be a ""User"" instance."
RECEIVE,1471,GSR00163,093cfa1942,ERROR,"Cannot assign ""<Employee: Employee object (4d74f0c8-3c17-4150-a075-68bcf8d628c7)>"": ""StockTransaction.created_by"" must be a ""User"" instance."
RECEIVE,1472,GSR00164,093cfa1943,ERROR,"Cannot assign ""<Employee: Employee object (4d74f0c8-3c17-4150-a075-68bcf8d628c7)>"": ""StockTransaction.created_by"" must be a ""User"" instance."
RECEIVE,1473,GSR00165,093cfa1944,ERROR,"Cannot assign ""<Employee: Employee object (4d74f0c8-3c17-4150-a075-68bcf8d628c7)>"": ""StockTransaction.created_by"" must be a ""User"" instance."
RECEIVE,1474,GSR00166,093cfa1945,ERROR,"Cannot assign ""<Employee: Employee object (4d74f0c8-3c17-4150-a075-68bcf8d628c7)>"": ""StockTransaction.created_by"" must be a ""User"" instance."
RECEIVE,1475,GSR00167,093cfa1946,ERROR,"Cannot assign ""<Employee: Employee object (4d74f0c8-3c17-4150-a075-68bcf8d628c7)>"": ""StockTransaction.created_by"" must be a ""User"" instance."
RECEIVE,1476,GSR00168,093cfa1947,ERROR,"Cannot assign ""<Employee: Employee object (4d74f0c8-3c17-4150-a075-68bcf8d628c7)>"": ""StockTransaction.created_by"" must be a ""User"" instance."
RECEIVE,1477,GSR00169,093cfa1948,ERROR,"Cannot assign ""<Employee: Employee object (4d74f0c8-3c17-4150-a075-68bcf8d628c7)>"": ""StockTransaction.created_by"" must be a ""User"" instance."
RECEIVE,1478,GSR00170,093cfa1949,ERROR,"Cannot assign ""<Employee: Employee object (4d74f0c8-3c17-4150-a075-68bcf8d628c7)>"": ""StockTransaction.created_by"" must be a ""User"" instance."
RECEIVE,1479,GSR00171,093cfa1950,ERROR,"Cannot assign ""<Employee: Employee object (4d74f0c8-3c17-4150-a075-68bcf8d628c7)>"": ""StockTransaction.created_by"" must be a ""User"" instance."
RECEIVE,1480,GSR00172,093cfa1951,ERROR,"Cannot assign ""<Employee: Employee object (4d74f0c8-3c17-4150-a075-68bcf8d628c7)>"": ""StockTransaction.created_by"" must be a ""User"" instance."
RECEIVE,1481,GSR00173,093cfa1952,ERROR,"Cannot assign ""<Employee: Employee object (4d74f0c8-3c17-4150-a075-68bcf8d628c7)>"": ""StockTransaction.created_by"" must be a ""User"" instance."
RECEIVE,1482,GSR00174,093cfa1953,ERROR,"Cannot assign ""<Employee: Employee object (4d74f0c8-3c17-4150-a075-68bcf8d628c7)>"": ""StockTransaction.created_by"" must be a ""User"" instance."
RECEIVE,1483,GSR00175,093cfa1954,ERROR,"Cannot assign ""<Employee: Employee object (4d74f0c8-3c17-4150-a075-68bcf8d628c7)>"": ""StockTransaction.created_by"" must be a ""User"" instance."
RECEIVE,1484,GSR00176,093cfa1955,ERROR,"Cannot assign ""<Employee: Employee object (4d74f0c8-3c17-4150-a075-68bcf8d628c7)>"": ""StockTransaction.created_by"" must be a ""User"" instance."
RECEIVE,1485,GSR00177,093cfa1956,ERROR,"Cannot assign ""<Employee: Employee object (4d74f0c8-3c17-4150-a075-68bcf8d628c7)>"": ""StockTransaction.created_by"" must be a ""User"" instance."
RECEIVE,1486,GSR00178,093cfa1957,ERROR,"Cannot assign ""<Employee: Employee object (4d74f0c8-3c17-4150-a075-68bcf8d628c7)>"": ""StockTransaction.created_by"" must be a ""User"" instance."
RECEIVE,1487,GSR00179,093cfa1958,ERROR,"Cannot assign ""<Employee: Employee object (4d74f0c8-3c17-4150-a075-68bcf8d628c7)>"": ""StockTransaction.created_by"" must be a ""User"" instance."
RECEIVE,1488,GSR00180,093cfa1959,ERROR,"Cannot assign ""<Employee: Employee object (4d74f0c8-3c17-4150-a075-68bcf8d628c7)>"": ""StockTransaction.created_by"" must be a ""User"" instance."
RECEIVE,1489,GSR00182,093cfa1960,ERROR,"Cannot assign ""<Employee: Employee object (4d74f0c8-3c17-4150-a075-68bcf8d628c7)>"": ""StockTransaction.created_by"" must be a ""User"" instance."
RECEIVE,1490,GSR00183,093cfa1961,ERROR,"Cannot assign ""<Employee: Employee object (4d74f0c8-3c17-4150-a075-68bcf8d628c7)>"": ""StockTransaction.created_by"" must be a ""User"" instance."
RECEIVE,1491,GSR00184,093cfa1962,ERROR,"Cannot assign ""<Employee: Employee object (4d74f0c8-3c17-4150-a075-68bcf8d628c7)>"": ""StockTransaction.created_by"" must be a ""User"" instance."
RECEIVE,1492,GSR00185,093cfa1963,ERROR,"Cannot assign ""<Employee: Employee object (4d74f0c8-3c17-4150-a075-68bcf8d628c7)>"": ""StockTransaction.created_by"" must be a ""User"" instance."
RECEIVE,1493,GSR00186,093cfa1964,ERROR,"Cannot assign ""<Employee: Employee object (4d74f0c8-3c17-4150-a075-68bcf8d628c7)>"": ""StockTransaction.created_by"" must be a ""User"" instance."
RECEIVE,1494,GSR00187,093cfa1965,ERROR,"Cannot assign ""<Employee: Employee object (4d74f0c8-3c17-4150-a075-68bcf8d628c7)>"": ""StockTransaction.created_by"" must be a ""User"" instance."
RECEIVE,1495,GSR00188,093cfa1966,ERROR,"Cannot assign ""<Employee: Employee object (4d74f0c8-3c17-4150-a075-68bcf8d628c7)>"": ""StockTransaction.created_by"" must be a ""User"" instance."
RECEIVE,1496,GSR00189,093cfa1967,ERROR,"Cannot assign ""<Employee: Employee object (4d74f0c8-3c17-4150-a075-68bcf8d628c7)>"": ""StockTransaction.created_by"" must be a ""User"" instance."
RECEIVE,1497,GSR00190,093cfa1968,ERROR,"Cannot assign ""<Employee: Employee object (4d74f0c8-3c17-4150-a075-68bcf8d628c7)>"": ""StockTransaction.created_by"" must be a ""User"" instance."
RECEIVE,1498,GSR00191,093cfa1969,ERROR,"Cannot assign ""<Employee: Employee object (4d74f0c8-3c17-4150-a075-68bcf8d628c7)>"": ""StockTransaction.created_by"" must be a ""User"" instance."
RECEIVE,1499,GSR00192,093cfa1970,ERROR,"Cannot assign ""<Employee: Employee object (4d74f0c8-3c17-4150-a075-68bcf8d628c7)>"": ""StockTransaction.created_by"" must be a ""User"" instance."
RECEIVE,1500,GSR00195,093cfa1971,ERROR,"Cannot assign ""<Employee: Employee object (4d74f0c8-3c17-4150-a075-68bcf8d628c7)>"": ""StockTransaction.created_by"" must be a ""User"" instance."
RECEIVE,1501,GSR00196,093cfa1972,ERROR,"Cannot assign ""<Employee: Employee object (4d74f0c8-3c17-4150-a075-68bcf8d628c7)>"": ""StockTransaction.created_by"" must be a ""User"" instance."
RECEIVE,1502,GSR00197,093cfa1973,ERROR,"Cannot assign ""<Employee: Employee object (4d74f0c8-3c17-4150-a075-68bcf8d628c7)>"": ""StockTransaction.created_by"" must be a ""User"" instance."
RECEIVE,1503,GSR00198,093cfa1974,ERROR,"Cannot assign ""<Employee: Employee object (4d74f0c8-3c17-4150-a075-68bcf8d628c7)>"": ""StockTransaction.created_by"" must be a ""User"" instance."
RECEIVE,1504,GSR00199,093cfa1975,ERROR,"Cannot assign ""<Employee: Employee object (4d74f0c8-3c17-4150-a075-68bcf8d628c7)>"": ""StockTransaction.created_by"" must be a ""User"" instance."
RECEIVE,1505,GSR00203,093cfa1976,ERROR,"Cannot assign ""<Employee: Employee object (4d74f0c8-3c17-4150-a075-68bcf8d628c7)>"": ""StockTransaction.created_by"" must be a ""User"" instance."
RECEIVE,1506,GTRM00001,093cfa1977,ERROR,"Cannot assign ""<Employee: Employee object (4d74f0c8-3c17-4150-a075-68bcf8d628c7)>"": ""StockTransaction.created_by"" must be a ""User"" instance."
RECEIVE,1507,GTRM00002,093cfa1978,ERROR,"Cannot assign ""<Employee: Employee object (4d74f0c8-3c17-4150-a075-68bcf8d628c7)>"": ""StockTransaction.created_by"" must be a ""User"" instance."
RECEIVE,1508,GTRM00003,093cfa1979,ERROR,"Cannot assign ""<Employee: Employee object (4d74f0c8-3c17-4150-a075-68bcf8d628c7)>"": ""StockTransaction.created_by"" must be a ""User"" instance."
RECEIVE,1509,GTRM00004,093cfa1980,ERROR,"Cannot assign ""<Employee: Employee object (4d74f0c8-3c17-4150-a075-68bcf8d628c7)>"": ""StockTransaction.created_by"" must be a ""User"" instance."
RECEIVE,1510,GTRM00006,093cfa1981,ERROR,"Cannot assign ""<Employee: Employee object (4d74f0c8-3c17-4150-a075-68bcf8d628c7)>"": ""StockTransaction.created_by"" must be a ""User"" instance."
RECEIVE,1511,GTRM00007,093cfa1982,ERROR,"Cannot assign ""<Employee: Employee object (4d74f0c8-3c17-4150-a075-68bcf8d628c7)>"": ""StockTransaction.created_by"" must be a ""User"" instance."
RECEIVE,1512,GTRM00008,093cfa1983,ERROR,"Cannot assign ""<Employee: Employee object (4d74f0c8-3c17-4150-a075-68bcf8d628c7)>"": ""StockTransaction.created_by"" must be a ""User"" instance."
RECEIVE,1513,GMMS00001,093cfa1984,ERROR,"Cannot assign ""<Employee: Employee object (4d74f0c8-3c17-4150-a075-68bcf8d628c7)>"": ""StockTransaction.created_by"" must be a ""User"" instance."
RECEIVE,1514,GMMS00002,093cfa1985,ERROR,"Cannot assign ""<Employee: Employee object (4d74f0c8-3c17-4150-a075-68bcf8d628c7)>"": ""StockTransaction.created_by"" must be a ""User"" instance."
RECEIVE,1515,GMMS00003,093cfa1986,ERROR,"Cannot assign ""<Employee: Employee object (4d74f0c8-3c17-4150-a075-68bcf8d628c7)>"": ""StockTransaction.created_by"" must be a ""User"" instance."
RECEIVE,1516,GMMS00004,093cfa1987,ERROR,"Cannot assign ""<Employee: Employee object (4d74f0c8-3c17-4150-a075-68bcf8d628c7)>"": ""StockTransaction.created_by"" must be a ""User"" instance."
RECEIVE,1517,GMMS00005,093cfa1988,ERROR,"Cannot assign ""<Employee: Employee object (4d74f0c8-3c17-4150-a075-68bcf8d628c7)>"": ""StockTransaction.created_by"" must be a ""User"" instance."
RECEIVE,1518,GMMS00006,093cfa1989,ERROR,"Cannot assign ""<Employee: Employee object (4d74f0c8-3c17-4150-a075-68bcf8d628c7)>"": ""StockTransaction.created_by"" must be a ""User"" instance."
RECEIVE,1519,GMMS00007,093cfa1990,ERROR,"Cannot assign ""<Employee: Employee object (4d74f0c8-3c17-4150-a075-68bcf8d628c7)>"": ""StockTransaction.created_by"" must be a ""User"" instance."
RECEIVE,1520,GMMS00008,093cfa1991,ERROR,"Cannot assign ""<Employee: Employee object (4d74f0c8-3c17-4150-a075-68bcf8d628c7)>"": ""StockTransaction.created_by"" must be a ""User"" instance."
RECEIVE,1521,GMMS00009,093cfa1992,ERROR,"Cannot assign ""<Employee: Employee object (4d74f0c8-3c17-4150-a075-68bcf8d628c7)>"": ""StockTransaction.created_by"" must be a ""User"" instance."
RECEIVE,1522,GMMS00010,093cfa1993,ERROR,"Cannot assign ""<Employee: Employee object (4d74f0c8-3c17-4150-a075-68bcf8d628c7)>"": ""StockTransaction.created_by"" must be a ""User"" instance."
RECEIVE,1523,GMMS00011,093cfa1994,ERROR,"Cannot assign ""<Employee: Employee object (4d74f0c8-3c17-4150-a075-68bcf8d628c7)>"": ""StockTransaction.created_by"" must be a ""User"" instance."
RECEIVE,1524,GMMS00012,093cfa1995,ERROR,"Cannot assign ""<Employee: Employee object (4d74f0c8-3c17-4150-a075-68bcf8d628c7)>"": ""StockTransaction.created_by"" must be a ""User"" instance."
RECEIVE,1525,GMMS00013,093cfa1996,ERROR,"Cannot assign ""<Employee: Employee object (4d74f0c8-3c17-4150-a075-68bcf8d628c7)>"": ""StockTransaction.created_by"" must be a ""User"" instance."
RECEIVE,1526,GMMS00015,093cfa1997,ERROR,"Cannot assign ""<Employee: Employee object (4d74f0c8-3c17-4150-a075-68bcf8d628c7)>"": ""StockTransaction.created_by"" must be a ""User"" instance."
RECEIVE,1527,GMMS00017,093cfa1999,ERROR,"Cannot assign ""<Employee: Employee object (4d74f0c8-3c17-4150-a075-68bcf8d628c7)>"": ""StockTransaction.created_by"" must be a ""User"" instance."
RECEIVE,1528,GMMS00018,093cfa2000,ERROR,"Cannot assign ""<Employee: Employee object (4d74f0c8-3c17-4150-a075-68bcf8d628c7)>"": ""StockTransaction.created_by"" must be a ""User"" instance."
RECEIVE,1529,GMMS00019,093cfa2001,ERROR,"Cannot assign ""<Employee: Employee object (4d74f0c8-3c17-4150-a075-68bcf8d628c7)>"": ""StockTransaction.created_by"" must be a ""User"" instance."
RECEIVE,1530,GMMS00020,093cfa2002,ERROR,"Cannot assign ""<Employee: Employee object (4d74f0c8-3c17-4150-a075-68bcf8d628c7)>"": ""StockTransaction.created_by"" must be a ""User"" instance."
RECEIVE,1531,GMMS00021,093cfa2003,ERROR,"Cannot assign ""<Employee: Employee object (4d74f0c8-3c17-4150-a075-68bcf8d628c7)>"": ""StockTransaction.created_by"" must be a ""User"" instance."
RECEIVE,1532,GMMS00022,093cfa2004,ERROR,"Cannot assign ""<Employee: Employee object (4d74f0c8-3c17-4150-a075-68bcf8d628c7)>"": ""StockTransaction.created_by"" must be a ""User"" instance."
RECEIVE,1533,GMMS00023,093cfa2005,ERROR,"Cannot assign ""<Employee: Employee object (4d74f0c8-3c17-4150-a075-68bcf8d628c7)>"": ""StockTransaction.created_by"" must be a ""User"" instance."
RECEIVE,1534,GMMS00024,093cfa2006,ERROR,"Cannot assign ""<Employee: Employee object (4d74f0c8-3c17-4150-a075-68bcf8d628c7)>"": ""StockTransaction.created_by"" must be a ""User"" instance."
RECEIVE,1535,GMMS00025,093cfa2007,ERROR,"Cannot assign ""<Employee: Employee object (4d74f0c8-3c17-4150-a075-68bcf8d628c7)>"": ""StockTransaction.created_by"" must be a ""User"" instance."
RECEIVE,1536,GMMS00026,093cfa2008,ERROR,"Cannot assign ""<Employee: Employee object (4d74f0c8-3c17-4150-a075-68bcf8d628c7)>"": ""StockTransaction.created_by"" must be a ""User"" instance."
RECEIVE,1537,GMMS00027,093cfa2009,ERROR,"Cannot assign ""<Employee: Employee object (4d74f0c8-3c17-4150-a075-68bcf8d628c7)>"": ""StockTransaction.created_by"" must be a ""User"" instance."
RECEIVE,1538,GMMS00028,093cfa2010,ERROR,"Cannot assign ""<Employee: Employee object (4d74f0c8-3c17-4150-a075-68bcf8d628c7)>"": ""StockTransaction.created_by"" must be a ""User"" instance."
RECEIVE,1539,GMMS00029,093cfa2011,ERROR,"Cannot assign ""<Employee: Employee object (4d74f0c8-3c17-4150-a075-68bcf8d628c7)>"": ""StockTransaction.created_by"" must be a ""User"" instance."
RECEIVE,1540,GMMS00030,093cfa2012,ERROR,"Cannot assign ""<Employee: Employee object (4d74f0c8-3c17-4150-a075-68bcf8d628c7)>"": ""StockTransaction.created_by"" must be a ""User"" instance."
RECEIVE,1541,GMMS00031,093cfa2013,ERROR,"Cannot assign ""<Employee: Employee object (4d74f0c8-3c17-4150-a075-68bcf8d628c7)>"": ""StockTransaction.created_by"" must be a ""User"" instance."
RECEIVE,1542,GMMS00032,093cfa2014,ERROR,"Cannot assign ""<Employee: Employee object (4d74f0c8-3c17-4150-a075-68bcf8d628c7)>"": ""StockTransaction.created_by"" must be a ""User"" instance."
RECEIVE,1543,GMMS00033,093cfa2015,ERROR,"Cannot assign ""<Employee: Employee object (4d74f0c8-3c17-4150-a075-68bcf8d628c7)>"": ""StockTransaction.created_by"" must be a ""User"" instance."
RECEIVE,1544,GMMS00034,093cfa2016,ERROR,"Cannot assign ""<Employee: Employee object (4d74f0c8-3c17-4150-a075-68bcf8d628c7)>"": ""StockTransaction.created_by"" must be a ""User"" instance."
RECEIVE,1545,GMMS00035,093cfa2017,ERROR,"Cannot assign ""<Employee: Employee object (4d74f0c8-3c17-4150-a075-68bcf8d628c7)>"": ""StockTransaction.created_by"" must be a ""User"" instance."
RECEIVE,1546,GMMS00036,093cfa2018,ERROR,"Cannot assign ""<Employee: Employee object (4d74f0c8-3c17-4150-a075-68bcf8d628c7)>"": ""StockTransaction.created_by"" must be a ""User"" instance."
RECEIVE,1547,GMMS00037,093cfa2019,ERROR,"Cannot assign ""<Employee: Employee object (4d74f0c8-3c17-4150-a075-68bcf8d628c7)>"": ""StockTransaction.created_by"" must be a ""User"" instance."
RECEIVE,1548,GMMS00038,093cfa2020,ERROR,"Cannot assign ""<Employee: Employee object (4d74f0c8-3c17-4150-a075-68bcf8d628c7)>"": ""StockTransaction.created_by"" must be a ""User"" instance."
RECEIVE,1549,GMMS00039,093cfa2021,ERROR,"Cannot assign ""<Employee: Employee object (4d74f0c8-3c17-4150-a075-68bcf8d628c7)>"": ""StockTransaction.created_by"" must be a ""User"" instance."
RECEIVE,1550,GMMS00040,093cfa2022,ERROR,"Cannot assign ""<Employee: Employee object (4d74f0c8-3c17-4150-a075-68bcf8d628c7)>"": ""StockTransaction.created_by"" must be a ""User"" instance."
RECEIVE,1551,GMMS00041,093cfa2023,ERROR,"Cannot assign ""<Employee: Employee object (4d74f0c8-3c17-4150-a075-68bcf8d628c7)>"": ""StockTransaction.created_by"" must be a ""User"" instance."
RECEIVE,1552,GMMS00042,093cfa2024,ERROR,"Cannot assign ""<Employee: Employee object (4d74f0c8-3c17-4150-a075-68bcf8d628c7)>"": ""StockTransaction.created_by"" must be a ""User"" instance."
RECEIVE,1553,GMMS00043,093cfa2025,ERROR,"Cannot assign ""<Employee: Employee object (4d74f0c8-3c17-4150-a075-68bcf8d628c7)>"": ""StockTransaction.created_by"" must be a ""User"" instance."
RECEIVE,1554,GMMS00044,093cfa2026,ERROR,"Cannot assign ""<Employee: Employee object (4d74f0c8-3c17-4150-a075-68bcf8d628c7)>"": ""StockTransaction.created_by"" must be a ""User"" instance."
RECEIVE,1555,GMMS00045,093cfa2027,ERROR,"Cannot assign ""<Employee: Employee object (4d74f0c8-3c17-4150-a075-68bcf8d628c7)>"": ""StockTransaction.created_by"" must be a ""User"" instance."
RECEIVE,1556,GMMS00046,093cfa2028,ERROR,"Cannot assign ""<Employee: Employee object (4d74f0c8-3c17-4150-a075-68bcf8d628c7)>"": ""StockTransaction.created_by"" must be a ""User"" instance."
RECEIVE,1557,GMMS00047,093cfa2029,ERROR,"Cannot assign ""<Employee: Employee object (4d74f0c8-3c17-4150-a075-68bcf8d628c7)>"": ""StockTransaction.created_by"" must be a ""User"" instance."
RECEIVE,1558,GMMS00048,093cfa2030,ERROR,"Cannot assign ""<Employee: Employee object (4d74f0c8-3c17-4150-a075-68bcf8d628c7)>"": ""StockTransaction.created_by"" must be a ""User"" instance."
RECEIVE,1559,GMMS00049,093cfa2031,ERROR,"Cannot assign ""<Employee: Employee object (4d74f0c8-3c17-4150-a075-68bcf8d628c7)>"": ""StockTransaction.created_by"" must be a ""User"" instance."
RECEIVE,1560,GMMS00050,093cfa2032,ERROR,"Cannot assign ""<Employee: Employee object (4d74f0c8-3c17-4150-a075-68bcf8d628c7)>"": ""StockTransaction.created_by"" must be a ""User"" instance."
RECEIVE,1561,GMMS00051,093cfa2033,ERROR,"Cannot assign ""<Employee: Employee object (4d74f0c8-3c17-4150-a075-68bcf8d628c7)>"": ""StockTransaction.created_by"" must be a ""User"" instance."
RECEIVE,1562,GBS00001,093cfa2034,ERROR,"Cannot assign ""<Employee: Employee object (4d74f0c8-3c17-4150-a075-68bcf8d628c7)>"": ""StockTransaction.created_by"" must be a ""User"" instance."
RECEIVE,1563,GBS00002,093cfa2035,ERROR,"Cannot assign ""<Employee: Employee object (4d74f0c8-3c17-4150-a075-68bcf8d628c7)>"": ""StockTransaction.created_by"" must be a ""User"" instance."
RECEIVE,1564,GBS00003,093cfa2036,ERROR,"Cannot assign ""<Employee: Employee object (4d74f0c8-3c17-4150-a075-68bcf8d628c7)>"": ""StockTransaction.created_by"" must be a ""User"" instance."
RECEIVE,1565,GBS00004,093cfa2037,ERROR,"Cannot assign ""<Employee: Employee object (4d74f0c8-3c17-4150-a075-68bcf8d628c7)>"": ""StockTransaction.created_by"" must be a ""User"" instance."
RECEIVE,1566,GBS00005,093cfa2038,ERROR,"Cannot assign ""<Employee: Employee object (4d74f0c8-3c17-4150-a075-68bcf8d628c7)>"": ""StockTransaction.created_by"" must be a ""User"" instance."
RECEIVE,1567,GBS00006,093cfa2039,ERROR,"Cannot assign ""<Employee: Employee object (4d74f0c8-3c17-4150-a075-68bcf8d628c7)>"": ""StockTransaction.created_by"" must be a ""User"" instance."
RECEIVE,1568,GBS00007,093cfa2040,ERROR,"Cannot assign ""<Employee: Employee object (4d74f0c8-3c17-4150-a075-68bcf8d628c7)>"": ""StockTransaction.created_by"" must be a ""User"" instance."
RECEIVE,1569,GBS00008,093cfa2041,ERROR,"Cannot assign ""<Employee: Employee object (4d74f0c8-3c17-4150-a075-68bcf8d628c7)>"": ""StockTransaction.created_by"" must be a ""User"" instance."
RECEIVE,1570,GBS00009,093cfa2042,ERROR,"Cannot assign ""<Employee: Employee object (4d74f0c8-3c17-4150-a075-68bcf8d628c7)>"": ""StockTransaction.created_by"" must be a ""User"" instance."
RECEIVE,1571,GBS00010,093cfa2043,ERROR,"Cannot assign ""<Employee: Employee object (4d74f0c8-3c17-4150-a075-68bcf8d628c7)>"": ""StockTransaction.created_by"" must be a ""User"" instance."
RECEIVE,1572,GBS00011,093cfa2044,ERROR,"Cannot assign ""<Employee: Employee object (4d74f0c8-3c17-4150-a075-68bcf8d628c7)>"": ""StockTransaction.created_by"" must be a ""User"" instance."
RECEIVE,1573,GBS00012,093cfa2045,ERROR,"Cannot assign ""<Employee: Employee object (4d74f0c8-3c17-4150-a075-68bcf8d628c7)>"": ""StockTransaction.created_by"" must be a ""User"" instance."
RECEIVE,1574,GBS00013,093cfa2046,ERROR,"Cannot assign ""<Employee: Employee object (4d74f0c8-3c17-4150-a075-68bcf8d628c7)>"": ""StockTransaction.created_by"" must be a ""User"" instance."
RECEIVE,1575,GBS00014,093cfa2047,ERROR,"Cannot assign ""<Employee: Employee object (4d74f0c8-3c17-4150-a075-68bcf8d628c7)>"": ""StockTransaction.created_by"" must be a ""User"" instance."
RECEIVE,1576,GBS00015,093cfa2048,ERROR,"Cannot assign ""<Employee: Employee object (4d74f0c8-3c17-4150-a075-68bcf8d628c7)>"": ""StockTransaction.created_by"" must be a ""User"" instance."
RECEIVE,1577,GBS00018,093cfa2049,ERROR,"Cannot assign ""<Employee: Employee object (4d74f0c8-3c17-4150-a075-68bcf8d628c7)>"": ""StockTransaction.created_by"" must be a ""User"" instance."
RECEIVE,1578,GBS00019,093cfa2050,ERROR,"Cannot assign ""<Employee: Employee object (4d74f0c8-3c17-4150-a075-68bcf8d628c7)>"": ""StockTransaction.created_by"" must be a ""User"" instance."
RECEIVE,1579,GBS00020,093cfa2051,ERROR,"Cannot assign ""<Employee: Employee object (4d74f0c8-3c17-4150-a075-68bcf8d628c7)>"": ""StockTransaction.created_by"" must be a ""User"" instance."
RECEIVE,1580,GBS00021,093cfa2052,ERROR,"Cannot assign ""<Employee: Employee object (4d74f0c8-3c17-4150-a075-68bcf8d628c7)>"": ""StockTransaction.created_by"" must be a ""User"" instance."
RECEIVE,1581,GBS00022,093cfa2053,ERROR,"Cannot assign ""<Employee: Employee object (4d74f0c8-3c17-4150-a075-68bcf8d628c7)>"": ""StockTransaction.created_by"" must be a ""User"" instance."
RECEIVE,1582,GBS00023,093cfa2054,ERROR,"Cannot assign ""<Employee: Employee object (4d74f0c8-3c17-4150-a075-68bcf8d628c7)>"": ""StockTransaction.created_by"" must be a ""User"" instance."
RECEIVE,1583,GBS00024,093cfa2055,ERROR,"Cannot assign ""<Employee: Employee object (4d74f0c8-3c17-4150-a075-68bcf8d628c7)>"": ""StockTransaction.created_by"" must be a ""User"" instance."
RECEIVE,1584,GBS00025,093cfa2056,ERROR,"Cannot assign ""<Employee: Employee object (4d74f0c8-3c17-4150-a075-68bcf8d628c7)>"": ""StockTransaction.created_by"" must be a ""User"" instance."
RECEIVE,1585,GBS00026,093cfa2057,ERROR,"Cannot assign ""<Employee: Employee object (4d74f0c8-3c17-4150-a075-68bcf8d628c7)>"": ""StockTransaction.created_by"" must be a ""User"" instance."
RECEIVE,1586,GBS00027,093cfa2058,ERROR,"Cannot assign ""<Employee: Employee object (4d74f0c8-3c17-4150-a075-68bcf8d628c7)>"": ""StockTransaction.created_by"" must be a ""User"" instance."
RECEIVE,1587,GBS00028,093cfa2059,ERROR,"Cannot assign ""<Employee: Employee object (4d74f0c8-3c17-4150-a075-68bcf8d628c7)>"": ""StockTransaction.created_by"" must be a ""User"" instance."
RECEIVE,1588,GBS00029,093cfa2060,ERROR,"Cannot assign ""<Employee: Employee object (4d74f0c8-3c17-4150-a075-68bcf8d628c7)>"": ""StockTransaction.created_by"" must be a ""User"" instance."
RECEIVE,1589,GBS00032,093cfa2061,ERROR,"Cannot assign ""<Employee: Employee object (4d74f0c8-3c17-4150-a075-68bcf8d628c7)>"": ""StockTransaction.created_by"" must be a ""User"" instance."
RECEIVE,1590,GBS00033,093cfa2062,ERROR,"Cannot assign ""<Employee: Employee object (4d74f0c8-3c17-4150-a075-68bcf8d628c7)>"": ""StockTransaction.created_by"" must be a ""User"" instance."
RECEIVE,1591,GBS00036,093cfa2063,ERROR,"Cannot assign ""<Employee: Employee object (4d74f0c8-3c17-4150-a075-68bcf8d628c7)>"": ""StockTransaction.created_by"" must be a ""User"" instance."
RECEIVE,1592,GBS00037,093cfa2064,ERROR,"Cannot assign ""<Employee: Employee object (4d74f0c8-3c17-4150-a075-68bcf8d628c7)>"": ""StockTransaction.created_by"" must be a ""User"" instance."
RECEIVE,1593,GBS00045,093cfa2065,ERROR,"Cannot assign ""<Employee: Employee object (4d74f0c8-3c17-4150-a075-68bcf8d628c7)>"": ""StockTransaction.created_by"" must be a ""User"" instance."
RECEIVE,1594,GBS00046,093cfa2066,ERROR,"Cannot assign ""<Employee: Employee object (4d74f0c8-3c17-4150-a075-68bcf8d628c7)>"": ""StockTransaction.created_by"" must be a ""User"" instance."
RECEIVE,1595,GBS00047,093cfa2067,ERROR,"Cannot assign ""<Employee: Employee object (4d74f0c8-3c17-4150-a075-68bcf8d628c7)>"": ""StockTransaction.created_by"" must be a ""User"" instance."
RECEIVE,1596,GBS00048,093cfa2068,ERROR,"Cannot assign ""<Employee: Employee object (4d74f0c8-3c17-4150-a075-68bcf8d628c7)>"": ""StockTransaction.created_by"" must be a ""User"" instance."
RECEIVE,1597,GBS00049,093cfa2069,ERROR,"Cannot assign ""<Employee: Employee object (4d74f0c8-3c17-4150-a075-68bcf8d628c7)>"": ""StockTransaction.created_by"" must be a ""User"" instance."
RECEIVE,1598,GBS00050,093cfa2070,ERROR,"Cannot assign ""<Employee: Employee object (4d74f0c8-3c17-4150-a075-68bcf8d628c7)>"": ""StockTransaction.created_by"" must be a ""User"" instance."
RECEIVE,1599,GBS00051,093cfa2071,ERROR,"Cannot assign ""<Employee: Employee object (4d74f0c8-3c17-4150-a075-68bcf8d628c7)>"": ""StockTransaction.created_by"" must be a ""User"" instance."
RECEIVE,1600,GBS00052,093cfa2072,ERROR,"Cannot assign ""<Employee: Employee object (4d74f0c8-3c17-4150-a075-68bcf8d628c7)>"": ""StockTransaction.created_by"" must be a ""User"" instance."
RECEIVE,1601,GBS00053,093cfa2073,ERROR,"Cannot assign ""<Employee: Employee object (4d74f0c8-3c17-4150-a075-68bcf8d628c7)>"": ""StockTransaction.created_by"" must be a ""User"" instance."
RECEIVE,1602,GBS00054,093cfa2074,ERROR,"Cannot assign ""<Employee: Employee object (4d74f0c8-3c17-4150-a075-68bcf8d628c7)>"": ""StockTransaction.created_by"" must be a ""User"" instance."
RECEIVE,1603,GBS00055,093cfa2075,ERROR,"Cannot assign ""<Employee: Employee object (4d74f0c8-3c17-4150-a075-68bcf8d628c7)>"": ""StockTransaction.created_by"" must be a ""User"" instance."
RECEIVE,1604,GBS00056,093cfa2076,ERROR,"Cannot assign ""<Employee: Employee object (4d74f0c8-3c17-4150-a075-68bcf8d628c7)>"": ""StockTransaction.created_by"" must be a ""User"" instance."
RECEIVE,1605,GBS00057,093cfa2077,ERROR,"Cannot assign ""<Employee: Employee object (4d74f0c8-3c17-4150-a075-68bcf8d628c7)>"": ""StockTransaction.created_by"" must be a ""User"" instance."
RECEIVE,1606,GBS00058,093cfa2078,ERROR,"Cannot assign ""<Employee: Employee object (4d74f0c8-3c17-4150-a075-68bcf8d628c7)>"": ""StockTransaction.created_by"" must be a ""User"" instance."
RECEIVE,1607,GBS00059,093cfa2079,ERROR,"Cannot assign ""<Employee: Employee object (4d74f0c8-3c17-4150-a075-68bcf8d628c7)>"": ""StockTransaction.created_by"" must be a ""User"" instance."
RECEIVE,1608,GBS00060,093cfa2080,ERROR,"Cannot assign ""<Employee: Employee object (4d74f0c8-3c17-4150-a075-68bcf8d628c7)>"": ""StockTransaction.created_by"" must be a ""User"" instance."
RECEIVE,1609,GBS00061,093cfa2081,ERROR,"Cannot assign ""<Employee: Employee object (4d74f0c8-3c17-4150-a075-68bcf8d628c7)>"": ""StockTransaction.created_by"" must be a ""User"" instance."
RECEIVE,1610,GBS00062,093cfa2082,ERROR,"Cannot assign ""<Employee: Employee object (4d74f0c8-3c17-4150-a075-68bcf8d628c7)>"": ""StockTransaction.created_by"" must be a ""User"" instance."
RECEIVE,1611,GJON00001,093cfa2083,ERROR,"Cannot assign ""<Employee: Employee object (4d74f0c8-3c17-4150-a075-68bcf8d628c7)>"": ""StockTransaction.created_by"" must be a ""User"" instance."
RECEIVE,1612,GJON00002,093cfa2084,ERROR,"Cannot assign ""<Employee: Employee object (4d74f0c8-3c17-4150-a075-68bcf8d628c7)>"": ""StockTransaction.created_by"" must be a ""User"" instance."
RECEIVE,1613,GJON00003,093cfa2085,ERROR,"Cannot assign ""<Employee: Employee object (4d74f0c8-3c17-4150-a075-68bcf8d628c7)>"": ""StockTransaction.created_by"" must be a ""User"" instance."
RECEIVE,1614,GJON00004,093cfa2086,ERROR,"Cannot assign ""<Employee: Employee object (4d74f0c8-3c17-4150-a075-68bcf8d628c7)>"": ""StockTransaction.created_by"" must be a ""User"" instance."
RECEIVE,1615,GJON00005,093cfa2087,ERROR,"Cannot assign ""<Employee: Employee object (4d74f0c8-3c17-4150-a075-68bcf8d628c7)>"": ""StockTransaction.created_by"" must be a ""User"" instance."
RECEIVE,1616,GJON00006,093cfa2088,ERROR,"Cannot assign ""<Employee: Employee object (4d74f0c8-3c17-4150-a075-68bcf8d628c7)>"": ""StockTransaction.created_by"" must be a ""User"" instance."
RECEIVE,1617,GJON00007,093cfa2089,ERROR,"Cannot assign ""<Employee: Employee object (4d74f0c8-3c17-4150-a075-68bcf8d628c7)>"": ""StockTransaction.created_by"" must be a ""User"" instance."
RECEIVE,1618,GJON00008,093cfa2090,ERROR,"Cannot assign ""<Employee: Employee object (4d74f0c8-3c17-4150-a075-68bcf8d628c7)>"": ""StockTransaction.created_by"" must be a ""User"" instance."
RECEIVE,1619,GJON00009,093cfa2091,ERROR,"Cannot assign ""<Employee: Employee object (4d74f0c8-3c17-4150-a075-68bcf8d628c7)>"": ""StockTransaction.created_by"" must be a ""User"" instance."
RECEIVE,1620,GJON00010,093cfa2092,ERROR,"Cannot assign ""<Employee: Employee object (4d74f0c8-3c17-4150-a075-68bcf8d628c7)>"": ""StockTransaction.created_by"" must be a ""User"" instance."
RECEIVE,1621,GJON00011,093cfa2093,ERROR,"Cannot assign ""<Employee: Employee object (4d74f0c8-3c17-4150-a075-68bcf8d628c7)>"": ""StockTransaction.created_by"" must be a ""User"" instance."
RECEIVE,1622,GJON00012,093cfa2094,ERROR,"Cannot assign ""<Employee: Employee object (4d74f0c8-3c17-4150-a075-68bcf8d628c7)>"": ""StockTransaction.created_by"" must be a ""User"" instance."
RECEIVE,1623,GJON00013,093cfa2095,ERROR,"Cannot assign ""<Employee: Employee object (4d74f0c8-3c17-4150-a075-68bcf8d628c7)>"": ""StockTransaction.created_by"" must be a ""User"" instance."
RECEIVE,1624,GJON00015,093cfa2096,ERROR,"Cannot assign ""<Employee: Employee object (4d74f0c8-3c17-4150-a075-68bcf8d628c7)>"": ""StockTransaction.created_by"" must be a ""User"" instance."
RECEIVE,1625,GJON00016,093cfa2097,ERROR,"Cannot assign ""<Employee: Employee object (4d74f0c8-3c17-4150-a075-68bcf8d628c7)>"": ""StockTransaction.created_by"" must be a ""User"" instance."
RECEIVE,1626,GJON00017,093cfa2098,ERROR,"Cannot assign ""<Employee: Employee object (4d74f0c8-3c17-4150-a075-68bcf8d628c7)>"": ""StockTransaction.created_by"" must be a ""User"" instance."
RECEIVE,1627,GJON00018,093cfa2099,ERROR,"Cannot assign ""<Employee: Employee object (4d74f0c8-3c17-4150-a075-68bcf8d628c7)>"": ""StockTransaction.created_by"" must be a ""User"" instance."
RECEIVE,1628,GJON00019,093cfa2100,ERROR,"Cannot assign ""<Employee: Employee object (4d74f0c8-3c17-4150-a075-68bcf8d628c7)>"": ""StockTransaction.created_by"" must be a ""User"" instance."
RECEIVE,1629,GJON00020,093cfa2101,ERROR,"Cannot assign ""<Employee: Employee object (4d74f0c8-3c17-4150-a075-68bcf8d628c7)>"": ""StockTransaction.created_by"" must be a ""User"" instance."
RECEIVE,1630,GJON00021,093cfa2102,ERROR,"Cannot assign ""<Employee: Employee object (4d74f0c8-3c17-4150-a075-68bcf8d628c7)>"": ""StockTransaction.created_by"" must be a ""User"" instance."
RECEIVE,1631,GJON00022,093cfa2103,ERROR,"Cannot assign ""<Employee: Employee object (4d74f0c8-3c17-4150-a075-68bcf8d628c7)>"": ""StockTransaction.created_by"" must be a ""User"" instance."
RECEIVE,1632,GJON00023,093cfa2104,ERROR,"Cannot assign ""<Employee: Employee object (4d74f0c8-3c17-4150-a075-68bcf8d628c7)>"": ""StockTransaction.created_by"" must be a ""User"" instance."
RECEIVE,1633,GJON00024,093cfa2105,ERROR,"Cannot assign ""<Employee: Employee object (4d74f0c8-3c17-4150-a075-68bcf8d628c7)>"": ""StockTransaction.created_by"" must be a ""User"" instance."
RECEIVE,1634,GJON00025,093cfa2106,ERROR,"Cannot assign ""<Employee: Employee object (4d74f0c8-3c17-4150-a075-68bcf8d628c7)>"": ""StockTransaction.created_by"" must be a ""User"" instance."
RECEIVE,1635,GJON00026,093cfa2107,ERROR,"Cannot assign ""<Employee: Employee object (4d74f0c8-3c17-4150-a075-68bcf8d628c7)>"": ""StockTransaction.created_by"" must be a ""User"" instance."
RECEIVE,1636,GJON00027,093cfa2108,ERROR,"Cannot assign ""<Employee: Employee object (4d74f0c8-3c17-4150-a075-68bcf8d628c7)>"": ""StockTransaction.created_by"" must be a ""User"" instance."
RECEIVE,1637,GJON00028,093cfa2109,ERROR,"Cannot assign ""<Employee: Employee object (4d74f0c8-3c17-4150-a075-68bcf8d628c7)>"": ""StockTransaction.created_by"" must be a ""User"" instance."
RECEIVE,1638,GJON00029,093cfa2110,ERROR,"Cannot assign ""<Employee: Employee object (4d74f0c8-3c17-4150-a075-68bcf8d628c7)>"": ""StockTransaction.created_by"" must be a ""User"" instance."
RECEIVE,1639,GJON00030,093cfa2111,ERROR,"Cannot assign ""<Employee: Employee object (4d74f0c8-3c17-4150-a075-68bcf8d628c7)>"": ""StockTransaction.created_by"" must be a ""User"" instance."
RECEIVE,1640,GJON00031,093cfa2112,ERROR,"Cannot assign ""<Employee: Employee object (4d74f0c8-3c17-4150-a075-68bcf8d628c7)>"": ""StockTransaction.created_by"" must be a ""User"" instance."
RECEIVE,1641,GJON00032,093cfa2113,ERROR,"Cannot assign ""<Employee: Employee object (4d74f0c8-3c17-4150-a075-68bcf8d628c7)>"": ""StockTransaction.created_by"" must be a ""User"" instance."
RECEIVE,1642,GJON00033,093cfa2114,ERROR,"Cannot assign ""<Employee: Employee object (4d74f0c8-3c17-4150-a075-68bcf8d628c7)>"": ""StockTransaction.created_by"" must be a ""User"" instance."
RECEIVE,1643,GJON00034,093cfa2115,ERROR,"Cannot assign ""<Employee: Employee object (4d74f0c8-3c17-4150-a075-68bcf8d628c7)>"": ""StockTransaction.created_by"" must be a ""User"" instance."
RECEIVE,1644,GJON00035,093cfa2116,ERROR,"Cannot assign ""<Employee: Employee object (4d74f0c8-3c17-4150-a075-68bcf8d628c7)>"": ""StockTransaction.created_by"" must be a ""User"" instance."
RECEIVE,1645,GJON00036,093cfa2117,ERROR,"Cannot assign ""<Employee: Employee object (4d74f0c8-3c17-4150-a075-68bcf8d628c7)>"": ""StockTransaction.created_by"" must be a ""User"" instance."
RECEIVE,1646,GJON00038,093cfa2118,ERROR,"Cannot assign ""<Employee: Employee object (4d74f0c8-3c17-4150-a075-68bcf8d628c7)>"": ""StockTransaction.created_by"" must be a ""User"" instance."
RECEIVE,1647,GJON00039,093cfa2119,ERROR,"Cannot assign ""<Employee: Employee object (4d74f0c8-3c17-4150-a075-68bcf8d628c7)>"": ""StockTransaction.created_by"" must be a ""User"" instance."
RECEIVE,1648,GJON00041,093cfa2120,ERROR,"Cannot assign ""<Employee: Employee object (4d74f0c8-3c17-4150-a075-68bcf8d628c7)>"": ""StockTransaction.created_by"" must be a ""User"" instance."
RECEIVE,1649,GJON00043,093cfa2121,ERROR,"Cannot assign ""<Employee: Employee object (4d74f0c8-3c17-4150-a075-68bcf8d628c7)>"": ""StockTransaction.created_by"" must be a ""User"" instance."
RECEIVE,1650,GJON00044,093cfa2122,ERROR,"Cannot assign ""<Employee: Employee object (4d74f0c8-3c17-4150-a075-68bcf8d628c7)>"": ""StockTransaction.created_by"" must be a ""User"" instance."
RECEIVE,1651,GJON00045,093cfa2123,ERROR,"Cannot assign ""<Employee: Employee object (4d74f0c8-3c17-4150-a075-68bcf8d628c7)>"": ""StockTransaction.created_by"" must be a ""User"" instance."
RECEIVE,1652,GJON00046,093cfa2124,ERROR,"Cannot assign ""<Employee: Employee object (4d74f0c8-3c17-4150-a075-68bcf8d628c7)>"": ""StockTransaction.created_by"" must be a ""User"" instance."
RECEIVE,1653,GJON00047,093cfa2125,ERROR,"Cannot assign ""<Employee: Employee object (4d74f0c8-3c17-4150-a075-68bcf8d628c7)>"": ""StockTransaction.created_by"" must be a ""User"" instance."
RECEIVE,1654,GJON00048,093cfa2126,ERROR,"Cannot assign ""<Employee: Employee object (4d74f0c8-3c17-4150-a075-68bcf8d628c7)>"": ""StockTransaction.created_by"" must be a ""User"" instance."
RECEIVE,1655,GJON00049,093cfa2127,ERROR,"Cannot assign ""<Employee: Employee object (4d74f0c8-3c17-4150-a075-68bcf8d628c7)>"": ""StockTransaction.created_by"" must be a ""User"" instance."
RECEIVE,1656,GJON00050,093cfa2128,ERROR,"Cannot assign ""<Employee: Employee object (4d74f0c8-3c17-4150-a075-68bcf8d628c7)>"": ""StockTransaction.created_by"" must be a ""User"" instance."
RECEIVE,1657,GJON00051,093cfa2129,ERROR,"Cannot assign ""<Employee: Employee object (4d74f0c8-3c17-4150-a075-68bcf8d628c7)>"": ""StockTransaction.created_by"" must be a ""User"" instance."
RECEIVE,1658,GJON00052,093cfa2130,ERROR,"Cannot assign ""<Employee: Employee object (4d74f0c8-3c17-4150-a075-68bcf8d628c7)>"": ""StockTransaction.created_by"" must be a ""User"" instance."
RECEIVE,1659,GJON00053,093cfa2131,ERROR,"Cannot assign ""<Employee: Employee object (4d74f0c8-3c17-4150-a075-68bcf8d628c7)>"": ""StockTransaction.created_by"" must be a ""User"" instance."
RECEIVE,1660,GJON00054,093cfa2132,ERROR,"Cannot assign ""<Employee: Employee object (4d74f0c8-3c17-4150-a075-68bcf8d628c7)>"": ""StockTransaction.created_by"" must be a ""User"" instance."
RECEIVE,1661,GJON00055,093cfa2133,ERROR,"Cannot assign ""<Employee: Employee object (4d74f0c8-3c17-4150-a075-68bcf8d628c7)>"": ""StockTransaction.created_by"" must be a ""User"" instance."
RECEIVE,1662,GJON00056,093cfa2134,ERROR,"Cannot assign ""<Employee: Employee object (4d74f0c8-3c17-4150-a075-68bcf8d628c7)>"": ""StockTransaction.created_by"" must be a ""User"" instance."
RECEIVE,1663,GJON00057,093cfa2135,ERROR,"Cannot assign ""<Employee: Employee object (4d74f0c8-3c17-4150-a075-68bcf8d628c7)>"": ""StockTransaction.created_by"" must be a ""User"" instance."
RECEIVE,1664,GJON00058,093cfa2136,ERROR,"Cannot assign ""<Employee: Employee object (4d74f0c8-3c17-4150-a075-68bcf8d628c7)>"": ""StockTransaction.created_by"" must be a ""User"" instance."
RECEIVE,1665,GJON00059,093cfa2137,ERROR,"Cannot assign ""<Employee: Employee object (4d74f0c8-3c17-4150-a075-68bcf8d628c7)>"": ""StockTransaction.created_by"" must be a ""User"" instance."
RECEIVE,1666,GJON00061,093cfa2138,ERROR,"Cannot assign ""<Employee: Employee object (4d74f0c8-3c17-4150-a075-68bcf8d628c7)>"": ""StockTransaction.created_by"" must be a ""User"" instance."
RECEIVE,1667,GJON00062,093cfa2139,ERROR,"Cannot assign ""<Employee: Employee object (4d74f0c8-3c17-4150-a075-68bcf8d628c7)>"": ""StockTransaction.created_by"" must be a ""User"" instance."
RECEIVE,1668,GJON00063,093cfa2140,ERROR,"Cannot assign ""<Employee: Employee object (4d74f0c8-3c17-4150-a075-68bcf8d628c7)>"": ""StockTransaction.created_by"" must be a ""User"" instance."
RECEIVE,1669,GJON00064,093cfa2141,ERROR,"Cannot assign ""<Employee: Employee object (4d74f0c8-3c17-4150-a075-68bcf8d628c7)>"": ""StockTransaction.created_by"" must be a ""User"" instance."
RECEIVE,1670,GJON00065,093cfa2142,ERROR,"Cannot assign ""<Employee: Employee object (4d74f0c8-3c17-4150-a075-68bcf8d628c7)>"": ""StockTransaction.created_by"" must be a ""User"" instance."
RECEIVE,1671,GJON00066,093cfa2143,ERROR,"Cannot assign ""<Employee: Employee object (4d74f0c8-3c17-4150-a075-68bcf8d628c7)>"": ""StockTransaction.created_by"" must be a ""User"" instance."
RECEIVE,1672,GJON00067,093cfa2144,ERROR,"Cannot assign ""<Employee: Employee object (4d74f0c8-3c17-4150-a075-68bcf8d628c7)>"": ""StockTransaction.created_by"" must be a ""User"" instance."
RECEIVE,1673,GJON00068,093cfa2145,ERROR,"Cannot assign ""<Employee: Employee object (4d74f0c8-3c17-4150-a075-68bcf8d628c7)>"": ""StockTransaction.created_by"" must be a ""User"" instance."
RECEIVE,1674,GJON00069,093cfa2146,ERROR,"Cannot assign ""<Employee: Employee object (4d74f0c8-3c17-4150-a075-68bcf8d628c7)>"": ""StockTransaction.created_by"" must be a ""User"" instance."
RECEIVE,1675,GJON00070,093cfa2147,ERROR,"Cannot assign ""<Employee: Employee object (4d74f0c8-3c17-4150-a075-68bcf8d628c7)>"": ""StockTransaction.created_by"" must be a ""User"" instance."
RECEIVE,1676,GJON00071,093cfa2148,ERROR,"Cannot assign ""<Employee: Employee object (4d74f0c8-3c17-4150-a075-68bcf8d628c7)>"": ""StockTransaction.created_by"" must be a ""User"" instance."
RECEIVE,1677,GJON00072,093cfa2149,ERROR,"Cannot assign ""<Employee: Employee object (4d74f0c8-3c17-4150-a075-68bcf8d628c7)>"": ""StockTransaction.created_by"" must be a ""User"" instance."
RECEIVE,1678,GJON00073,093cfa2150,ERROR,"Cannot assign ""<Employee: Employee object (4d74f0c8-3c17-4150-a075-68bcf8d628c7)>"": ""StockTransaction.created_by"" must be a ""User"" instance."
RECEIVE,1679,GJON00074,093cfa2151,ERROR,"Cannot assign ""<Employee: Employee object (4d74f0c8-3c17-4150-a075-68bcf8d628c7)>"": ""StockTransaction.created_by"" must be a ""User"" instance."
RECEIVE,1680,GJON00075,093cfa2152,ERROR,"Cannot assign ""<Employee: Employee object (4d74f0c8-3c17-4150-a075-68bcf8d628c7)>"": ""StockTransaction.created_by"" must be a ""User"" instance."
RECEIVE,1681,GJON00076,093cfa2153,ERROR,"Cannot assign ""<Employee: Employee object (4d74f0c8-3c17-4150-a075-68bcf8d628c7)>"": ""StockTransaction.created_by"" must be a ""User"" instance."
RECEIVE,1682,GJON00077,093cfa2154,ERROR,"Cannot assign ""<Employee: Employee object (4d74f0c8-3c17-4150-a075-68bcf8d628c7)>"": ""StockTransaction.created_by"" must be a ""User"" instance."
RECEIVE,1683,GJON00078,093cfa2155,ERROR,"Cannot assign ""<Employee: Employee object (4d74f0c8-3c17-4150-a075-68bcf8d628c7)>"": ""StockTransaction.created_by"" must be a ""User"" instance."
RECEIVE,1684,GJON00079,093cfa2156,ERROR,"Cannot assign ""<Employee: Employee object (4d74f0c8-3c17-4150-a075-68bcf8d628c7)>"": ""StockTransaction.created_by"" must be a ""User"" instance."
RECEIVE,1685,GJON00080,093cfa2157,ERROR,"Cannot assign ""<Employee: Employee object (4d74f0c8-3c17-4150-a075-68bcf8d628c7)>"": ""StockTransaction.created_by"" must be a ""User"" instance."
RECEIVE,1686,GJON00081,093cfa2158,ERROR,"Cannot assign ""<Employee: Employee object (4d74f0c8-3c17-4150-a075-68bcf8d628c7)>"": ""StockTransaction.created_by"" must be a ""User"" instance."
RECEIVE,1687,GJON00082,093cfa2159,ERROR,"Cannot assign ""<Employee: Employee object (4d74f0c8-3c17-4150-a075-68bcf8d628c7)>"": ""StockTransaction.created_by"" must be a ""User"" instance."
RECEIVE,1688,GJON00083,093cfa2160,ERROR,"Cannot assign ""<Employee: Employee object (4d74f0c8-3c17-4150-a075-68bcf8d628c7)>"": ""StockTransaction.created_by"" must be a ""User"" instance."
RECEIVE,1689,GJON00084,093cfa2161,ERROR,"Cannot assign ""<Employee: Employee object (4d74f0c8-3c17-4150-a075-68bcf8d628c7)>"": ""StockTransaction.created_by"" must be a ""User"" instance."
RECEIVE,1690,GBR00002,093cfa2162,ERROR,"Cannot assign ""<Employee: Employee object (4d74f0c8-3c17-4150-a075-68bcf8d628c7)>"": ""StockTransaction.created_by"" must be a ""User"" instance."
RECEIVE,1691,GBR00003,093cfa2163,ERROR,"Cannot assign ""<Employee: Employee object (4d74f0c8-3c17-4150-a075-68bcf8d628c7)>"": ""StockTransaction.created_by"" must be a ""User"" instance."
RECEIVE,1692,GBR00004,093cfa2164,ERROR,"Cannot assign ""<Employee: Employee object (4d74f0c8-3c17-4150-a075-68bcf8d628c7)>"": ""StockTransaction.created_by"" must be a ""User"" instance."
RECEIVE,1693,GBR00005,093cfa2165,ERROR,"Cannot assign ""<Employee: Employee object (4d74f0c8-3c17-4150-a075-68bcf8d628c7)>"": ""StockTransaction.created_by"" must be a ""User"" instance."
RECEIVE,1694,GBR00006,093cfa2166,ERROR,"Cannot assign ""<Employee: Employee object (4d74f0c8-3c17-4150-a075-68bcf8d628c7)>"": ""StockTransaction.created_by"" must be a ""User"" instance."
RECEIVE,1695,GBR00007,093cfa2167,ERROR,"Cannot assign ""<Employee: Employee object (4d74f0c8-3c17-4150-a075-68bcf8d628c7)>"": ""StockTransaction.created_by"" must be a ""User"" instance."
RECEIVE,1696,GBR00008,093cfa2168,ERROR,"Cannot assign ""<Employee: Employee object (4d74f0c8-3c17-4150-a075-68bcf8d628c7)>"": ""StockTransaction.created_by"" must be a ""User"" instance."
RECEIVE,1697,GBR00009,093cfa2169,ERROR,"Cannot assign ""<Employee: Employee object (4d74f0c8-3c17-4150-a075-68bcf8d628c7)>"": ""StockTransaction.created_by"" must be a ""User"" instance."
RECEIVE,1698,GBR00010,093cfa2170,ERROR,"Cannot assign ""<Employee: Employee object (4d74f0c8-3c17-4150-a075-68bcf8d628c7)>"": ""StockTransaction.created_by"" must be a ""User"" instance."
RECEIVE,1699,GBR00011,093cfa2171,ERROR,"Cannot assign ""<Employee: Employee object (4d74f0c8-3c17-4150-a075-68bcf8d628c7)>"": ""StockTransaction.created_by"" must be a ""User"" instance."
RECEIVE,1700,GBR00012,093cfa2172,ERROR,"Cannot assign ""<Employee: Employee object (4d74f0c8-3c17-4150-a075-68bcf8d628c7)>"": ""StockTransaction.created_by"" must be a ""User"" instance."
RECEIVE,1701,GBR00013,093cfa2173,ERROR,"Cannot assign ""<Employee: Employee object (4d74f0c8-3c17-4150-a075-68bcf8d628c7)>"": ""StockTransaction.created_by"" must be a ""User"" instance."
RECEIVE,1702,GBR00014,093cfa2174,ERROR,"Cannot assign ""<Employee: Employee object (4d74f0c8-3c17-4150-a075-68bcf8d628c7)>"": ""StockTransaction.created_by"" must be a ""User"" instance."
RECEIVE,1703,GBR00014,093cfa2175,ERROR,"Cannot assign ""<Employee: Employee object (4d74f0c8-3c17-4150-a075-68bcf8d628c7)>"": ""StockTransaction.created_by"" must be a ""User"" instance."
RECEIVE,1704,GBR00015,093cfa2176,ERROR,"Cannot assign ""<Employee: Employee object (4d74f0c8-3c17-4150-a075-68bcf8d628c7)>"": ""StockTransaction.created_by"" must be a ""User"" instance."
RECEIVE,1705,GBR00016,093cfa2177,ERROR,"Cannot assign ""<Employee: Employee object (4d74f0c8-3c17-4150-a075-68bcf8d628c7)>"": ""StockTransaction.created_by"" must be a ""User"" instance."
RECEIVE,1706,GBR00017,093cfa2178,ERROR,"Cannot assign ""<Employee: Employee object (4d74f0c8-3c17-4150-a075-68bcf8d628c7)>"": ""StockTransaction.created_by"" must be a ""User"" instance."
RECEIVE,1707,GBR00018,093cfa2179,ERROR,"Cannot assign ""<Employee: Employee object (4d74f0c8-3c17-4150-a075-68bcf8d628c7)>"": ""StockTransaction.created_by"" must be a ""User"" instance."
RECEIVE,1708,GBR00019,093cfa2180,ERROR,"Cannot assign ""<Employee: Employee object (4d74f0c8-3c17-4150-a075-68bcf8d628c7)>"": ""StockTransaction.created_by"" must be a ""User"" instance."
RECEIVE,1709,GBR00020,093cfa2181,ERROR,"Cannot assign ""<Employee: Employee object (4d74f0c8-3c17-4150-a075-68bcf8d628c7)>"": ""StockTransaction.created_by"" must be a ""User"" instance."
RECEIVE,1710,GBR00021,093cfa2182,ERROR,"Cannot assign ""<Employee: Employee object (4d74f0c8-3c17-4150-a075-68bcf8d628c7)>"": ""StockTransaction.created_by"" must be a ""User"" instance."
RECEIVE,1711,GBR00022,093cfa2183,ERROR,"Cannot assign ""<Employee: Employee object (4d74f0c8-3c17-4150-a075-68bcf8d628c7)>"": ""StockTransaction.created_by"" must be a ""User"" instance."
RECEIVE,1712,GBR00023,093cfa2184,ERROR,"Cannot assign ""<Employee: Employee object (4d74f0c8-3c17-4150-a075-68bcf8d628c7)>"": ""StockTransaction.created_by"" must be a ""User"" instance."
RECEIVE,1713,GBR00024,093cfa2185,ERROR,"Cannot assign ""<Employee: Employee object (4d74f0c8-3c17-4150-a075-68bcf8d628c7)>"": ""StockTransaction.created_by"" must be a ""User"" instance."
RECEIVE,1714,GBR00025,093cfa2186,ERROR,"Cannot assign ""<Employee: Employee object (4d74f0c8-3c17-4150-a075-68bcf8d628c7)>"": ""StockTransaction.created_by"" must be a ""User"" instance."
RECEIVE,1715,GBR00026,093cfa2187,ERROR,"Cannot assign ""<Employee: Employee object (4d74f0c8-3c17-4150-a075-68bcf8d628c7)>"": ""StockTransaction.created_by"" must be a ""User"" instance."
RECEIVE,1716,GBR00028,093cfa2188,ERROR,"Cannot assign ""<Employee: Employee object (4d74f0c8-3c17-4150-a075-68bcf8d628c7)>"": ""StockTransaction.created_by"" must be a ""User"" instance."
RECEIVE,1717,GBR00029,093cfa2189,ERROR,"Cannot assign ""<Employee: Employee object (4d74f0c8-3c17-4150-a075-68bcf8d628c7)>"": ""StockTransaction.created_by"" must be a ""User"" instance."
RECEIVE,1718,GBR00030,093cfa2190,ERROR,"Cannot assign ""<Employee: Employee object (4d74f0c8-3c17-4150-a075-68bcf8d628c7)>"": ""StockTransaction.created_by"" must be a ""User"" instance."
RECEIVE,1719,GBR00031,093cfa2191,ERROR,"Cannot assign ""<Employee: Employee object (4d74f0c8-3c17-4150-a075-68bcf8d628c7)>"": ""StockTransaction.created_by"" must be a ""User"" instance."
RECEIVE,1720,GBR00031,093cfa2192,ERROR,"Cannot assign ""<Employee: Employee object (4d74f0c8-3c17-4150-a075-68bcf8d628c7)>"": ""StockTransaction.created_by"" must be a ""User"" instance."
RECEIVE,1721,GBR00032,093cfa2193,ERROR,"Cannot assign ""<Employee: Employee object (4d74f0c8-3c17-4150-a075-68bcf8d628c7)>"": ""StockTransaction.created_by"" must be a ""User"" instance."
RECEIVE,1722,GBR00033,093cfa2194,ERROR,"Cannot assign ""<Employee: Employee object (4d74f0c8-3c17-4150-a075-68bcf8d628c7)>"": ""StockTransaction.created_by"" must be a ""User"" instance."
RECEIVE,1723,GBR00033,093cfa2195,ERROR,"Cannot assign ""<Employee: Employee object (4d74f0c8-3c17-4150-a075-68bcf8d628c7)>"": ""StockTransaction.created_by"" must be a ""User"" instance."
RECEIVE,1724,GBR00034,093cfa2196,ERROR,"Cannot assign ""<Employee: Employee object (4d74f0c8-3c17-4150-a075-68bcf8d628c7)>"": ""StockTransaction.created_by"" must be a ""User"" instance."
RECEIVE,1725,GBR00035,093cfa2197,ERROR,"Cannot assign ""<Employee: Employee object (4d74f0c8-3c17-4150-a075-68bcf8d628c7)>"": ""StockTransaction.created_by"" must be a ""User"" instance."
RECEIVE,1726,GBR00036,093cfa2198,ERROR,"Cannot assign ""<Employee: Employee object (4d74f0c8-3c17-4150-a075-68bcf8d628c7)>"": ""StockTransaction.created_by"" must be a ""User"" instance."
RECEIVE,1727,GBR00037,093cfa2199,ERROR,"Cannot assign ""<Employee: Employee object (4d74f0c8-3c17-4150-a075-68bcf8d628c7)>"": ""StockTransaction.created_by"" must be a ""User"" instance."
RECEIVE,1728,GBR00038,093cfa2200,ERROR,"Cannot assign ""<Employee: Employee object (4d74f0c8-3c17-4150-a075-68bcf8d628c7)>"": ""StockTransaction.created_by"" must be a ""User"" instance."
RECEIVE,1729,GBR00039,093cfa2201,ERROR,"Cannot assign ""<Employee: Employee object (4d74f0c8-3c17-4150-a075-68bcf8d628c7)>"": ""StockTransaction.created_by"" must be a ""User"" instance."
RECEIVE,1730,GBR00040,093cfa2202,ERROR,"Cannot assign ""<Employee: Employee object (4d74f0c8-3c17-4150-a075-68bcf8d628c7)>"": ""StockTransaction.created_by"" must be a ""User"" instance."
RECEIVE,1731,GBR00041,093cfa2203,ERROR,"Cannot assign ""<Employee: Employee object (4d74f0c8-3c17-4150-a075-68bcf8d628c7)>"": ""StockTransaction.created_by"" must be a ""User"" instance."
RECEIVE,1732,GBR00042,093cfa2204,ERROR,"Cannot assign ""<Employee: Employee object (4d74f0c8-3c17-4150-a075-68bcf8d628c7)>"": ""StockTransaction.created_by"" must be a ""User"" instance."
RECEIVE,1733,GBR00043,093cfa2205,ERROR,"Cannot assign ""<Employee: Employee object (4d74f0c8-3c17-4150-a075-68bcf8d628c7)>"": ""StockTransaction.created_by"" must be a ""User"" instance."
RECEIVE,1734,GBR00044,093cfa2206,ERROR,"Cannot assign ""<Employee: Employee object (4d74f0c8-3c17-4150-a075-68bcf8d628c7)>"": ""StockTransaction.created_by"" must be a ""User"" instance."
RECEIVE,1735,GBR00045,093cfa2207,ERROR,"Cannot assign ""<Employee: Employee object (4d74f0c8-3c17-4150-a075-68bcf8d628c7)>"": ""StockTransaction.created_by"" must be a ""User"" instance."
RECEIVE,1736,GBR00046,093cfa2208,ERROR,"Cannot assign ""<Employee: Employee object (4d74f0c8-3c17-4150-a075-68bcf8d628c7)>"": ""StockTransaction.created_by"" must be a ""User"" instance."
RECEIVE,1737,GBR00047,093cfa2209,ERROR,"Cannot assign ""<Employee: Employee object (4d74f0c8-3c17-4150-a075-68bcf8d628c7)>"": ""StockTransaction.created_by"" must be a ""User"" instance."
RECEIVE,1738,GBR00048,093cfa2210,ERROR,"Cannot assign ""<Employee: Employee object (4d74f0c8-3c17-4150-a075-68bcf8d628c7)>"": ""StockTransaction.created_by"" must be a ""User"" instance."
RECEIVE,1739,GBR00049,093cfa2211,ERROR,"Cannot assign ""<Employee: Employee object (4d74f0c8-3c17-4150-a075-68bcf8d628c7)>"": ""StockTransaction.created_by"" must be a ""User"" instance."
RECEIVE,1740,GBR00050,093cfa2212,ERROR,"Cannot assign ""<Employee: Employee object (4d74f0c8-3c17-4150-a075-68bcf8d628c7)>"": ""StockTransaction.created_by"" must be a ""User"" instance."
RECEIVE,1741,GBR00051,093cfa2213,ERROR,"Cannot assign ""<Employee: Employee object (4d74f0c8-3c17-4150-a075-68bcf8d628c7)>"": ""StockTransaction.created_by"" must be a ""User"" instance."
RECEIVE,1742,GBR00052,093cfa2214,ERROR,"Cannot assign ""<Employee: Employee object (4d74f0c8-3c17-4150-a075-68bcf8d628c7)>"": ""StockTransaction.created_by"" must be a ""User"" instance."
RECEIVE,1743,GBR00053,093cfa2215,ERROR,"Cannot assign ""<Employee: Employee object (4d74f0c8-3c17-4150-a075-68bcf8d628c7)>"": ""StockTransaction.created_by"" must be a ""User"" instance."
RECEIVE,1744,GBR00053,093cfa2216,ERROR,"Cannot assign ""<Employee: Employee object (4d74f0c8-3c17-4150-a075-68bcf8d628c7)>"": ""StockTransaction.created_by"" must be a ""User"" instance."
RECEIVE,1745,GBR00054,093cfa2217,ERROR,"Cannot assign ""<Employee: Employee object (4d74f0c8-3c17-4150-a075-68bcf8d628c7)>"": ""StockTransaction.created_by"" must be a ""User"" instance."
RECEIVE,1746,GBR00055,093cfa2218,ERROR,"Cannot assign ""<Employee: Employee object (4d74f0c8-3c17-4150-a075-68bcf8d628c7)>"": ""StockTransaction.created_by"" must be a ""User"" instance."
RECEIVE,1747,GBR00056,093cfa2219,ERROR,"Cannot assign ""<Employee: Employee object (4d74f0c8-3c17-4150-a075-68bcf8d628c7)>"": ""StockTransaction.created_by"" must be a ""User"" instance."
RECEIVE,1748,GBR00057,093cfa2220,ERROR,"Cannot assign ""<Employee: Employee object (4d74f0c8-3c17-4150-a075-68bcf8d628c7)>"": ""StockTransaction.created_by"" must be a ""User"" instance."
RECEIVE,1749,GBR00058,093cfa2221,ERROR,"Cannot assign ""<Employee: Employee object (4d74f0c8-3c17-4150-a075-68bcf8d628c7)>"": ""StockTransaction.created_by"" must be a ""User"" instance."
RECEIVE,1750,GBR00059,093cfa2222,ERROR,"Cannot assign ""<Employee: Employee object (4d74f0c8-3c17-4150-a075-68bcf8d628c7)>"": ""StockTransaction.created_by"" must be a ""User"" instance."
RECEIVE,1751,GBR00060,093cfa2223,ERROR,"Cannot assign ""<Employee: Employee object (4d74f0c8-3c17-4150-a075-68bcf8d628c7)>"": ""StockTransaction.created_by"" must be a ""User"" instance."
RECEIVE,1752,GBR00061,093cfa2224,ERROR,"Cannot assign ""<Employee: Employee object (4d74f0c8-3c17-4150-a075-68bcf8d628c7)>"": ""StockTransaction.created_by"" must be a ""User"" instance."
RECEIVE,1753,GBR00062,093cfa2225,ERROR,"Cannot assign ""<Employee: Employee object (4d74f0c8-3c17-4150-a075-68bcf8d628c7)>"": ""StockTransaction.created_by"" must be a ""User"" instance."
RECEIVE,1754,GBR00063,093cfa2226,ERROR,"Cannot assign ""<Employee: Employee object (4d74f0c8-3c17-4150-a075-68bcf8d628c7)>"": ""StockTransaction.created_by"" must be a ""User"" instance."
RECEIVE,1755,GBR00064,093cfa2227,ERROR,"Cannot assign ""<Employee: Employee object (4d74f0c8-3c17-4150-a075-68bcf8d628c7)>"": ""StockTransaction.created_by"" must be a ""User"" instance."
RECEIVE,1756,GBR00065,093cfa2228,ERROR,"Cannot assign ""<Employee: Employee object (4d74f0c8-3c17-4150-a075-68bcf8d628c7)>"": ""StockTransaction.created_by"" must be a ""User"" instance."
RECEIVE,1757,GBR00066,093cfa2229,ERROR,"Cannot assign ""<Employee: Employee object (4d74f0c8-3c17-4150-a075-68bcf8d628c7)>"": ""StockTransaction.created_by"" must be a ""User"" instance."
RECEIVE,1758,GBR00067,093cfa2230,ERROR,"Cannot assign ""<Employee: Employee object (4d74f0c8-3c17-4150-a075-68bcf8d628c7)>"": ""StockTransaction.created_by"" must be a ""User"" instance."
RECEIVE,1759,GBR00068,093cfa2231,ERROR,"Cannot assign ""<Employee: Employee object (4d74f0c8-3c17-4150-a075-68bcf8d628c7)>"": ""StockTransaction.created_by"" must be a ""User"" instance."
RECEIVE,1760,GBR00069,093cfa2232,ERROR,"Cannot assign ""<Employee: Employee object (4d74f0c8-3c17-4150-a075-68bcf8d628c7)>"": ""StockTransaction.created_by"" must be a ""User"" instance."
RECEIVE,1761,GBR00070,093cfa2233,ERROR,"Cannot assign ""<Employee: Employee object (4d74f0c8-3c17-4150-a075-68bcf8d628c7)>"": ""StockTransaction.created_by"" must be a ""User"" instance."
RECEIVE,1762,GBR00071,093cfa2234,ERROR,"Cannot assign ""<Employee: Employee object (4d74f0c8-3c17-4150-a075-68bcf8d628c7)>"": ""StockTransaction.created_by"" must be a ""User"" instance."
RECEIVE,1763,GBR00071,093cfa2235,ERROR,"Cannot assign ""<Employee: Employee object (4d74f0c8-3c17-4150-a075-68bcf8d628c7)>"": ""StockTransaction.created_by"" must be a ""User"" instance."
RECEIVE,1764,GBR00072,093cfa2236,ERROR,"Cannot assign ""<Employee: Employee object (4d74f0c8-3c17-4150-a075-68bcf8d628c7)>"": ""StockTransaction.created_by"" must be a ""User"" instance."
RECEIVE,1765,GBR00073,093cfa2237,ERROR,"Cannot assign ""<Employee: Employee object (4d74f0c8-3c17-4150-a075-68bcf8d628c7)>"": ""StockTransaction.created_by"" must be a ""User"" instance."
RECEIVE,1766,GBR00074,093cfa2238,ERROR,"Cannot assign ""<Employee: Employee object (4d74f0c8-3c17-4150-a075-68bcf8d628c7)>"": ""StockTransaction.created_by"" must be a ""User"" instance."
RECEIVE,1767,GBR00075,093cfa2239,ERROR,"Cannot assign ""<Employee: Employee object (4d74f0c8-3c17-4150-a075-68bcf8d628c7)>"": ""StockTransaction.created_by"" must be a ""User"" instance."
RECEIVE,1768,GBR00076,093cfa2240,ERROR,"Cannot assign ""<Employee: Employee object (4d74f0c8-3c17-4150-a075-68bcf8d628c7)>"": ""StockTransaction.created_by"" must be a ""User"" instance."
RECEIVE,1769,GBR00077,093cfa2241,ERROR,"Cannot assign ""<Employee: Employee object (4d74f0c8-3c17-4150-a075-68bcf8d628c7)>"": ""StockTransaction.created_by"" must be a ""User"" instance."
RECEIVE,1770,GBR00078,093cfa2242,ERROR,"Cannot assign ""<Employee: Employee object (4d74f0c8-3c17-4150-a075-68bcf8d628c7)>"": ""StockTransaction.created_by"" must be a ""User"" instance."
RECEIVE,1771,GBR00079,093cfa2243,ERROR,"Cannot assign ""<Employee: Employee object (4d74f0c8-3c17-4150-a075-68bcf8d628c7)>"": ""StockTransaction.created_by"" must be a ""User"" instance."
RECEIVE,1772,GBR00080,093cfa2244,ERROR,"Cannot assign ""<Employee: Employee object (4d74f0c8-3c17-4150-a075-68bcf8d628c7)>"": ""StockTransaction.created_by"" must be a ""User"" instance."
RECEIVE,1773,GBR00081,093cfa2245,ERROR,"Cannot assign ""<Employee: Employee object (4d74f0c8-3c17-4150-a075-68bcf8d628c7)>"": ""StockTransaction.created_by"" must be a ""User"" instance."
RECEIVE,1774,GBR00082,093cfa2246,ERROR,"Cannot assign ""<Employee: Employee object (4d74f0c8-3c17-4150-a075-68bcf8d628c7)>"": ""StockTransaction.created_by"" must be a ""User"" instance."
RECEIVE,1775,GBR00083,093cfa2247,ERROR,"Cannot assign ""<Employee: Employee object (4d74f0c8-3c17-4150-a075-68bcf8d628c7)>"": ""StockTransaction.created_by"" must be a ""User"" instance."
RECEIVE,1776,GBR00084,093cfa2248,ERROR,"Cannot assign ""<Employee: Employee object (4d74f0c8-3c17-4150-a075-68bcf8d628c7)>"": ""StockTransaction.created_by"" must be a ""User"" instance."
RECEIVE,1777,GBR00085,093cfa2249,ERROR,"Cannot assign ""<Employee: Employee object (4d74f0c8-3c17-4150-a075-68bcf8d628c7)>"": ""StockTransaction.created_by"" must be a ""User"" instance."
RECEIVE,1778,GBR00086,093cfa2250,ERROR,"Cannot assign ""<Employee: Employee object (4d74f0c8-3c17-4150-a075-68bcf8d628c7)>"": ""StockTransaction.created_by"" must be a ""User"" instance."
RECEIVE,1779,GBR00087,093cfa2251,ERROR,"Cannot assign ""<Employee: Employee object (4d74f0c8-3c17-4150-a075-68bcf8d628c7)>"": ""StockTransaction.created_by"" must be a ""User"" instance."
RECEIVE,1780,GBR00088,093cfa2252,ERROR,"Cannot assign ""<Employee: Employee object (4d74f0c8-3c17-4150-a075-68bcf8d628c7)>"": ""StockTransaction.created_by"" must be a ""User"" instance."
RECEIVE,1781,GBR00089,093cfa2253,ERROR,"Cannot assign ""<Employee: Employee object (4d74f0c8-3c17-4150-a075-68bcf8d628c7)>"": ""StockTransaction.created_by"" must be a ""User"" instance."
RECEIVE,1782,GBR00090,093cfa2254,ERROR,"Cannot assign ""<Employee: Employee object (4d74f0c8-3c17-4150-a075-68bcf8d628c7)>"": ""StockTransaction.created_by"" must be a ""User"" instance."
RECEIVE,1783,GBR00091,093cfa2255,ERROR,"Cannot assign ""<Employee: Employee object (4d74f0c8-3c17-4150-a075-68bcf8d628c7)>"": ""StockTransaction.created_by"" must be a ""User"" instance."
RECEIVE,1784,GBR00092,093cfa2256,ERROR,"Cannot assign ""<Employee: Employee object (4d74f0c8-3c17-4150-a075-68bcf8d628c7)>"": ""StockTransaction.created_by"" must be a ""User"" instance."
RECEIVE,1785,GBR00092,093cfa2257,ERROR,"Cannot assign ""<Employee: Employee object (4d74f0c8-3c17-4150-a075-68bcf8d628c7)>"": ""StockTransaction.created_by"" must be a ""User"" instance."
RECEIVE,1786,GBR00093,093cfa2258,ERROR,"Cannot assign ""<Employee: Employee object (4d74f0c8-3c17-4150-a075-68bcf8d628c7)>"": ""StockTransaction.created_by"" must be a ""User"" instance."
RECEIVE,1787,GBR00094,093cfa2259,ERROR,"Cannot assign ""<Employee: Employee object (4d74f0c8-3c17-4150-a075-68bcf8d628c7)>"": ""StockTransaction.created_by"" must be a ""User"" instance."
RECEIVE,1788,GBR00095,093cfa2260,ERROR,"Cannot assign ""<Employee: Employee object (4d74f0c8-3c17-4150-a075-68bcf8d628c7)>"": ""StockTransaction.created_by"" must be a ""User"" instance."
RECEIVE,1789,GBR00096,093cfa2261,ERROR,"Cannot assign ""<Employee: Employee object (4d74f0c8-3c17-4150-a075-68bcf8d628c7)>"": ""StockTransaction.created_by"" must be a ""User"" instance."
RECEIVE,1790,GBR00097,093cfa2262,ERROR,"Cannot assign ""<Employee: Employee object (4d74f0c8-3c17-4150-a075-68bcf8d628c7)>"": ""StockTransaction.created_by"" must be a ""User"" instance."
RECEIVE,1791,GBR00098,093cfa2263,ERROR,"Cannot assign ""<Employee: Employee object (4d74f0c8-3c17-4150-a075-68bcf8d628c7)>"": ""StockTransaction.created_by"" must be a ""User"" instance."
RECEIVE,1792,GBR00099,093cfa2264,ERROR,"Cannot assign ""<Employee: Employee object (4d74f0c8-3c17-4150-a075-68bcf8d628c7)>"": ""StockTransaction.created_by"" must be a ""User"" instance."
RECEIVE,1793,GBR00101,093cfa2265,ERROR,"Cannot assign ""<Employee: Employee object (4d74f0c8-3c17-4150-a075-68bcf8d628c7)>"": ""StockTransaction.created_by"" must be a ""User"" instance."
RECEIVE,1794,GBR00102,093cfa2266,ERROR,"Cannot assign ""<Employee: Employee object (4d74f0c8-3c17-4150-a075-68bcf8d628c7)>"": ""StockTransaction.created_by"" must be a ""User"" instance."
RECEIVE,1795,GBR00103,093cfa2267,ERROR,"Cannot assign ""<Employee: Employee object (4d74f0c8-3c17-4150-a075-68bcf8d628c7)>"": ""StockTransaction.created_by"" must be a ""User"" instance."
RECEIVE,1796,GBR00104,093cfa2268,ERROR,"Cannot assign ""<Employee: Employee object (4d74f0c8-3c17-4150-a075-68bcf8d628c7)>"": ""StockTransaction.created_by"" must be a ""User"" instance."
RECEIVE,1797,GBR00105,093cfa2269,ERROR,"Cannot assign ""<Employee: Employee object (4d74f0c8-3c17-4150-a075-68bcf8d628c7)>"": ""StockTransaction.created_by"" must be a ""User"" instance."
RECEIVE,1798,GBR00106,093cfa2270,ERROR,"Cannot assign ""<Employee: Employee object (4d74f0c8-3c17-4150-a075-68bcf8d628c7)>"": ""StockTransaction.created_by"" must be a ""User"" instance."
RECEIVE,1799,GBR00107,093cfa2271,ERROR,"Cannot assign ""<Employee: Employee object (4d74f0c8-3c17-4150-a075-68bcf8d628c7)>"": ""StockTransaction.created_by"" must be a ""User"" instance."
RECEIVE,1800,GBR00107,093cfa2272,ERROR,"Cannot assign ""<Employee: Employee object (4d74f0c8-3c17-4150-a075-68bcf8d628c7)>"": ""StockTransaction.created_by"" must be a ""User"" instance."
RECEIVE,1801,GBR00108,093cfa2273,ERROR,"Cannot assign ""<Employee: Employee object (4d74f0c8-3c17-4150-a075-68bcf8d628c7)>"": ""StockTransaction.created_by"" must be a ""User"" instance."
RECEIVE,1802,GBR00109,093cfa2274,ERROR,"Cannot assign ""<Employee: Employee object (4d74f0c8-3c17-4150-a075-68bcf8d628c7)>"": ""StockTransaction.created_by"" must be a ""User"" instance."
RECEIVE,1803,GBR00110,093cfa2275,ERROR,"Cannot assign ""<Employee: Employee object (4d74f0c8-3c17-4150-a075-68bcf8d628c7)>"": ""StockTransaction.created_by"" must be a ""User"" instance."
RECEIVE,1804,GBR00111,093cfa2276,ERROR,"Cannot assign ""<Employee: Employee object (4d74f0c8-3c17-4150-a075-68bcf8d628c7)>"": ""StockTransaction.created_by"" must be a ""User"" instance."
RECEIVE,1805,GBR00112,093cfa2277,ERROR,"Cannot assign ""<Employee: Employee object (4d74f0c8-3c17-4150-a075-68bcf8d628c7)>"": ""StockTransaction.created_by"" must be a ""User"" instance."
RECEIVE,1806,GBR00113,093cfa2278,ERROR,"Cannot assign ""<Employee: Employee object (4d74f0c8-3c17-4150-a075-68bcf8d628c7)>"": ""StockTransaction.created_by"" must be a ""User"" instance."
RECEIVE,1807,GBR00114,093cfa2279,ERROR,"Cannot assign ""<Employee: Employee object (4d74f0c8-3c17-4150-a075-68bcf8d628c7)>"": ""StockTransaction.created_by"" must be a ""User"" instance."
RECEIVE,1808,GBR00115,093cfa2280,ERROR,"Cannot assign ""<Employee: Employee object (4d74f0c8-3c17-4150-a075-68bcf8d628c7)>"": ""StockTransaction.created_by"" must be a ""User"" instance."
RECEIVE,1809,GBR00116,093cfa2281,ERROR,"Cannot assign ""<Employee: Employee object (4d74f0c8-3c17-4150-a075-68bcf8d628c7)>"": ""StockTransaction.created_by"" must be a ""User"" instance."
RECEIVE,1810,GBR00117,093cfa2282,ERROR,"Cannot assign ""<Employee: Employee object (4d74f0c8-3c17-4150-a075-68bcf8d628c7)>"": ""StockTransaction.created_by"" must be a ""User"" instance."
RECEIVE,1811,GBR00118,093cfa2283,ERROR,"Cannot assign ""<Employee: Employee object (4d74f0c8-3c17-4150-a075-68bcf8d628c7)>"": ""StockTransaction.created_by"" must be a ""User"" instance."
RECEIVE,1812,GBR00119,093cfa2284,ERROR,"Cannot assign ""<Employee: Employee object (4d74f0c8-3c17-4150-a075-68bcf8d628c7)>"": ""StockTransaction.created_by"" must be a ""User"" instance."
RECEIVE,1813,GBR00120,093cfa2285,ERROR,"Cannot assign ""<Employee: Employee object (4d74f0c8-3c17-4150-a075-68bcf8d628c7)>"": ""StockTransaction.created_by"" must be a ""User"" instance."
RECEIVE,1814,GBR00121,093cfa2286,ERROR,"Cannot assign ""<Employee: Employee object (4d74f0c8-3c17-4150-a075-68bcf8d628c7)>"": ""StockTransaction.created_by"" must be a ""User"" instance."
RECEIVE,1815,GBR00122,093cfa2287,ERROR,"Cannot assign ""<Employee: Employee object (4d74f0c8-3c17-4150-a075-68bcf8d628c7)>"": ""StockTransaction.created_by"" must be a ""User"" instance."
RECEIVE,1816,GBR00123,093cfa2288,ERROR,"Cannot assign ""<Employee: Employee object (4d74f0c8-3c17-4150-a075-68bcf8d628c7)>"": ""StockTransaction.created_by"" must be a ""User"" instance."
RECEIVE,1817,GBR00124,093cfa2289,ERROR,"Cannot assign ""<Employee: Employee object (4d74f0c8-3c17-4150-a075-68bcf8d628c7)>"": ""StockTransaction.created_by"" must be a ""User"" instance."
RECEIVE,1818,GBR00125,093cfa2290,ERROR,"Cannot assign ""<Employee: Employee object (4d74f0c8-3c17-4150-a075-68bcf8d628c7)>"": ""StockTransaction.created_by"" must be a ""User"" instance."
RECEIVE,1819,GBR00126,093cfa2291,ERROR,"Cannot assign ""<Employee: Employee object (4d74f0c8-3c17-4150-a075-68bcf8d628c7)>"": ""StockTransaction.created_by"" must be a ""User"" instance."
RECEIVE,1820,GBR00127,093cfa2292,ERROR,"Cannot assign ""<Employee: Employee object (4d74f0c8-3c17-4150-a075-68bcf8d628c7)>"": ""StockTransaction.created_by"" must be a ""User"" instance."
RECEIVE,1821,GBR00128,093cfa2293,ERROR,"Cannot assign ""<Employee: Employee object (4d74f0c8-3c17-4150-a075-68bcf8d628c7)>"": ""StockTransaction.created_by"" must be a ""User"" instance."
RECEIVE,1822,GBR00129,093cfa2294,ERROR,"Cannot assign ""<Employee: Employee object (4d74f0c8-3c17-4150-a075-68bcf8d628c7)>"": ""StockTransaction.created_by"" must be a ""User"" instance."
RECEIVE,1823,GBR00130,093cfa2295,ERROR,"Cannot assign ""<Employee: Employee object (4d74f0c8-3c17-4150-a075-68bcf8d628c7)>"": ""StockTransaction.created_by"" must be a ""User"" instance."
RECEIVE,1824,GBR00131,093cfa2296,ERROR,"Cannot assign ""<Employee: Employee object (4d74f0c8-3c17-4150-a075-68bcf8d628c7)>"": ""StockTransaction.created_by"" must be a ""User"" instance."
RECEIVE,1825,GBR00132,093cfa2297,ERROR,"Cannot assign ""<Employee: Employee object (4d74f0c8-3c17-4150-a075-68bcf8d628c7)>"": ""StockTransaction.created_by"" must be a ""User"" instance."
RECEIVE,1826,GBR00133,093cfa2298,ERROR,"Cannot assign ""<Employee: Employee object (4d74f0c8-3c17-4150-a075-68bcf8d628c7)>"": ""StockTransaction.created_by"" must be a ""User"" instance."
RECEIVE,1827,GBR00134,093cfa2299,ERROR,"Cannot assign ""<Employee: Employee object (4d74f0c8-3c17-4150-a075-68bcf8d628c7)>"": ""StockTransaction.created_by"" must be a ""User"" instance."
RECEIVE,1828,GBR00135,093cfa2300,ERROR,"Cannot assign ""<Employee: Employee object (4d74f0c8-3c17-4150-a075-68bcf8d628c7)>"": ""StockTransaction.created_by"" must be a ""User"" instance."
RECEIVE,1829,GBR00136,093cfa2301,ERROR,"Cannot assign ""<Employee: Employee object (4d74f0c8-3c17-4150-a075-68bcf8d628c7)>"": ""StockTransaction.created_by"" must be a ""User"" instance."
RECEIVE,1830,GBR00137,093cfa2302,ERROR,"Cannot assign ""<Employee: Employee object (4d74f0c8-3c17-4150-a075-68bcf8d628c7)>"": ""StockTransaction.created_by"" must be a ""User"" instance."
RECEIVE,1831,GBR00138,093cfa2303,ERROR,"Cannot assign ""<Employee: Employee object (4d74f0c8-3c17-4150-a075-68bcf8d628c7)>"": ""StockTransaction.created_by"" must be a ""User"" instance."
RECEIVE,1832,GBR00139,093cfa2304,ERROR,"Cannot assign ""<Employee: Employee object (4d74f0c8-3c17-4150-a075-68bcf8d628c7)>"": ""StockTransaction.created_by"" must be a ""User"" instance."
RECEIVE,1833,GBR00140,093cfa2305,ERROR,"Cannot assign ""<Employee: Employee object (4d74f0c8-3c17-4150-a075-68bcf8d628c7)>"": ""StockTransaction.created_by"" must be a ""User"" instance."
RECEIVE,1834,GBR00141,093cfa2306,ERROR,"Cannot assign ""<Employee: Employee object (4d74f0c8-3c17-4150-a075-68bcf8d628c7)>"": ""StockTransaction.created_by"" must be a ""User"" instance."
RECEIVE,1835,GBR00142,093cfa2307,ERROR,"Cannot assign ""<Employee: Employee object (4d74f0c8-3c17-4150-a075-68bcf8d628c7)>"": ""StockTransaction.created_by"" must be a ""User"" instance."
RECEIVE,1836,GBR00143,093cfa2308,ERROR,"Cannot assign ""<Employee: Employee object (4d74f0c8-3c17-4150-a075-68bcf8d628c7)>"": ""StockTransaction.created_by"" must be a ""User"" instance."
RECEIVE,1837,GBR00144,093cfa2309,ERROR,"Cannot assign ""<Employee: Employee object (4d74f0c8-3c17-4150-a075-68bcf8d628c7)>"": ""StockTransaction.created_by"" must be a ""User"" instance."
RECEIVE,1838,GBR00145,093cfa2310,ERROR,"Cannot assign ""<Employee: Employee object (4d74f0c8-3c17-4150-a075-68bcf8d628c7)>"": ""StockTransaction.created_by"" must be a ""User"" instance."
RECEIVE,1839,GBR00146,093cfa2311,ERROR,"Cannot assign ""<Employee: Employee object (4d74f0c8-3c17-4150-a075-68bcf8d628c7)>"": ""StockTransaction.created_by"" must be a ""User"" instance."
RECEIVE,1840,GBR00147,093cfa2312,ERROR,"Cannot assign ""<Employee: Employee object (4d74f0c8-3c17-4150-a075-68bcf8d628c7)>"": ""StockTransaction.created_by"" must be a ""User"" instance."
RECEIVE,1841,GBR00148,093cfa2313,ERROR,"Cannot assign ""<Employee: Employee object (4d74f0c8-3c17-4150-a075-68bcf8d628c7)>"": ""StockTransaction.created_by"" must be a ""User"" instance."
RECEIVE,1842,GBR00149,093cfa2314,ERROR,"Cannot assign ""<Employee: Employee object (4d74f0c8-3c17-4150-a075-68bcf8d628c7)>"": ""StockTransaction.created_by"" must be a ""User"" instance."
RECEIVE,1843,GBR00150,093cfa2315,ERROR,"Cannot assign ""<Employee: Employee object (4d74f0c8-3c17-4150-a075-68bcf8d628c7)>"": ""StockTransaction.created_by"" must be a ""User"" instance."
RECEIVE,1844,GBR00151,093cfa2316,ERROR,"Cannot assign ""<Employee: Employee object (4d74f0c8-3c17-4150-a075-68bcf8d628c7)>"": ""StockTransaction.created_by"" must be a ""User"" instance."
RECEIVE,1845,GBR00152,093cfa2317,ERROR,"Cannot assign ""<Employee: Employee object (4d74f0c8-3c17-4150-a075-68bcf8d628c7)>"": ""StockTransaction.created_by"" must be a ""User"" instance."
RECEIVE,1846,GBR00153,093cfa2318,ERROR,"Cannot assign ""<Employee: Employee object (4d74f0c8-3c17-4150-a075-68bcf8d628c7)>"": ""StockTransaction.created_by"" must be a ""User"" instance."
RECEIVE,1847,GBR00154,093cfa2319,ERROR,"Cannot assign ""<Employee: Employee object (4d74f0c8-3c17-4150-a075-68bcf8d628c7)>"": ""StockTransaction.created_by"" must be a ""User"" instance."
RECEIVE,1848,GBR00155,093cfa2320,ERROR,"Cannot assign ""<Employee: Employee object (4d74f0c8-3c17-4150-a075-68bcf8d628c7)>"": ""StockTransaction.created_by"" must be a ""User"" instance."
RECEIVE,1849,GBR00156,093cfa2321,ERROR,"Cannot assign ""<Employee: Employee object (4d74f0c8-3c17-4150-a075-68bcf8d628c7)>"": ""StockTransaction.created_by"" must be a ""User"" instance."
RECEIVE,1850,GBR00157,093cfa2322,ERROR,"Cannot assign ""<Employee: Employee object (4d74f0c8-3c17-4150-a075-68bcf8d628c7)>"": ""StockTransaction.created_by"" must be a ""User"" instance."
RECEIVE,1851,GBR00159,093cfa2323,ERROR,"Cannot assign ""<Employee: Employee object (4d74f0c8-3c17-4150-a075-68bcf8d628c7)>"": ""StockTransaction.created_by"" must be a ""User"" instance."
RECEIVE,1852,GBR00160,093cfa2324,ERROR,"Cannot assign ""<Employee: Employee object (4d74f0c8-3c17-4150-a075-68bcf8d628c7)>"": ""StockTransaction.created_by"" must be a ""User"" instance."
RECEIVE,1853,GBR00161,093cfa2325,ERROR,"Cannot assign ""<Employee: Employee object (4d74f0c8-3c17-4150-a075-68bcf8d628c7)>"": ""StockTransaction.created_by"" must be a ""User"" instance."
RECEIVE,1854,GBR00162,093cfa2326,ERROR,"Cannot assign ""<Employee: Employee object (4d74f0c8-3c17-4150-a075-68bcf8d628c7)>"": ""StockTransaction.created_by"" must be a ""User"" instance."
RECEIVE,1855,GBR00163,093cfa2327,ERROR,"Cannot assign ""<Employee: Employee object (4d74f0c8-3c17-4150-a075-68bcf8d628c7)>"": ""StockTransaction.created_by"" must be a ""User"" instance."
RECEIVE,1856,GBR00164,093cfa2328,ERROR,"Cannot assign ""<Employee: Employee object (4d74f0c8-3c17-4150-a075-68bcf8d628c7)>"": ""StockTransaction.created_by"" must be a ""User"" instance."
RECEIVE,1857,GBR00164,093cfa2329,ERROR,"Cannot assign ""<Employee: Employee object (4d74f0c8-3c17-4150-a075-68bcf8d628c7)>"": ""StockTransaction.created_by"" must be a ""User"" instance."
RECEIVE,1858,GBR00165,093cfa2330,ERROR,"Cannot assign ""<Employee: Employee object (4d74f0c8-3c17-4150-a075-68bcf8d628c7)>"": ""StockTransaction.created_by"" must be a ""User"" instance."
RECEIVE,1859,GBR00166,093cfa2331,ERROR,"Cannot assign ""<Employee: Employee object (4d74f0c8-3c17-4150-a075-68bcf8d628c7)>"": ""StockTransaction.created_by"" must be a ""User"" instance."
RECEIVE,1860,GBR00167,093cfa2332,ERROR,"Cannot assign ""<Employee: Employee object (4d74f0c8-3c17-4150-a075-68bcf8d628c7)>"": ""StockTransaction.created_by"" must be a ""User"" instance."
RECEIVE,1861,GBR00168,093cfa2333,ERROR,"Cannot assign ""<Employee: Employee object (4d74f0c8-3c17-4150-a075-68bcf8d628c7)>"": ""StockTransaction.created_by"" must be a ""User"" instance."
RECEIVE,1862,GBR00169,093cfa2334,ERROR,"Cannot assign ""<Employee: Employee object (4d74f0c8-3c17-4150-a075-68bcf8d628c7)>"": ""StockTransaction.created_by"" must be a ""User"" instance."
RECEIVE,1863,GBR00170,093cfa2335,ERROR,"Cannot assign ""<Employee: Employee object (4d74f0c8-3c17-4150-a075-68bcf8d628c7)>"": ""StockTransaction.created_by"" must be a ""User"" instance."
RECEIVE,1864,GBR00171,093cfa2336,ERROR,"Cannot assign ""<Employee: Employee object (4d74f0c8-3c17-4150-a075-68bcf8d628c7)>"": ""StockTransaction.created_by"" must be a ""User"" instance."
RECEIVE,1865,GBR00172,093cfa2337,ERROR,"Cannot assign ""<Employee: Employee object (4d74f0c8-3c17-4150-a075-68bcf8d628c7)>"": ""StockTransaction.created_by"" must be a ""User"" instance."
RECEIVE,1866,GBR00173,093cfa2338,ERROR,"Cannot assign ""<Employee: Employee object (4d74f0c8-3c17-4150-a075-68bcf8d628c7)>"": ""StockTransaction.created_by"" must be a ""User"" instance."
RECEIVE,1867,GBR00174,093cfa2339,ERROR,"Cannot assign ""<Employee: Employee object (4d74f0c8-3c17-4150-a075-68bcf8d628c7)>"": ""StockTransaction.created_by"" must be a ""User"" instance."
RECEIVE,1868,GBR00175,093cfa2340,ERROR,"Cannot assign ""<Employee: Employee object (4d74f0c8-3c17-4150-a075-68bcf8d628c7)>"": ""StockTransaction.created_by"" must be a ""User"" instance."
RECEIVE,1869,GBR00176,093cfa2341,ERROR,"Cannot assign ""<Employee: Employee object (4d74f0c8-3c17-4150-a075-68bcf8d628c7)>"": ""StockTransaction.created_by"" must be a ""User"" instance."
RECEIVE,1870,GBR00177,093cfa2342,SKIP,part not found
RECEIVE,1871,GBR00177,093cfa2343,SKIP,part not found
RECEIVE,1872,GBR00177,093cfa2344,SKIP,part not found
RECEIVE,1873,GBR00178,093cfa2345,ERROR,"Cannot assign ""<Employee: Employee object (4d74f0c8-3c17-4150-a075-68bcf8d628c7)>"": ""StockTransaction.created_by"" must be a ""User"" instance."
RECEIVE,1874,GBR00179,093cfa2346,ERROR,"Cannot assign ""<Employee: Employee object (4d74f0c8-3c17-4150-a075-68bcf8d628c7)>"": ""StockTransaction.created_by"" must be a ""User"" instance."
RECEIVE,1875,GBR00180,093cfa2347,ERROR,"Cannot assign ""<Employee: Employee object (4d74f0c8-3c17-4150-a075-68bcf8d628c7)>"": ""StockTransaction.created_by"" must be a ""User"" instance."
RECEIVE,1876,GBR00181,093cfa2348,ERROR,"Cannot assign ""<Employee: Employee object (4d74f0c8-3c17-4150-a075-68bcf8d628c7)>"": ""StockTransaction.created_by"" must be a ""User"" instance."
RECEIVE,1877,GBR00182,093cfa2349,ERROR,"Cannot assign ""<Employee: Employee object (4d74f0c8-3c17-4150-a075-68bcf8d628c7)>"": ""StockTransaction.created_by"" must be a ""User"" instance."
RECEIVE,1878,GBR00183,093cfa2350,ERROR,"Cannot assign ""<Employee: Employee object (4d74f0c8-3c17-4150-a075-68bcf8d628c7)>"": ""StockTransaction.created_by"" must be a ""User"" instance."
RECEIVE,1879,GBR00184,093cfa2351,ERROR,"Cannot assign ""<Employee: Employee object (4d74f0c8-3c17-4150-a075-68bcf8d628c7)>"": ""StockTransaction.created_by"" must be a ""User"" instance."
RECEIVE,1880,GBR00185,093cfa2352,ERROR,"Cannot assign ""<Employee: Employee object (4d74f0c8-3c17-4150-a075-68bcf8d628c7)>"": ""StockTransaction.created_by"" must be a ""User"" instance."
RECEIVE,1881,GBR00186,093cfa2353,ERROR,"Cannot assign ""<Employee: Employee object (4d74f0c8-3c17-4150-a075-68bcf8d628c7)>"": ""StockTransaction.created_by"" must be a ""User"" instance."
RECEIVE,1882,GBR00187,093cfa2354,ERROR,"Cannot assign ""<Employee: Employee object (4d74f0c8-3c17-4150-a075-68bcf8d628c7)>"": ""StockTransaction.created_by"" must be a ""User"" instance."
RECEIVE,1883,GBR00188,093cfa2355,ERROR,"Cannot assign ""<Employee: Employee object (4d74f0c8-3c17-4150-a075-68bcf8d628c7)>"": ""StockTransaction.created_by"" must be a ""User"" instance."
RECEIVE,1884,GBR00190,093cfa2356,ERROR,"Cannot assign ""<Employee: Employee object (4d74f0c8-3c17-4150-a075-68bcf8d628c7)>"": ""StockTransaction.created_by"" must be a ""User"" instance."
RECEIVE,1885,GBR00190,093cfa2357,ERROR,"Cannot assign ""<Employee: Employee object (4d74f0c8-3c17-4150-a075-68bcf8d628c7)>"": ""StockTransaction.created_by"" must be a ""User"" instance."
RECEIVE,1886,GBR00191,093cfa2358,ERROR,"Cannot assign ""<Employee: Employee object (4d74f0c8-3c17-4150-a075-68bcf8d628c7)>"": ""StockTransaction.created_by"" must be a ""User"" instance."
RECEIVE,1887,GBR00192,093cfa2359,ERROR,"Cannot assign ""<Employee: Employee object (4d74f0c8-3c17-4150-a075-68bcf8d628c7)>"": ""StockTransaction.created_by"" must be a ""User"" instance."
RECEIVE,1888,GBR00193,093cfa2360,ERROR,"Cannot assign ""<Employee: Employee object (4d74f0c8-3c17-4150-a075-68bcf8d628c7)>"": ""StockTransaction.created_by"" must be a ""User"" instance."
RECEIVE,1889,GBR00194,093cfa2361,ERROR,"Cannot assign ""<Employee: Employee object (4d74f0c8-3c17-4150-a075-68bcf8d628c7)>"": ""StockTransaction.created_by"" must be a ""User"" instance."
RECEIVE,1890,GBR00195,093cfa2362,ERROR,"Cannot assign ""<Employee: Employee object (4d74f0c8-3c17-4150-a075-68bcf8d628c7)>"": ""StockTransaction.created_by"" must be a ""User"" instance."
RECEIVE,1891,GBR00196,093cfa2363,ERROR,"Cannot assign ""<Employee: Employee object (4d74f0c8-3c17-4150-a075-68bcf8d628c7)>"": ""StockTransaction.created_by"" must be a ""User"" instance."
RECEIVE,1892,GBR00197,093cfa2364,ERROR,"Cannot assign ""<Employee: Employee object (4d74f0c8-3c17-4150-a075-68bcf8d628c7)>"": ""StockTransaction.created_by"" must be a ""User"" instance."
RECEIVE,1893,GBR00198,093cfa2365,ERROR,"Cannot assign ""<Employee: Employee object (4d74f0c8-3c17-4150-a075-68bcf8d628c7)>"": ""StockTransaction.created_by"" must be a ""User"" instance."
RECEIVE,1894,GBR00199,093cfa2366,ERROR,"Cannot assign ""<Employee: Employee object (4d74f0c8-3c17-4150-a075-68bcf8d628c7)>"": ""StockTransaction.created_by"" must be a ""User"" instance."
RECEIVE,1895,GBR00200,093cfa2367,ERROR,"Cannot assign ""<Employee: Employee object (4d74f0c8-3c17-4150-a075-68bcf8d628c7)>"": ""StockTransaction.created_by"" must be a ""User"" instance."
RECEIVE,1896,GBR00201,093cfa2368,ERROR,"Cannot assign ""<Employee: Employee object (4d74f0c8-3c17-4150-a075-68bcf8d628c7)>"": ""StockTransaction.created_by"" must be a ""User"" instance."
RECEIVE,1897,GBR00202,093cfa2369,ERROR,"Cannot assign ""<Employee: Employee object (4d74f0c8-3c17-4150-a075-68bcf8d628c7)>"": ""StockTransaction.created_by"" must be a ""User"" instance."
RECEIVE,1898,GBR00203,093cfa2370,ERROR,"Cannot assign ""<Employee: Employee object (4d74f0c8-3c17-4150-a075-68bcf8d628c7)>"": ""StockTransaction.created_by"" must be a ""User"" instance."
RECEIVE,1899,GBR00204,093cfa2371,ERROR,"Cannot assign ""<Employee: Employee object (4d74f0c8-3c17-4150-a075-68bcf8d628c7)>"": ""StockTransaction.created_by"" must be a ""User"" instance."
RECEIVE,1900,GBR00205,093cfa2372,ERROR,"Cannot assign ""<Employee: Employee object (4d74f0c8-3c17-4150-a075-68bcf8d628c7)>"": ""StockTransaction.created_by"" must be a ""User"" instance."
RECEIVE,1901,GBR00206,093cfa2373,ERROR,"Cannot assign ""<Employee: Employee object (4d74f0c8-3c17-4150-a075-68bcf8d628c7)>"": ""StockTransaction.created_by"" must be a ""User"" instance."
RECEIVE,1902,GBR00207,093cfa2374,ERROR,"Cannot assign ""<Employee: Employee object (4d74f0c8-3c17-4150-a075-68bcf8d628c7)>"": ""StockTransaction.created_by"" must be a ""User"" instance."
RECEIVE,1903,GBR00208,093cfa2375,ERROR,"Cannot assign ""<Employee: Employee object (4d74f0c8-3c17-4150-a075-68bcf8d628c7)>"": ""StockTransaction.created_by"" must be a ""User"" instance."
RECEIVE,1904,GBR00209,093cfa2376,ERROR,"Cannot assign ""<Employee: Employee object (4d74f0c8-3c17-4150-a075-68bcf8d628c7)>"": ""StockTransaction.created_by"" must be a ""User"" instance."
RECEIVE,1905,GBR00210,093cfa2377,ERROR,"Cannot assign ""<Employee: Employee object (4d74f0c8-3c17-4150-a075-68bcf8d628c7)>"": ""StockTransaction.created_by"" must be a ""User"" instance."
RECEIVE,1906,GBR00211,093cfa2378,ERROR,"Cannot assign ""<Employee: Employee object (4d74f0c8-3c17-4150-a075-68bcf8d628c7)>"": ""StockTransaction.created_by"" must be a ""User"" instance."
RECEIVE,1907,GBR00212,093cfa2379,ERROR,"Cannot assign ""<Employee: Employee object (4d74f0c8-3c17-4150-a075-68bcf8d628c7)>"": ""StockTransaction.created_by"" must be a ""User"" instance."
RECEIVE,1908,GBR00213,093cfa2380,ERROR,"Cannot assign ""<Employee: Employee object (4d74f0c8-3c17-4150-a075-68bcf8d628c7)>"": ""StockTransaction.created_by"" must be a ""User"" instance."
RECEIVE,1909,GBR00214,093cfa2381,ERROR,"Cannot assign ""<Employee: Employee object (4d74f0c8-3c17-4150-a075-68bcf8d628c7)>"": ""StockTransaction.created_by"" must be a ""User"" instance."
RECEIVE,1910,GBR00215,093cfa2382,ERROR,"Cannot assign ""<Employee: Employee object (4d74f0c8-3c17-4150-a075-68bcf8d628c7)>"": ""StockTransaction.created_by"" must be a ""User"" instance."
RECEIVE,1911,GBR00216,093cfa2383,ERROR,"Cannot assign ""<Employee: Employee object (4d74f0c8-3c17-4150-a075-68bcf8d628c7)>"": ""StockTransaction.created_by"" must be a ""User"" instance."
RECEIVE,1912,GBR00217,093cfa2384,ERROR,"Cannot assign ""<Employee: Employee object (4d74f0c8-3c17-4150-a075-68bcf8d628c7)>"": ""StockTransaction.created_by"" must be a ""User"" instance."
RECEIVE,1913,GBR00218,093cfa2385,ERROR,"Cannot assign ""<Employee: Employee object (4d74f0c8-3c17-4150-a075-68bcf8d628c7)>"": ""StockTransaction.created_by"" must be a ""User"" instance."
RECEIVE,1914,GBR00219,093cfa2386,ERROR,"Cannot assign ""<Employee: Employee object (4d74f0c8-3c17-4150-a075-68bcf8d628c7)>"": ""StockTransaction.created_by"" must be a ""User"" instance."
RECEIVE,1915,GBR00220,093cfa2387,ERROR,"Cannot assign ""<Employee: Employee object (4d74f0c8-3c17-4150-a075-68bcf8d628c7)>"": ""StockTransaction.created_by"" must be a ""User"" instance."
RECEIVE,1916,GBR00221,093cfa2388,ERROR,"Cannot assign ""<Employee: Employee object (4d74f0c8-3c17-4150-a075-68bcf8d628c7)>"": ""StockTransaction.created_by"" must be a ""User"" instance."
RECEIVE,1917,GBR00222,093cfa2389,ERROR,"Cannot assign ""<Employee: Employee object (4d74f0c8-3c17-4150-a075-68bcf8d628c7)>"": ""StockTransaction.created_by"" must be a ""User"" instance."
RECEIVE,1918,GBR00223,093cfa2390,ERROR,"Cannot assign ""<Employee: Employee object (4d74f0c8-3c17-4150-a075-68bcf8d628c7)>"": ""StockTransaction.created_by"" must be a ""User"" instance."
RECEIVE,1919,GBR00224,093cfa2391,ERROR,"Cannot assign ""<Employee: Employee object (4d74f0c8-3c17-4150-a075-68bcf8d628c7)>"": ""StockTransaction.created_by"" must be a ""User"" instance."
RECEIVE,1920,GBR00225,093cfa2392,ERROR,"Cannot assign ""<Employee: Employee object (4d74f0c8-3c17-4150-a075-68bcf8d628c7)>"": ""StockTransaction.created_by"" must be a ""User"" instance."
RECEIVE,1921,GBR00226,093cfa2393,ERROR,"Cannot assign ""<Employee: Employee object (4d74f0c8-3c17-4150-a075-68bcf8d628c7)>"": ""StockTransaction.created_by"" must be a ""User"" instance."
RECEIVE,1922,GBR00227,093cfa2394,ERROR,"Cannot assign ""<Employee: Employee object (4d74f0c8-3c17-4150-a075-68bcf8d628c7)>"": ""StockTransaction.created_by"" must be a ""User"" instance."
RECEIVE,1923,GBR00228,093cfa2395,ERROR,"Cannot assign ""<Employee: Employee object (4d74f0c8-3c17-4150-a075-68bcf8d628c7)>"": ""StockTransaction.created_by"" must be a ""User"" instance."
RECEIVE,1924,GBR00229,093cfa2396,ERROR,"Cannot assign ""<Employee: Employee object (4d74f0c8-3c17-4150-a075-68bcf8d628c7)>"": ""StockTransaction.created_by"" must be a ""User"" instance."
RECEIVE,1925,GBR00230,093cfa2397,ERROR,"Cannot assign ""<Employee: Employee object (4d74f0c8-3c17-4150-a075-68bcf8d628c7)>"": ""StockTransaction.created_by"" must be a ""User"" instance."
RECEIVE,1926,GBR00231,093cfa2398,ERROR,"Cannot assign ""<Employee: Employee object (4d74f0c8-3c17-4150-a075-68bcf8d628c7)>"": ""StockTransaction.created_by"" must be a ""User"" instance."
RECEIVE,1927,GBR00232,093cfa2399,ERROR,"Cannot assign ""<Employee: Employee object (4d74f0c8-3c17-4150-a075-68bcf8d628c7)>"": ""StockTransaction.created_by"" must be a ""User"" instance."
RECEIVE,1928,GBR00233,093cfa2400,ERROR,"Cannot assign ""<Employee: Employee object (4d74f0c8-3c17-4150-a075-68bcf8d628c7)>"": ""StockTransaction.created_by"" must be a ""User"" instance."
RECEIVE,1929,GBR00234,093cfa2401,ERROR,"Cannot assign ""<Employee: Employee object (4d74f0c8-3c17-4150-a075-68bcf8d628c7)>"": ""StockTransaction.created_by"" must be a ""User"" instance."
RECEIVE,1930,GBR00235,093cfa2402,ERROR,"Cannot assign ""<Employee: Employee object (4d74f0c8-3c17-4150-a075-68bcf8d628c7)>"": ""StockTransaction.created_by"" must be a ""User"" instance."
RECEIVE,1931,GBR00236,093cfa2403,ERROR,"Cannot assign ""<Employee: Employee object (4d74f0c8-3c17-4150-a075-68bcf8d628c7)>"": ""StockTransaction.created_by"" must be a ""User"" instance."
RECEIVE,1932,GBR00237,093cfa2404,ERROR,"Cannot assign ""<Employee: Employee object (4d74f0c8-3c17-4150-a075-68bcf8d628c7)>"": ""StockTransaction.created_by"" must be a ""User"" instance."
RECEIVE,1933,GBR00238,093cfa2405,ERROR,"Cannot assign ""<Employee: Employee object (4d74f0c8-3c17-4150-a075-68bcf8d628c7)>"": ""StockTransaction.created_by"" must be a ""User"" instance."
RECEIVE,1934,GBR00239,093cfa2406,ERROR,"Cannot assign ""<Employee: Employee object (4d74f0c8-3c17-4150-a075-68bcf8d628c7)>"": ""StockTransaction.created_by"" must be a ""User"" instance."
RECEIVE,1935,GBR00240,093cfa2407,ERROR,"Cannot assign ""<Employee: Employee object (4d74f0c8-3c17-4150-a075-68bcf8d628c7)>"": ""StockTransaction.created_by"" must be a ""User"" instance."
RECEIVE,1936,GBR00241,093cfa2408,ERROR,"Cannot assign ""<Employee: Employee object (4d74f0c8-3c17-4150-a075-68bcf8d628c7)>"": ""StockTransaction.created_by"" must be a ""User"" instance."
RECEIVE,1937,GBR00242,093cfa2409,ERROR,"Cannot assign ""<Employee: Employee object (4d74f0c8-3c17-4150-a075-68bcf8d628c7)>"": ""StockTransaction.created_by"" must be a ""User"" instance."
RECEIVE,1938,GBR00243,093cfa2410,ERROR,"Cannot assign ""<Employee: Employee object (4d74f0c8-3c17-4150-a075-68bcf8d628c7)>"": ""StockTransaction.created_by"" must be a ""User"" instance."
RECEIVE,1939,GBR00244,093cfa2411,ERROR,"Cannot assign ""<Employee: Employee object (4d74f0c8-3c17-4150-a075-68bcf8d628c7)>"": ""StockTransaction.created_by"" must be a ""User"" instance."
RECEIVE,1940,GBR00245,093cfa2412,ERROR,"Cannot assign ""<Employee: Employee object (4d74f0c8-3c17-4150-a075-68bcf8d628c7)>"": ""StockTransaction.created_by"" must be a ""User"" instance."
RECEIVE,1941,GBR00246,093cfa2413,ERROR,"Cannot assign ""<Employee: Employee object (4d74f0c8-3c17-4150-a075-68bcf8d628c7)>"": ""StockTransaction.created_by"" must be a ""User"" instance."
RECEIVE,1942,GBR00247,093cfa2414,ERROR,"Cannot assign ""<Employee: Employee object (4d74f0c8-3c17-4150-a075-68bcf8d628c7)>"": ""StockTransaction.created_by"" must be a ""User"" instance."
RECEIVE,1943,GBR00248,093cfa2415,ERROR,"Cannot assign ""<Employee: Employee object (4d74f0c8-3c17-4150-a075-68bcf8d628c7)>"": ""StockTransaction.created_by"" must be a ""User"" instance."
RECEIVE,1944,GBR00249,093cfa2416,ERROR,"Cannot assign ""<Employee: Employee object (4d74f0c8-3c17-4150-a075-68bcf8d628c7)>"": ""StockTransaction.created_by"" must be a ""User"" instance."
RECEIVE,1945,GBR00250,093cfa2417,ERROR,"Cannot assign ""<Employee: Employee object (4d74f0c8-3c17-4150-a075-68bcf8d628c7)>"": ""StockTransaction.created_by"" must be a ""User"" instance."
RECEIVE,1946,GBR00251,093cfa2418,ERROR,"Cannot assign ""<Employee: Employee object (4d74f0c8-3c17-4150-a075-68bcf8d628c7)>"": ""StockTransaction.created_by"" must be a ""User"" instance."
RECEIVE,1947,GBR00252,093cfa2419,ERROR,"Cannot assign ""<Employee: Employee object (4d74f0c8-3c17-4150-a075-68bcf8d628c7)>"": ""StockTransaction.created_by"" must be a ""User"" instance."
RECEIVE,1948,GBR00253,093cfa2420,ERROR,"Cannot assign ""<Employee: Employee object (4d74f0c8-3c17-4150-a075-68bcf8d628c7)>"": ""StockTransaction.created_by"" must be a ""User"" instance."
RECEIVE,1949,GBR00254,093cfa2421,ERROR,"Cannot assign ""<Employee: Employee object (4d74f0c8-3c17-4150-a075-68bcf8d628c7)>"": ""StockTransaction.created_by"" must be a ""User"" instance."
RECEIVE,1950,GBR00255,093cfa2422,ERROR,"Cannot assign ""<Employee: Employee object (4d74f0c8-3c17-4150-a075-68bcf8d628c7)>"": ""StockTransaction.created_by"" must be a ""User"" instance."
RECEIVE,1951,GBR00256,093cfa2423,ERROR,"Cannot assign ""<Employee: Employee object (4d74f0c8-3c17-4150-a075-68bcf8d628c7)>"": ""StockTransaction.created_by"" must be a ""User"" instance."
RECEIVE,1952,GBR00257,093cfa2424,ERROR,"Cannot assign ""<Employee: Employee object (4d74f0c8-3c17-4150-a075-68bcf8d628c7)>"": ""StockTransaction.created_by"" must be a ""User"" instance."
RECEIVE,1953,GBR00258,093cfa2425,ERROR,"Cannot assign ""<Employee: Employee object (4d74f0c8-3c17-4150-a075-68bcf8d628c7)>"": ""StockTransaction.created_by"" must be a ""User"" instance."
RECEIVE,1954,GBR00259,093cfa2426,ERROR,"Cannot assign ""<Employee: Employee object (4d74f0c8-3c17-4150-a075-68bcf8d628c7)>"": ""StockTransaction.created_by"" must be a ""User"" instance."
RECEIVE,1955,GBR00260,093cfa2427,ERROR,"Cannot assign ""<Employee: Employee object (4d74f0c8-3c17-4150-a075-68bcf8d628c7)>"": ""StockTransaction.created_by"" must be a ""User"" instance."
RECEIVE,1956,GBR00261,093cfa2428,ERROR,"Cannot assign ""<Employee: Employee object (4d74f0c8-3c17-4150-a075-68bcf8d628c7)>"": ""StockTransaction.created_by"" must be a ""User"" instance."
RECEIVE,1957,GBR00262,093cfa2429,ERROR,"Cannot assign ""<Employee: Employee object (4d74f0c8-3c17-4150-a075-68bcf8d628c7)>"": ""StockTransaction.created_by"" must be a ""User"" instance."
RECEIVE,1958,GBR00263,093cfa2430,ERROR,"Cannot assign ""<Employee: Employee object (4d74f0c8-3c17-4150-a075-68bcf8d628c7)>"": ""StockTransaction.created_by"" must be a ""User"" instance."
RECEIVE,1959,GBR00264,093cfa2431,ERROR,"Cannot assign ""<Employee: Employee object (4d74f0c8-3c17-4150-a075-68bcf8d628c7)>"": ""StockTransaction.created_by"" must be a ""User"" instance."
RECEIVE,1960,GBR00267,093cfa2432,ERROR,"Cannot assign ""<Employee: Employee object (4d74f0c8-3c17-4150-a075-68bcf8d628c7)>"": ""StockTransaction.created_by"" must be a ""User"" instance."
RECEIVE,1961,GBR00268,093cfa2433,ERROR,"Cannot assign ""<Employee: Employee object (4d74f0c8-3c17-4150-a075-68bcf8d628c7)>"": ""StockTransaction.created_by"" must be a ""User"" instance."
RECEIVE,1962,GBR00269,093cfa2434,ERROR,"Cannot assign ""<Employee: Employee object (4d74f0c8-3c17-4150-a075-68bcf8d628c7)>"": ""StockTransaction.created_by"" must be a ""User"" instance."
RECEIVE,1963,GBR00270,093cfa2435,ERROR,"Cannot assign ""<Employee: Employee object (4d74f0c8-3c17-4150-a075-68bcf8d628c7)>"": ""StockTransaction.created_by"" must be a ""User"" instance."
RECEIVE,1964,GBR00271,093cfa2436,ERROR,"Cannot assign ""<Employee: Employee object (4d74f0c8-3c17-4150-a075-68bcf8d628c7)>"": ""StockTransaction.created_by"" must be a ""User"" instance."
RECEIVE,1965,GBR00272,093cfa2437,ERROR,"Cannot assign ""<Employee: Employee object (4d74f0c8-3c17-4150-a075-68bcf8d628c7)>"": ""StockTransaction.created_by"" must be a ""User"" instance."
RECEIVE,1966,GBR00273,093cfa2438,ERROR,"Cannot assign ""<Employee: Employee object (4d74f0c8-3c17-4150-a075-68bcf8d628c7)>"": ""StockTransaction.created_by"" must be a ""User"" instance."
RECEIVE,1967,GBR00274,093cfa2439,ERROR,"Cannot assign ""<Employee: Employee object (4d74f0c8-3c17-4150-a075-68bcf8d628c7)>"": ""StockTransaction.created_by"" must be a ""User"" instance."
RECEIVE,1968,GBR00275,093cfa2440,ERROR,"Cannot assign ""<Employee: Employee object (4d74f0c8-3c17-4150-a075-68bcf8d628c7)>"": ""StockTransaction.created_by"" must be a ""User"" instance."
RECEIVE,1969,GBR00276,093cfa2441,ERROR,"Cannot assign ""<Employee: Employee object (4d74f0c8-3c17-4150-a075-68bcf8d628c7)>"": ""StockTransaction.created_by"" must be a ""User"" instance."
RECEIVE,1970,GBR00277,093cfa2442,ERROR,"Cannot assign ""<Employee: Employee object (4d74f0c8-3c17-4150-a075-68bcf8d628c7)>"": ""StockTransaction.created_by"" must be a ""User"" instance."
RECEIVE,1971,GBR00278,093cfa2443,ERROR,"Cannot assign ""<Employee: Employee object (4d74f0c8-3c17-4150-a075-68bcf8d628c7)>"": ""StockTransaction.created_by"" must be a ""User"" instance."
RECEIVE,1972,GBR00279,093cfa2444,ERROR,"Cannot assign ""<Employee: Employee object (4d74f0c8-3c17-4150-a075-68bcf8d628c7)>"": ""StockTransaction.created_by"" must be a ""User"" instance."
RECEIVE,1973,GBR00280,093cfa2445,ERROR,"Cannot assign ""<Employee: Employee object (4d74f0c8-3c17-4150-a075-68bcf8d628c7)>"": ""StockTransaction.created_by"" must be a ""User"" instance."
RECEIVE,1974,GBR00281,093cfa2446,ERROR,"Cannot assign ""<Employee: Employee object (4d74f0c8-3c17-4150-a075-68bcf8d628c7)>"": ""StockTransaction.created_by"" must be a ""User"" instance."
RECEIVE,1975,GBR00282,093cfa2447,ERROR,"Cannot assign ""<Employee: Employee object (4d74f0c8-3c17-4150-a075-68bcf8d628c7)>"": ""StockTransaction.created_by"" must be a ""User"" instance."
RECEIVE,1976,GBR00284,093cfa2448,ERROR,"Cannot assign ""<Employee: Employee object (4d74f0c8-3c17-4150-a075-68bcf8d628c7)>"": ""StockTransaction.created_by"" must be a ""User"" instance."
RECEIVE,1977,GBR00285,093cfa2449,ERROR,"Cannot assign ""<Employee: Employee object (4d74f0c8-3c17-4150-a075-68bcf8d628c7)>"": ""StockTransaction.created_by"" must be a ""User"" instance."
RECEIVE,1978,GBR00286,093cfa2450,ERROR,"Cannot assign ""<Employee: Employee object (4d74f0c8-3c17-4150-a075-68bcf8d628c7)>"": ""StockTransaction.created_by"" must be a ""User"" instance."
RECEIVE,1979,GBR00287,093cfa2451,ERROR,"Cannot assign ""<Employee: Employee object (4d74f0c8-3c17-4150-a075-68bcf8d628c7)>"": ""StockTransaction.created_by"" must be a ""User"" instance."
RECEIVE,1980,GBR00288,093cfa2452,ERROR,"Cannot assign ""<Employee: Employee object (4d74f0c8-3c17-4150-a075-68bcf8d628c7)>"": ""StockTransaction.created_by"" must be a ""User"" instance."
RECEIVE,1981,GBR00289,093cfa2453,ERROR,"Cannot assign ""<Employee: Employee object (4d74f0c8-3c17-4150-a075-68bcf8d628c7)>"": ""StockTransaction.created_by"" must be a ""User"" instance."
RECEIVE,1982,GBR00290,093cfa2454,ERROR,"Cannot assign ""<Employee: Employee object (4d74f0c8-3c17-4150-a075-68bcf8d628c7)>"": ""StockTransaction.created_by"" must be a ""User"" instance."
RECEIVE,1983,GBR00291,093cfa2455,ERROR,"Cannot assign ""<Employee: Employee object (4d74f0c8-3c17-4150-a075-68bcf8d628c7)>"": ""StockTransaction.created_by"" must be a ""User"" instance."
RECEIVE,1984,GBR00292,093cfa2456,ERROR,"Cannot assign ""<Employee: Employee object (4d74f0c8-3c17-4150-a075-68bcf8d628c7)>"": ""StockTransaction.created_by"" must be a ""User"" instance."
RECEIVE,1985,GBR00293,093cfa2457,ERROR,"Cannot assign ""<Employee: Employee object (4d74f0c8-3c17-4150-a075-68bcf8d628c7)>"": ""StockTransaction.created_by"" must be a ""User"" instance."
RECEIVE,1986,GEL00065,ded560f7,ERROR,"Cannot assign ""<Employee: Employee object (10015b5e-30a3-455c-b324-04179eb0f407)>"": ""StockTransaction.created_by"" must be a ""User"" instance."
RECEIVE,1987,G3D00008,b32c6a5b,ERROR,"Cannot assign ""<Employee: Employee object (10015b5e-30a3-455c-b324-04179eb0f407)>"": ""StockTransaction.created_by"" must be a ""User"" instance."
RECEIVE,1988,G3D00009,aa182192,ERROR,"duplicate key value violates unique constraint ""core_stocktransaction_transaction_no_key""
DETAIL:  Key (transaction_no)=() already exists."
RECEIVE,1989,G3D00010,4f80f6ab,ERROR,"duplicate key value violates unique constraint ""core_stocktransaction_transaction_no_key""
DETAIL:  Key (transaction_no)=() already exists."
RECEIVE,1990,G3D00011,db9723e4,ERROR,"duplicate key value violates unique constraint ""core_stocktransaction_transaction_no_key""
DETAIL:  Key (transaction_no)=() already exists."
RECEIVE,1991,GEL00056,9550f7e3,ERROR,"duplicate key value violates unique constraint ""core_stocktransaction_transaction_no_key""
DETAIL:  Key (transaction_no)=() already exists."
RECEIVE,1992,GEL00057,4ab5e22a,ERROR,"duplicate key value violates unique constraint ""core_stocktransaction_transaction_no_key""
DETAIL:  Key (transaction_no)=() already exists."
RECEIVE,1993,GEL00052,d8d0e48a,ERROR,"Cannot assign ""<Employee: Employee object (1631703c-cb96-4905-b944-b6be05056b71)>"": ""StockTransaction.created_by"" must be a ""User"" instance."
RECEIVE,1994,GEL00001,3f23bdf2,ERROR,"Cannot assign ""<Employee: Employee object (1631703c-cb96-4905-b944-b6be05056b71)>"": ""StockTransaction.created_by"" must be a ""User"" instance."
RECEIVE,1995,GEL00002,4d2d9b92,ERROR,"Cannot assign ""<Employee: Employee object (1631703c-cb96-4905-b944-b6be05056b71)>"": ""StockTransaction.created_by"" must be a ""User"" instance."
RECEIVE,1996,GEL00004,90cd0e15,ERROR,"Cannot assign ""<Employee: Employee object (1631703c-cb96-4905-b944-b6be05056b71)>"": ""StockTransaction.created_by"" must be a ""User"" instance."
RECEIVE,1997,GEL00005,c269f3d5,ERROR,"Cannot assign ""<Employee: Employee object (1631703c-cb96-4905-b944-b6be05056b71)>"": ""StockTransaction.created_by"" must be a ""User"" instance."
RECEIVE,1998,GEL00006,688599f8,ERROR,"Cannot assign ""<Employee: Employee object (1631703c-cb96-4905-b944-b6be05056b71)>"": ""StockTransaction.created_by"" must be a ""User"" instance."
RECEIVE,1999,GEL00009,b332b6ff,ERROR,"Cannot assign ""<Employee: Employee object (1631703c-cb96-4905-b944-b6be05056b71)>"": ""StockTransaction.created_by"" must be a ""User"" instance."
RECEIVE,2000,GEL00015,26d9daf8,ERROR,"Cannot assign ""<Employee: Employee object (1631703c-cb96-4905-b944-b6be05056b71)>"": ""StockTransaction.created_by"" must be a ""User"" instance."
RECEIVE,2001,GEL00024,bc6c627e,ERROR,"Cannot assign ""<Employee: Employee object (1631703c-cb96-4905-b944-b6be05056b71)>"": ""StockTransaction.created_by"" must be a ""User"" instance."
RECEIVE,2002,GEL00041,ca6d58b8,ERROR,"Cannot assign ""<Employee: Employee object (1631703c-cb96-4905-b944-b6be05056b71)>"": ""StockTransaction.created_by"" must be a ""User"" instance."
RECEIVE,2003,GEL00042,dab61a53,ERROR,"Cannot assign ""<Employee: Employee object (1631703c-cb96-4905-b944-b6be05056b71)>"": ""StockTransaction.created_by"" must be a ""User"" instance."
RECEIVE,2004,GEL00043,47479b50,ERROR,"Cannot assign ""<Employee: Employee object (1631703c-cb96-4905-b944-b6be05056b71)>"": ""StockTransaction.created_by"" must be a ""User"" instance."
RECEIVE,2005,GEL00052,218012b2,ERROR,"Cannot assign ""<Employee: Employee object (1631703c-cb96-4905-b944-b6be05056b71)>"": ""StockTransaction.created_by"" must be a ""User"" instance."
RECEIVE,2006,GEL00053,d87592d9,ERROR,"Cannot assign ""<Employee: Employee object (1631703c-cb96-4905-b944-b6be05056b71)>"": ""StockTransaction.created_by"" must be a ""User"" instance."
RECEIVE,2007,GEL00054,e6f33601,ERROR,"Cannot assign ""<Employee: Employee object (1631703c-cb96-4905-b944-b6be05056b71)>"": ""StockTransaction.created_by"" must be a ""User"" instance."
RECEIVE,2008,GEL00058,e6f33602,ERROR,"Cannot assign ""<Employee: Employee object (1631703c-cb96-4905-b944-b6be05056b71)>"": ""StockTransaction.created_by"" must be a ""User"" instance."
RECEIVE,2009,GB00001,e6f33603,ERROR,"Cannot assign ""<Employee: Employee object (4d74f0c8-3c17-4150-a075-68bcf8d628c7)>"": ""StockTransaction.created_by"" must be a ""User"" instance."
RECEIVE,2010,GB00002,e6f33604,ERROR,"Cannot assign ""<Employee: Employee object (4d74f0c8-3c17-4150-a075-68bcf8d628c7)>"": ""StockTransaction.created_by"" must be a ""User"" instance."
RECEIVE,2011,GB00004,e6f33605,ERROR,"Cannot assign ""<Employee: Employee object (4d74f0c8-3c17-4150-a075-68bcf8d628c7)>"": ""StockTransaction.created_by"" must be a ""User"" instance."
RECEIVE,2012,GB00005,e6f33606,ERROR,"Cannot assign ""<Employee: Employee object (4d74f0c8-3c17-4150-a075-68bcf8d628c7)>"": ""StockTransaction.created_by"" must be a ""User"" instance."
RECEIVE,2013,GB00006,e6f33607,ERROR,"Cannot assign ""<Employee: Employee object (4d74f0c8-3c17-4150-a075-68bcf8d628c7)>"": ""StockTransaction.created_by"" must be a ""User"" instance."
RECEIVE,2014,GB00008,e6f33609,ERROR,"Cannot assign ""<Employee: Employee object (4d74f0c8-3c17-4150-a075-68bcf8d628c7)>"": ""StockTransaction.created_by"" must be a ""User"" instance."
RECEIVE,2015,GB00009,e6f33610,ERROR,"Cannot assign ""<Employee: Employee object (4d74f0c8-3c17-4150-a075-68bcf8d628c7)>"": ""StockTransaction.created_by"" must be a ""User"" instance."
RECEIVE,2016,GB00010,e6f33611,ERROR,"Cannot assign ""<Employee: Employee object (4d74f0c8-3c17-4150-a075-68bcf8d628c7)>"": ""StockTransaction.created_by"" must be a ""User"" instance."
RECEIVE,2017,GB00011,e6f33612,ERROR,"Cannot assign ""<Employee: Employee object (4d74f0c8-3c17-4150-a075-68bcf8d628c7)>"": ""StockTransaction.created_by"" must be a ""User"" instance."
RECEIVE,2018,GB00012,e6f33613,ERROR,"Cannot assign ""<Employee: Employee object (4d74f0c8-3c17-4150-a075-68bcf8d628c7)>"": ""StockTransaction.created_by"" must be a ""User"" instance."
RECEIVE,2019,GB00013,e6f33614,ERROR,"Cannot assign ""<Employee: Employee object (4d74f0c8-3c17-4150-a075-68bcf8d628c7)>"": ""StockTransaction.created_by"" must be a ""User"" instance."
RECEIVE,2020,GB00014,e6f33615,ERROR,"Cannot assign ""<Employee: Employee object (4d74f0c8-3c17-4150-a075-68bcf8d628c7)>"": ""StockTransaction.created_by"" must be a ""User"" instance."
RECEIVE,2021,GB00015,e6f33616,ERROR,"Cannot assign ""<Employee: Employee object (4d74f0c8-3c17-4150-a075-68bcf8d628c7)>"": ""StockTransaction.created_by"" must be a ""User"" instance."
RECEIVE,2022,GB00016,e6f33617,ERROR,"Cannot assign ""<Employee: Employee object (4d74f0c8-3c17-4150-a075-68bcf8d628c7)>"": ""StockTransaction.created_by"" must be a ""User"" instance."
RECEIVE,2023,GB00017,e6f33618,ERROR,"Cannot assign ""<Employee: Employee object (4d74f0c8-3c17-4150-a075-68bcf8d628c7)>"": ""StockTransaction.created_by"" must be a ""User"" instance."
RECEIVE,2024,GB00019,e6f33619,ERROR,"Cannot assign ""<Employee: Employee object (4d74f0c8-3c17-4150-a075-68bcf8d628c7)>"": ""StockTransaction.created_by"" must be a ""User"" instance."
RECEIVE,2025,GB00021,e6f33620,ERROR,"Cannot assign ""<Employee: Employee object (4d74f0c8-3c17-4150-a075-68bcf8d628c7)>"": ""StockTransaction.created_by"" must be a ""User"" instance."
RECEIVE,2026,GB00022,e6f33621,ERROR,"Cannot assign ""<Employee: Employee object (4d74f0c8-3c17-4150-a075-68bcf8d628c7)>"": ""StockTransaction.created_by"" must be a ""User"" instance."
RECEIVE,2027,GB00023,e6f33622,ERROR,"Cannot assign ""<Employee: Employee object (4d74f0c8-3c17-4150-a075-68bcf8d628c7)>"": ""StockTransaction.created_by"" must be a ""User"" instance."
RECEIVE,2028,GB00024,e6f33623,ERROR,"Cannot assign ""<Employee: Employee object (4d74f0c8-3c17-4150-a075-68bcf8d628c7)>"": ""StockTransaction.created_by"" must be a ""User"" instance."
RECEIVE,2029,GB00025,e6f33624,ERROR,"Cannot assign ""<Employee: Employee object (4d74f0c8-3c17-4150-a075-68bcf8d628c7)>"": ""StockTransaction.created_by"" must be a ""User"" instance."
RECEIVE,2030,GB00026,e6f33625,ERROR,"Cannot assign ""<Employee: Employee object (4d74f0c8-3c17-4150-a075-68bcf8d628c7)>"": ""StockTransaction.created_by"" must be a ""User"" instance."
RECEIVE,2031,GB00027,e6f33626,ERROR,"Cannot assign ""<Employee: Employee object (4d74f0c8-3c17-4150-a075-68bcf8d628c7)>"": ""StockTransaction.created_by"" must be a ""User"" instance."
RECEIVE,2032,GB00028,e6f33627,ERROR,"Cannot assign ""<Employee: Employee object (4d74f0c8-3c17-4150-a075-68bcf8d628c7)>"": ""StockTransaction.created_by"" must be a ""User"" instance."
RECEIVE,2033,GB00029,e6f33628,ERROR,"Cannot assign ""<Employee: Employee object (4d74f0c8-3c17-4150-a075-68bcf8d628c7)>"": ""StockTransaction.created_by"" must be a ""User"" instance."
RECEIVE,2034,GBK00001,e6f33629,ERROR,"Cannot assign ""<Employee: Employee object (4d74f0c8-3c17-4150-a075-68bcf8d628c7)>"": ""StockTransaction.created_by"" must be a ""User"" instance."
RECEIVE,2035,GBK00002,e6f33630,ERROR,"Cannot assign ""<Employee: Employee object (4d74f0c8-3c17-4150-a075-68bcf8d628c7)>"": ""StockTransaction.created_by"" must be a ""User"" instance."
RECEIVE,2036,GBK00003,e6f33631,ERROR,"Cannot assign ""<Employee: Employee object (4d74f0c8-3c17-4150-a075-68bcf8d628c7)>"": ""StockTransaction.created_by"" must be a ""User"" instance."
RECEIVE,2037,GBK00004,e6f33632,ERROR,"Cannot assign ""<Employee: Employee object (4d74f0c8-3c17-4150-a075-68bcf8d628c7)>"": ""StockTransaction.created_by"" must be a ""User"" instance."
RECEIVE,2038,GBK00005,e6f33633,ERROR,"Cannot assign ""<Employee: Employee object (4d74f0c8-3c17-4150-a075-68bcf8d628c7)>"": ""StockTransaction.created_by"" must be a ""User"" instance."
RECEIVE,2039,GBK00006,e6f33634,ERROR,"Cannot assign ""<Employee: Employee object (4d74f0c8-3c17-4150-a075-68bcf8d628c7)>"": ""StockTransaction.created_by"" must be a ""User"" instance."
RECEIVE,2040,GBK00008,e6f33636,ERROR,"Cannot assign ""<Employee: Employee object (4d74f0c8-3c17-4150-a075-68bcf8d628c7)>"": ""StockTransaction.created_by"" must be a ""User"" instance."
RECEIVE,2041,GBK00009,e6f33637,ERROR,"Cannot assign ""<Employee: Employee object (4d74f0c8-3c17-4150-a075-68bcf8d628c7)>"": ""StockTransaction.created_by"" must be a ""User"" instance."
RECEIVE,2042,GBK00010,e6f33638,ERROR,"Cannot assign ""<Employee: Employee object (4d74f0c8-3c17-4150-a075-68bcf8d628c7)>"": ""StockTransaction.created_by"" must be a ""User"" instance."
RECEIVE,2043,GBK00011,e6f33639,ERROR,"Cannot assign ""<Employee: Employee object (4d74f0c8-3c17-4150-a075-68bcf8d628c7)>"": ""StockTransaction.created_by"" must be a ""User"" instance."
RECEIVE,2044,GBK00012,e6f33640,ERROR,"Cannot assign ""<Employee: Employee object (4d74f0c8-3c17-4150-a075-68bcf8d628c7)>"": ""StockTransaction.created_by"" must be a ""User"" instance."
RECEIVE,2045,GBK00013,e6f33641,ERROR,"Cannot assign ""<Employee: Employee object (4d74f0c8-3c17-4150-a075-68bcf8d628c7)>"": ""StockTransaction.created_by"" must be a ""User"" instance."
RECEIVE,2046,GBK00014,e6f33642,ERROR,"Cannot assign ""<Employee: Employee object (4d74f0c8-3c17-4150-a075-68bcf8d628c7)>"": ""StockTransaction.created_by"" must be a ""User"" instance."
RECEIVE,2047,GBK00015,e6f33643,ERROR,"Cannot assign ""<Employee: Employee object (4d74f0c8-3c17-4150-a075-68bcf8d628c7)>"": ""StockTransaction.created_by"" must be a ""User"" instance."
RECEIVE,2048,GBK00016,e6f33644,ERROR,"Cannot assign ""<Employee: Employee object (4d74f0c8-3c17-4150-a075-68bcf8d628c7)>"": ""StockTransaction.created_by"" must be a ""User"" instance."
RECEIVE,2049,GBK00017,e6f33645,ERROR,"Cannot assign ""<Employee: Employee object (4d74f0c8-3c17-4150-a075-68bcf8d628c7)>"": ""StockTransaction.created_by"" must be a ""User"" instance."
RECEIVE,2050,GBK00018,e6f33646,ERROR,"Cannot assign ""<Employee: Employee object (4d74f0c8-3c17-4150-a075-68bcf8d628c7)>"": ""StockTransaction.created_by"" must be a ""User"" instance."
RECEIVE,2051,GBK00019,e6f33647,ERROR,"Cannot assign ""<Employee: Employee object (4d74f0c8-3c17-4150-a075-68bcf8d628c7)>"": ""StockTransaction.created_by"" must be a ""User"" instance."
RECEIVE,2052,GBK00020,e6f33648,ERROR,"Cannot assign ""<Employee: Employee object (4d74f0c8-3c17-4150-a075-68bcf8d628c7)>"": ""StockTransaction.created_by"" must be a ""User"" instance."
RECEIVE,2053,GBK00021,e6f33649,ERROR,"Cannot assign ""<Employee: Employee object (4d74f0c8-3c17-4150-a075-68bcf8d628c7)>"": ""StockTransaction.created_by"" must be a ""User"" instance."
RECEIVE,2054,GBK00022,e6f33650,ERROR,"Cannot assign ""<Employee: Employee object (4d74f0c8-3c17-4150-a075-68bcf8d628c7)>"": ""StockTransaction.created_by"" must be a ""User"" instance."
RECEIVE,2055,GBK00023,e6f33651,ERROR,"Cannot assign ""<Employee: Employee object (4d74f0c8-3c17-4150-a075-68bcf8d628c7)>"": ""StockTransaction.created_by"" must be a ""User"" instance."
RECEIVE,2056,GBK00025,e6f33652,ERROR,"Cannot assign ""<Employee: Employee object (4d74f0c8-3c17-4150-a075-68bcf8d628c7)>"": ""StockTransaction.created_by"" must be a ""User"" instance."
RECEIVE,2057,GBK00026,e6f33653,ERROR,"Cannot assign ""<Employee: Employee object (4d74f0c8-3c17-4150-a075-68bcf8d628c7)>"": ""StockTransaction.created_by"" must be a ""User"" instance."
RECEIVE,2058,GBK00027,e6f33654,ERROR,"Cannot assign ""<Employee: Employee object (4d74f0c8-3c17-4150-a075-68bcf8d628c7)>"": ""StockTransaction.created_by"" must be a ""User"" instance."
RECEIVE,2059,GBK00028,e6f33655,ERROR,"Cannot assign ""<Employee: Employee object (4d74f0c8-3c17-4150-a075-68bcf8d628c7)>"": ""StockTransaction.created_by"" must be a ""User"" instance."
RECEIVE,2060,GBK00029,e6f33656,ERROR,"Cannot assign ""<Employee: Employee object (4d74f0c8-3c17-4150-a075-68bcf8d628c7)>"": ""StockTransaction.created_by"" must be a ""User"" instance."
RECEIVE,2061,GBK00030,e6f33657,ERROR,"Cannot assign ""<Employee: Employee object (4d74f0c8-3c17-4150-a075-68bcf8d628c7)>"": ""StockTransaction.created_by"" must be a ""User"" instance."
RECEIVE,2062,GBK00031,e6f33658,ERROR,"Cannot assign ""<Employee: Employee object (4d74f0c8-3c17-4150-a075-68bcf8d628c7)>"": ""StockTransaction.created_by"" must be a ""User"" instance."
RECEIVE,2063,GBK00032,e6f33659,ERROR,"Cannot assign ""<Employee: Employee object (4d74f0c8-3c17-4150-a075-68bcf8d628c7)>"": ""StockTransaction.created_by"" must be a ""User"" instance."
RECEIVE,2064,GBK00033,e6f33660,ERROR,"Cannot assign ""<Employee: Employee object (4d74f0c8-3c17-4150-a075-68bcf8d628c7)>"": ""StockTransaction.created_by"" must be a ""User"" instance."
RECEIVE,2065,GBK00034,e6f33661,ERROR,"Cannot assign ""<Employee: Employee object (4d74f0c8-3c17-4150-a075-68bcf8d628c7)>"": ""StockTransaction.created_by"" must be a ""User"" instance."
RECEIVE,2066,GBK00035,e6f33662,ERROR,"Cannot assign ""<Employee: Employee object (4d74f0c8-3c17-4150-a075-68bcf8d628c7)>"": ""StockTransaction.created_by"" must be a ""User"" instance."
RECEIVE,2067,GBK00036,e6f33663,ERROR,"Cannot assign ""<Employee: Employee object (4d74f0c8-3c17-4150-a075-68bcf8d628c7)>"": ""StockTransaction.created_by"" must be a ""User"" instance."
RECEIVE,2068,GBK00040,e6f33664,ERROR,"Cannot assign ""<Employee: Employee object (4d74f0c8-3c17-4150-a075-68bcf8d628c7)>"": ""StockTransaction.created_by"" must be a ""User"" instance."
RECEIVE,2069,GBK00041,e6f33665,ERROR,"Cannot assign ""<Employee: Employee object (4d74f0c8-3c17-4150-a075-68bcf8d628c7)>"": ""StockTransaction.created_by"" must be a ""User"" instance."
RECEIVE,2070,GBK00042,e6f33666,ERROR,"Cannot assign ""<Employee: Employee object (4d74f0c8-3c17-4150-a075-68bcf8d628c7)>"": ""StockTransaction.created_by"" must be a ""User"" instance."
RECEIVE,2071,GBK00043,e6f33667,ERROR,"Cannot assign ""<Employee: Employee object (4d74f0c8-3c17-4150-a075-68bcf8d628c7)>"": ""StockTransaction.created_by"" must be a ""User"" instance."
RECEIVE,2072,GBK00044,e6f33668,ERROR,"Cannot assign ""<Employee: Employee object (4d74f0c8-3c17-4150-a075-68bcf8d628c7)>"": ""StockTransaction.created_by"" must be a ""User"" instance."
RECEIVE,2073,GBK00046,e6f33670,ERROR,"Cannot assign ""<Employee: Employee object (4d74f0c8-3c17-4150-a075-68bcf8d628c7)>"": ""StockTransaction.created_by"" must be a ""User"" instance."
RECEIVE,2074,GBK00047,e6f33671,ERROR,"Cannot assign ""<Employee: Employee object (4d74f0c8-3c17-4150-a075-68bcf8d628c7)>"": ""StockTransaction.created_by"" must be a ""User"" instance."
RECEIVE,2075,GBK00049,e6f33673,ERROR,"Cannot assign ""<Employee: Employee object (4d74f0c8-3c17-4150-a075-68bcf8d628c7)>"": ""StockTransaction.created_by"" must be a ""User"" instance."
RECEIVE,2076,GBK00050,e6f33674,ERROR,"Cannot assign ""<Employee: Employee object (4d74f0c8-3c17-4150-a075-68bcf8d628c7)>"": ""StockTransaction.created_by"" must be a ""User"" instance."
RECEIVE,2077,GBK00051,e6f33675,ERROR,"Cannot assign ""<Employee: Employee object (4d74f0c8-3c17-4150-a075-68bcf8d628c7)>"": ""StockTransaction.created_by"" must be a ""User"" instance."
RECEIVE,2078,GBK00052,e6f33676,ERROR,"Cannot assign ""<Employee: Employee object (4d74f0c8-3c17-4150-a075-68bcf8d628c7)>"": ""StockTransaction.created_by"" must be a ""User"" instance."
RECEIVE,2079,GBK00053,e6f33677,ERROR,"Cannot assign ""<Employee: Employee object (4d74f0c8-3c17-4150-a075-68bcf8d628c7)>"": ""StockTransaction.created_by"" must be a ""User"" instance."
RECEIVE,2080,GBK00054,e6f33678,ERROR,"Cannot assign ""<Employee: Employee object (4d74f0c8-3c17-4150-a075-68bcf8d628c7)>"": ""StockTransaction.created_by"" must be a ""User"" instance."
RECEIVE,2081,GBK00055,e6f33679,ERROR,"Cannot assign ""<Employee: Employee object (4d74f0c8-3c17-4150-a075-68bcf8d628c7)>"": ""StockTransaction.created_by"" must be a ""User"" instance."
RECEIVE,2082,GBK00056,e6f33680,ERROR,"Cannot assign ""<Employee: Employee object (4d74f0c8-3c17-4150-a075-68bcf8d628c7)>"": ""StockTransaction.created_by"" must be a ""User"" instance."
RECEIVE,2083,GBK00057,e6f33681,ERROR,"Cannot assign ""<Employee: Employee object (4d74f0c8-3c17-4150-a075-68bcf8d628c7)>"": ""StockTransaction.created_by"" must be a ""User"" instance."
RECEIVE,2084,GLA00001,e6f33682,ERROR,"Cannot assign ""<Employee: Employee object (4d74f0c8-3c17-4150-a075-68bcf8d628c7)>"": ""StockTransaction.created_by"" must be a ""User"" instance."
RECEIVE,2085,GLA00002,e6f33683,ERROR,"Cannot assign ""<Employee: Employee object (4d74f0c8-3c17-4150-a075-68bcf8d628c7)>"": ""StockTransaction.created_by"" must be a ""User"" instance."
RECEIVE,2086,GLA00005,e6f33686,ERROR,"Cannot assign ""<Employee: Employee object (4d74f0c8-3c17-4150-a075-68bcf8d628c7)>"": ""StockTransaction.created_by"" must be a ""User"" instance."
RECEIVE,2087,GLA00006,e6f33687,ERROR,"Cannot assign ""<Employee: Employee object (4d74f0c8-3c17-4150-a075-68bcf8d628c7)>"": ""StockTransaction.created_by"" must be a ""User"" instance."
RECEIVE,2088,GLA00007,e6f33688,ERROR,"Cannot assign ""<Employee: Employee object (4d74f0c8-3c17-4150-a075-68bcf8d628c7)>"": ""StockTransaction.created_by"" must be a ""User"" instance."
RECEIVE,2089,GLA00008,e6f33689,ERROR,"Cannot assign ""<Employee: Employee object (4d74f0c8-3c17-4150-a075-68bcf8d628c7)>"": ""StockTransaction.created_by"" must be a ""User"" instance."
RECEIVE,2090,GLA00009,e6f33690,ERROR,"Cannot assign ""<Employee: Employee object (4d74f0c8-3c17-4150-a075-68bcf8d628c7)>"": ""StockTransaction.created_by"" must be a ""User"" instance."
RECEIVE,2091,GLA00010,e6f33691,ERROR,"Cannot assign ""<Employee: Employee object (4d74f0c8-3c17-4150-a075-68bcf8d628c7)>"": ""StockTransaction.created_by"" must be a ""User"" instance."
RECEIVE,2092,GLA00011,e6f33692,ERROR,"Cannot assign ""<Employee: Employee object (4d74f0c8-3c17-4150-a075-68bcf8d628c7)>"": ""StockTransaction.created_by"" must be a ""User"" instance."
RECEIVE,2093,GLA00012,e6f33693,ERROR,"Cannot assign ""<Employee: Employee object (4d74f0c8-3c17-4150-a075-68bcf8d628c7)>"": ""StockTransaction.created_by"" must be a ""User"" instance."
RECEIVE,2094,GLA00013,e6f33694,ERROR,"Cannot assign ""<Employee: Employee object (4d74f0c8-3c17-4150-a075-68bcf8d628c7)>"": ""StockTransaction.created_by"" must be a ""User"" instance."
RECEIVE,2095,GLA00014,e6f33695,ERROR,"Cannot assign ""<Employee: Employee object (4d74f0c8-3c17-4150-a075-68bcf8d628c7)>"": ""StockTransaction.created_by"" must be a ""User"" instance."
RECEIVE,2096,GLA00015,e6f33696,ERROR,"Cannot assign ""<Employee: Employee object (4d74f0c8-3c17-4150-a075-68bcf8d628c7)>"": ""StockTransaction.created_by"" must be a ""User"" instance."
RECEIVE,2097,GLA00016,e6f33697,ERROR,"Cannot assign ""<Employee: Employee object (4d74f0c8-3c17-4150-a075-68bcf8d628c7)>"": ""StockTransaction.created_by"" must be a ""User"" instance."
RECEIVE,2098,GLA00018,e6f33698,ERROR,"Cannot assign ""<Employee: Employee object (4d74f0c8-3c17-4150-a075-68bcf8d628c7)>"": ""StockTransaction.created_by"" must be a ""User"" instance."
RECEIVE,2099,GLA00020,e6f33700,ERROR,"Cannot assign ""<Employee: Employee object (4d74f0c8-3c17-4150-a075-68bcf8d628c7)>"": ""StockTransaction.created_by"" must be a ""User"" instance."
RECEIVE,2100,GLA00021,e6f33701,ERROR,"Cannot assign ""<Employee: Employee object (4d74f0c8-3c17-4150-a075-68bcf8d628c7)>"": ""StockTransaction.created_by"" must be a ""User"" instance."
RECEIVE,2101,GLA00022,e6f33702,ERROR,"Cannot assign ""<Employee: Employee object (4d74f0c8-3c17-4150-a075-68bcf8d628c7)>"": ""StockTransaction.created_by"" must be a ""User"" instance."
RECEIVE,2102,GLA00023,e6f33703,ERROR,"Cannot assign ""<Employee: Employee object (4d74f0c8-3c17-4150-a075-68bcf8d628c7)>"": ""StockTransaction.created_by"" must be a ""User"" instance."
RECEIVE,2103,GLA00024,e6f33704,ERROR,"Cannot assign ""<Employee: Employee object (4d74f0c8-3c17-4150-a075-68bcf8d628c7)>"": ""StockTransaction.created_by"" must be a ""User"" instance."
RECEIVE,2104,GLA00025,e6f33705,ERROR,"Cannot assign ""<Employee: Employee object (4d74f0c8-3c17-4150-a075-68bcf8d628c7)>"": ""StockTransaction.created_by"" must be a ""User"" instance."
RECEIVE,2105,GLA00026,e6f33706,ERROR,"Cannot assign ""<Employee: Employee object (4d74f0c8-3c17-4150-a075-68bcf8d628c7)>"": ""StockTransaction.created_by"" must be a ""User"" instance."
RECEIVE,2106,GLA00027,e6f33707,ERROR,"Cannot assign ""<Employee: Employee object (4d74f0c8-3c17-4150-a075-68bcf8d628c7)>"": ""StockTransaction.created_by"" must be a ""User"" instance."
RECEIVE,2107,GLA00028,e6f33708,ERROR,"Cannot assign ""<Employee: Employee object (4d74f0c8-3c17-4150-a075-68bcf8d628c7)>"": ""StockTransaction.created_by"" must be a ""User"" instance."
RECEIVE,2108,GLA00029,e6f33709,ERROR,"Cannot assign ""<Employee: Employee object (4d74f0c8-3c17-4150-a075-68bcf8d628c7)>"": ""StockTransaction.created_by"" must be a ""User"" instance."
RECEIVE,2109,GLA00030,e6f33710,ERROR,"Cannot assign ""<Employee: Employee object (4d74f0c8-3c17-4150-a075-68bcf8d628c7)>"": ""StockTransaction.created_by"" must be a ""User"" instance."
RECEIVE,2110,GLA00031,e6f33711,ERROR,"Cannot assign ""<Employee: Employee object (4d74f0c8-3c17-4150-a075-68bcf8d628c7)>"": ""StockTransaction.created_by"" must be a ""User"" instance."
RECEIVE,2111,GLA00032,e6f33712,ERROR,"Cannot assign ""<Employee: Employee object (4d74f0c8-3c17-4150-a075-68bcf8d628c7)>"": ""StockTransaction.created_by"" must be a ""User"" instance."
RECEIVE,2112,GLA00033,e6f33713,ERROR,"Cannot assign ""<Employee: Employee object (4d74f0c8-3c17-4150-a075-68bcf8d628c7)>"": ""StockTransaction.created_by"" must be a ""User"" instance."
RECEIVE,2113,GLA00034,e6f33714,ERROR,"Cannot assign ""<Employee: Employee object (4d74f0c8-3c17-4150-a075-68bcf8d628c7)>"": ""StockTransaction.created_by"" must be a ""User"" instance."
RECEIVE,2114,GLA00035,e6f33715,ERROR,"Cannot assign ""<Employee: Employee object (4d74f0c8-3c17-4150-a075-68bcf8d628c7)>"": ""StockTransaction.created_by"" must be a ""User"" instance."
RECEIVE,2115,GLA00036,e6f33716,ERROR,"Cannot assign ""<Employee: Employee object (4d74f0c8-3c17-4150-a075-68bcf8d628c7)>"": ""StockTransaction.created_by"" must be a ""User"" instance."
RECEIVE,2116,GLA00037,e6f33717,ERROR,"Cannot assign ""<Employee: Employee object (4d74f0c8-3c17-4150-a075-68bcf8d628c7)>"": ""StockTransaction.created_by"" must be a ""User"" instance."
RECEIVE,2117,GLA00038,e6f33718,ERROR,"Cannot assign ""<Employee: Employee object (4d74f0c8-3c17-4150-a075-68bcf8d628c7)>"": ""StockTransaction.created_by"" must be a ""User"" instance."
RECEIVE,2118,GLA00039,e6f33719,ERROR,"Cannot assign ""<Employee: Employee object (4d74f0c8-3c17-4150-a075-68bcf8d628c7)>"": ""StockTransaction.created_by"" must be a ""User"" instance."
RECEIVE,2119,GLA00040,e6f33720,ERROR,"Cannot assign ""<Employee: Employee object (4d74f0c8-3c17-4150-a075-68bcf8d628c7)>"": ""StockTransaction.created_by"" must be a ""User"" instance."
RECEIVE,2120,GLA00041,e6f33721,ERROR,"Cannot assign ""<Employee: Employee object (4d74f0c8-3c17-4150-a075-68bcf8d628c7)>"": ""StockTransaction.created_by"" must be a ""User"" instance."
RECEIVE,2121,GLA00042,e6f33722,ERROR,"Cannot assign ""<Employee: Employee object (4d74f0c8-3c17-4150-a075-68bcf8d628c7)>"": ""StockTransaction.created_by"" must be a ""User"" instance."
RECEIVE,2122,GLA00043,e6f33723,ERROR,"Cannot assign ""<Employee: Employee object (4d74f0c8-3c17-4150-a075-68bcf8d628c7)>"": ""StockTransaction.created_by"" must be a ""User"" instance."
RECEIVE,2123,GLA00044,e6f33724,ERROR,"Cannot assign ""<Employee: Employee object (4d74f0c8-3c17-4150-a075-68bcf8d628c7)>"": ""StockTransaction.created_by"" must be a ""User"" instance."
RECEIVE,2124,GLA00045,e6f33725,ERROR,"Cannot assign ""<Employee: Employee object (4d74f0c8-3c17-4150-a075-68bcf8d628c7)>"": ""StockTransaction.created_by"" must be a ""User"" instance."
RECEIVE,2125,GLA00046,e6f33726,ERROR,"Cannot assign ""<Employee: Employee object (4d74f0c8-3c17-4150-a075-68bcf8d628c7)>"": ""StockTransaction.created_by"" must be a ""User"" instance."
RECEIVE,2126,GLA00047,e6f33727,ERROR,"Cannot assign ""<Employee: Employee object (4d74f0c8-3c17-4150-a075-68bcf8d628c7)>"": ""StockTransaction.created_by"" must be a ""User"" instance."
RECEIVE,2127,GLA00048,e6f33728,ERROR,"Cannot assign ""<Employee: Employee object (4d74f0c8-3c17-4150-a075-68bcf8d628c7)>"": ""StockTransaction.created_by"" must be a ""User"" instance."
RECEIVE,2128,GLA00049,e6f33729,ERROR,"Cannot assign ""<Employee: Employee object (4d74f0c8-3c17-4150-a075-68bcf8d628c7)>"": ""StockTransaction.created_by"" must be a ""User"" instance."
RECEIVE,2129,GLA00050,e6f33730,ERROR,"Cannot assign ""<Employee: Employee object (4d74f0c8-3c17-4150-a075-68bcf8d628c7)>"": ""StockTransaction.created_by"" must be a ""User"" instance."
RECEIVE,2130,GSW00079,e6f33731,ERROR,"Cannot assign ""<Employee: Employee object (4d74f0c8-3c17-4150-a075-68bcf8d628c7)>"": ""StockTransaction.created_by"" must be a ""User"" instance."
RECEIVE,2131,GSVA00001-A,e6f33732,ERROR,"Cannot assign ""<Employee: Employee object (4d74f0c8-3c17-4150-a075-68bcf8d628c7)>"": ""StockTransaction.created_by"" must be a ""User"" instance."
RECEIVE,2132,GSVA00001-B,e6f33733,ERROR,"Cannot assign ""<Employee: Employee object (4d74f0c8-3c17-4150-a075-68bcf8d628c7)>"": ""StockTransaction.created_by"" must be a ""User"" instance."
RECEIVE,2133,GSVA00002,e6f33734,ERROR,"Cannot assign ""<Employee: Employee object (4d74f0c8-3c17-4150-a075-68bcf8d628c7)>"": ""StockTransaction.created_by"" must be a ""User"" instance."
RECEIVE,2134,GSVA00003,e6f33735,ERROR,"Cannot assign ""<Employee: Employee object (4d74f0c8-3c17-4150-a075-68bcf8d628c7)>"": ""StockTransaction.created_by"" must be a ""User"" instance."
RECEIVE,2135,GSVA00004,e6f33736,ERROR,"Cannot assign ""<Employee: Employee object (4d74f0c8-3c17-4150-a075-68bcf8d628c7)>"": ""StockTransaction.created_by"" must be a ""User"" instance."
RECEIVE,2136,GSVA00004-A,e6f33737,ERROR,"Cannot assign ""<Employee: Employee object (4d74f0c8-3c17-4150-a075-68bcf8d628c7)>"": ""StockTransaction.created_by"" must be a ""User"" instance."
RECEIVE,2137,GSVA00004-B,e6f33738,ERROR,"Cannot assign ""<Employee: Employee object (4d74f0c8-3c17-4150-a075-68bcf8d628c7)>"": ""StockTransaction.created_by"" must be a ""User"" instance."
RECEIVE,2138,GSVA00005,e6f33739,ERROR,"Cannot assign ""<Employee: Employee object (4d74f0c8-3c17-4150-a075-68bcf8d628c7)>"": ""StockTransaction.created_by"" must be a ""User"" instance."
RECEIVE,2139,GSVA00005-A,e6f33740,ERROR,"Cannot assign ""<Employee: Employee object (4d74f0c8-3c17-4150-a075-68bcf8d628c7)>"": ""StockTransaction.created_by"" must be a ""User"" instance."
RECEIVE,2140,GSVA00006,e6f33741,ERROR,"Cannot assign ""<Employee: Employee object (4d74f0c8-3c17-4150-a075-68bcf8d628c7)>"": ""StockTransaction.created_by"" must be a ""User"" instance."
RECEIVE,2141,GSVA00006-A,e6f33742,ERROR,"Cannot assign ""<Employee: Employee object (4d74f0c8-3c17-4150-a075-68bcf8d628c7)>"": ""StockTransaction.created_by"" must be a ""User"" instance."
RECEIVE,2142,GSVA00007,e6f33743,ERROR,"Cannot assign ""<Employee: Employee object (4d74f0c8-3c17-4150-a075-68bcf8d628c7)>"": ""StockTransaction.created_by"" must be a ""User"" instance."
RECEIVE,2143,GSVA00007-A,e6f33744,ERROR,"Cannot assign ""<Employee: Employee object (4d74f0c8-3c17-4150-a075-68bcf8d628c7)>"": ""StockTransaction.created_by"" must be a ""User"" instance."
RECEIVE,2144,GSVA00008,e6f33745,ERROR,"Cannot assign ""<Employee: Employee object (4d74f0c8-3c17-4150-a075-68bcf8d628c7)>"": ""StockTransaction.created_by"" must be a ""User"" instance."
RECEIVE,2145,GSVA00009,e6f33746,ERROR,"Cannot assign ""<Employee: Employee object (4d74f0c8-3c17-4150-a075-68bcf8d628c7)>"": ""StockTransaction.created_by"" must be a ""User"" instance."
RECEIVE,2146,GSVA00009-A,e6f33747,ERROR,"Cannot assign ""<Employee: Employee object (4d74f0c8-3c17-4150-a075-68bcf8d628c7)>"": ""StockTransaction.created_by"" must be a ""User"" instance."
RECEIVE,2147,GSVA00010,e6f33748,ERROR,"Cannot assign ""<Employee: Employee object (4d74f0c8-3c17-4150-a075-68bcf8d628c7)>"": ""StockTransaction.created_by"" must be a ""User"" instance."
RECEIVE,2148,GSVA00011,e6f33749,ERROR,"Cannot assign ""<Employee: Employee object (4d74f0c8-3c17-4150-a075-68bcf8d628c7)>"": ""StockTransaction.created_by"" must be a ""User"" instance."
RECEIVE,2149,GSVA00012,e6f33750,ERROR,"Cannot assign ""<Employee: Employee object (4d74f0c8-3c17-4150-a075-68bcf8d628c7)>"": ""StockTransaction.created_by"" must be a ""User"" instance."
RECEIVE,2150,GSVA00013,e6f33751,ERROR,"Cannot assign ""<Employee: Employee object (4d74f0c8-3c17-4150-a075-68bcf8d628c7)>"": ""StockTransaction.created_by"" must be a ""User"" instance."
RECEIVE,2151,GSVA00014,e6f33752,ERROR,"Cannot assign ""<Employee: Employee object (4d74f0c8-3c17-4150-a075-68bcf8d628c7)>"": ""StockTransaction.created_by"" must be a ""User"" instance."
RECEIVE,2152,GSVA00015,e6f33753,ERROR,"Cannot assign ""<Employee: Employee object (4d74f0c8-3c17-4150-a075-68bcf8d628c7)>"": ""StockTransaction.created_by"" must be a ""User"" instance."
RECEIVE,2153,GSVA00016,e6f33754,ERROR,"Cannot assign ""<Employee: Employee object (4d74f0c8-3c17-4150-a075-68bcf8d628c7)>"": ""StockTransaction.created_by"" must be a ""User"" instance."
RECEIVE,2154,GSVA00017,e6f33755,ERROR,"Cannot assign ""<Employee: Employee object (4d74f0c8-3c17-4150-a075-68bcf8d628c7)>"": ""StockTransaction.created_by"" must be a ""User"" instance."
RECEIVE,2155,GSVA00018,e6f33756,ERROR,"Cannot assign ""<Employee: Employee object (4d74f0c8-3c17-4150-a075-68bcf8d628c7)>"": ""StockTransaction.created_by"" must be a ""User"" instance."
RECEIVE,2156,GSVA00019,e6f33757,ERROR,"Cannot assign ""<Employee: Employee object (4d74f0c8-3c17-4150-a075-68bcf8d628c7)>"": ""StockTransaction.created_by"" must be a ""User"" instance."
RECEIVE,2157,GSVA00020,e6f33758,ERROR,"Cannot assign ""<Employee: Employee object (4d74f0c8-3c17-4150-a075-68bcf8d628c7)>"": ""StockTransaction.created_by"" must be a ""User"" instance."
RECEIVE,2158,GSVA00021,e6f33759,ERROR,"Cannot assign ""<Employee: Employee object (4d74f0c8-3c17-4150-a075-68bcf8d628c7)>"": ""StockTransaction.created_by"" must be a ""User"" instance."
RECEIVE,2159,GSVA00022,e6f33760,ERROR,"Cannot assign ""<Employee: Employee object (4d74f0c8-3c17-4150-a075-68bcf8d628c7)>"": ""StockTransaction.created_by"" must be a ""User"" instance."
RECEIVE,2160,GSVA00023,e6f33761,ERROR,"Cannot assign ""<Employee: Employee object (4d74f0c8-3c17-4150-a075-68bcf8d628c7)>"": ""StockTransaction.created_by"" must be a ""User"" instance."
RECEIVE,2161,GSVA00024,e6f33762,ERROR,"Cannot assign ""<Employee: Employee object (4d74f0c8-3c17-4150-a075-68bcf8d628c7)>"": ""StockTransaction.created_by"" must be a ""User"" instance."
RECEIVE,2162,GSVA00025,e6f33763,ERROR,"Cannot assign ""<Employee: Employee object (4d74f0c8-3c17-4150-a075-68bcf8d628c7)>"": ""StockTransaction.created_by"" must be a ""User"" instance."
RECEIVE,2163,GSVA00026,e6f33764,ERROR,"Cannot assign ""<Employee: Employee object (4d74f0c8-3c17-4150-a075-68bcf8d628c7)>"": ""StockTransaction.created_by"" must be a ""User"" instance."
RECEIVE,2164,GSVA00027,e6f33765,ERROR,"Cannot assign ""<Employee: Employee object (4d74f0c8-3c17-4150-a075-68bcf8d628c7)>"": ""StockTransaction.created_by"" must be a ""User"" instance."
RECEIVE,2165,GSVA00028,e6f33766,ERROR,"Cannot assign ""<Employee: Employee object (4d74f0c8-3c17-4150-a075-68bcf8d628c7)>"": ""StockTransaction.created_by"" must be a ""User"" instance."
RECEIVE,2166,GSVA00029,e6f33767,ERROR,"Cannot assign ""<Employee: Employee object (4d74f0c8-3c17-4150-a075-68bcf8d628c7)>"": ""StockTransaction.created_by"" must be a ""User"" instance."
RECEIVE,2167,GCVT00001,e6f33768,ERROR,"Cannot assign ""<Employee: Employee object (4d74f0c8-3c17-4150-a075-68bcf8d628c7)>"": ""StockTransaction.created_by"" must be a ""User"" instance."
RECEIVE,2168,GCVT00002,e6f33769,ERROR,"Cannot assign ""<Employee: Employee object (4d74f0c8-3c17-4150-a075-68bcf8d628c7)>"": ""StockTransaction.created_by"" must be a ""User"" instance."
RECEIVE,2169,GCVT00004,e6f33770,ERROR,"Cannot assign ""<Employee: Employee object (4d74f0c8-3c17-4150-a075-68bcf8d628c7)>"": ""StockTransaction.created_by"" must be a ""User"" instance."
RECEIVE,2170,GCVT00005,e6f33771,ERROR,"Cannot assign ""<Employee: Employee object (4d74f0c8-3c17-4150-a075-68bcf8d628c7)>"": ""StockTransaction.created_by"" must be a ""User"" instance."
RECEIVE,2171,GCVT00006,e6f33772,ERROR,"Cannot assign ""<Employee: Employee object (4d74f0c8-3c17-4150-a075-68bcf8d628c7)>"": ""StockTransaction.created_by"" must be a ""User"" instance."
RECEIVE,2172,GCVT00007,e6f33773,ERROR,"Cannot assign ""<Employee: Employee object (4d74f0c8-3c17-4150-a075-68bcf8d628c7)>"": ""StockTransaction.created_by"" must be a ""User"" instance."
RECEIVE,2173,GCVT00008,e6f33774,ERROR,"Cannot assign ""<Employee: Employee object (4d74f0c8-3c17-4150-a075-68bcf8d628c7)>"": ""StockTransaction.created_by"" must be a ""User"" instance."
RECEIVE,2174,GCVT00010,e6f33775,ERROR,"Cannot assign ""<Employee: Employee object (4d74f0c8-3c17-4150-a075-68bcf8d628c7)>"": ""StockTransaction.created_by"" must be a ""User"" instance."
RECEIVE,2175,GCVT00011,e6f33776,ERROR,"Cannot assign ""<Employee: Employee object (4d74f0c8-3c17-4150-a075-68bcf8d628c7)>"": ""StockTransaction.created_by"" must be a ""User"" instance."
RECEIVE,2176,GCVT00012,e6f33777,ERROR,"Cannot assign ""<Employee: Employee object (4d74f0c8-3c17-4150-a075-68bcf8d628c7)>"": ""StockTransaction.created_by"" must be a ""User"" instance."
RECEIVE,2177,GCVT00013,e6f33778,ERROR,"Cannot assign ""<Employee: Employee object (4d74f0c8-3c17-4150-a075-68bcf8d628c7)>"": ""StockTransaction.created_by"" must be a ""User"" instance."
RECEIVE,2178,GCVT00014,e6f33779,ERROR,"Cannot assign ""<Employee: Employee object (4d74f0c8-3c17-4150-a075-68bcf8d628c7)>"": ""StockTransaction.created_by"" must be a ""User"" instance."
RECEIVE,2179,GCVT00015,e6f33780,ERROR,"Cannot assign ""<Employee: Employee object (4d74f0c8-3c17-4150-a075-68bcf8d628c7)>"": ""StockTransaction.created_by"" must be a ""User"" instance."
RECEIVE,2180,GCVT00016,e6f33781,ERROR,"Cannot assign ""<Employee: Employee object (4d74f0c8-3c17-4150-a075-68bcf8d628c7)>"": ""StockTransaction.created_by"" must be a ""User"" instance."
RECEIVE,2181,GCVT00018,e6f33782,ERROR,"Cannot assign ""<Employee: Employee object (4d74f0c8-3c17-4150-a075-68bcf8d628c7)>"": ""StockTransaction.created_by"" must be a ""User"" instance."
RECEIVE,2182,GCVT00019,e6f33783,ERROR,"Cannot assign ""<Employee: Employee object (4d74f0c8-3c17-4150-a075-68bcf8d628c7)>"": ""StockTransaction.created_by"" must be a ""User"" instance."
RECEIVE,2183,GCVT00020,e6f33784,ERROR,"Cannot assign ""<Employee: Employee object (4d74f0c8-3c17-4150-a075-68bcf8d628c7)>"": ""StockTransaction.created_by"" must be a ""User"" instance."
RECEIVE,2184,GCVT00021,e6f33785,ERROR,"Cannot assign ""<Employee: Employee object (4d74f0c8-3c17-4150-a075-68bcf8d628c7)>"": ""StockTransaction.created_by"" must be a ""User"" instance."
RECEIVE,2185,GCVT00022,e6f33786,ERROR,"Cannot assign ""<Employee: Employee object (4d74f0c8-3c17-4150-a075-68bcf8d628c7)>"": ""StockTransaction.created_by"" must be a ""User"" instance."
RECEIVE,2186,GCVT00023,e6f33787,ERROR,"Cannot assign ""<Employee: Employee object (4d74f0c8-3c17-4150-a075-68bcf8d628c7)>"": ""StockTransaction.created_by"" must be a ""User"" instance."
RECEIVE,2187,GCVT00024,e6f33788,ERROR,"Cannot assign ""<Employee: Employee object (4d74f0c8-3c17-4150-a075-68bcf8d628c7)>"": ""StockTransaction.created_by"" must be a ""User"" instance."
RECEIVE,2188,GIVT00001,e6f33789,ERROR,"Cannot assign ""<Employee: Employee object (4d74f0c8-3c17-4150-a075-68bcf8d628c7)>"": ""StockTransaction.created_by"" must be a ""User"" instance."
RECEIVE,2189,GIVT00002,e6f33790,ERROR,"Cannot assign ""<Employee: Employee object (4d74f0c8-3c17-4150-a075-68bcf8d628c7)>"": ""StockTransaction.created_by"" must be a ""User"" instance."
RECEIVE,2190,GIVT00004,e6f33791,ERROR,"Cannot assign ""<Employee: Employee object (4d74f0c8-3c17-4150-a075-68bcf8d628c7)>"": ""StockTransaction.created_by"" must be a ""User"" instance."
RECEIVE,2191,GIVT00005,e6f33792,ERROR,"Cannot assign ""<Employee: Employee object (4d74f0c8-3c17-4150-a075-68bcf8d628c7)>"": ""StockTransaction.created_by"" must be a ""User"" instance."
RECEIVE,2192,GIVT00006,e6f33793,ERROR,"Cannot assign ""<Employee: Employee object (4d74f0c8-3c17-4150-a075-68bcf8d628c7)>"": ""StockTransaction.created_by"" must be a ""User"" instance."
RECEIVE,2193,GIVT00007,e6f33794,ERROR,"Cannot assign ""<Employee: Employee object (4d74f0c8-3c17-4150-a075-68bcf8d628c7)>"": ""StockTransaction.created_by"" must be a ""User"" instance."
RECEIVE,2194,GIVT00008,e6f33795,ERROR,"Cannot assign ""<Employee: Employee object (4d74f0c8-3c17-4150-a075-68bcf8d628c7)>"": ""StockTransaction.created_by"" must be a ""User"" instance."
RECEIVE,2195,GIVT00011,e6f33796,ERROR,"Cannot assign ""<Employee: Employee object (4d74f0c8-3c17-4150-a075-68bcf8d628c7)>"": ""StockTransaction.created_by"" must be a ""User"" instance."
RECEIVE,2196,GIVT00012,e6f33797,ERROR,"Cannot assign ""<Employee: Employee object (4d74f0c8-3c17-4150-a075-68bcf8d628c7)>"": ""StockTransaction.created_by"" must be a ""User"" instance."
RECEIVE,2197,GIVT00013,e6f33798,ERROR,"Cannot assign ""<Employee: Employee object (4d74f0c8-3c17-4150-a075-68bcf8d628c7)>"": ""StockTransaction.created_by"" must be a ""User"" instance."
RECEIVE,2198,GIVT00014,e6f33799,ERROR,"Cannot assign ""<Employee: Employee object (4d74f0c8-3c17-4150-a075-68bcf8d628c7)>"": ""StockTransaction.created_by"" must be a ""User"" instance."
RECEIVE,2199,GIVT00015,e6f33800,ERROR,"Cannot assign ""<Employee: Employee object (4d74f0c8-3c17-4150-a075-68bcf8d628c7)>"": ""StockTransaction.created_by"" must be a ""User"" instance."
RECEIVE,2200,GIVT00017,e6f33801,ERROR,"Cannot assign ""<Employee: Employee object (4d74f0c8-3c17-4150-a075-68bcf8d628c7)>"": ""StockTransaction.created_by"" must be a ""User"" instance."
RECEIVE,2201,GIVT00019,e6f33802,ERROR,"Cannot assign ""<Employee: Employee object (4d74f0c8-3c17-4150-a075-68bcf8d628c7)>"": ""StockTransaction.created_by"" must be a ""User"" instance."
RECEIVE,2202,GIVT00020,e6f33803,ERROR,"Cannot assign ""<Employee: Employee object (4d74f0c8-3c17-4150-a075-68bcf8d628c7)>"": ""StockTransaction.created_by"" must be a ""User"" instance."
RECEIVE,2203,GIVT00021,e6f33804,ERROR,"Cannot assign ""<Employee: Employee object (4d74f0c8-3c17-4150-a075-68bcf8d628c7)>"": ""StockTransaction.created_by"" must be a ""User"" instance."
RECEIVE,2204,GIVT00022,e6f33805,ERROR,"Cannot assign ""<Employee: Employee object (4d74f0c8-3c17-4150-a075-68bcf8d628c7)>"": ""StockTransaction.created_by"" must be a ""User"" instance."
RECEIVE,2205,GIVT00023,e6f33806,ERROR,"Cannot assign ""<Employee: Employee object (4d74f0c8-3c17-4150-a075-68bcf8d628c7)>"": ""StockTransaction.created_by"" must be a ""User"" instance."
RECEIVE,2206,GIVT00024,e6f33807,ERROR,"Cannot assign ""<Employee: Employee object (4d74f0c8-3c17-4150-a075-68bcf8d628c7)>"": ""StockTransaction.created_by"" must be a ""User"" instance."
RECEIVE,2207,GIVT00025,e6f33808,ERROR,"Cannot assign ""<Employee: Employee object (4d74f0c8-3c17-4150-a075-68bcf8d628c7)>"": ""StockTransaction.created_by"" must be a ""User"" instance."
RECEIVE,2208,GIVT00026,e6f33809,ERROR,"Cannot assign ""<Employee: Employee object (4d74f0c8-3c17-4150-a075-68bcf8d628c7)>"": ""StockTransaction.created_by"" must be a ""User"" instance."
RECEIVE,2209,GIVT00027,e6f33810,ERROR,"Cannot assign ""<Employee: Employee object (4d74f0c8-3c17-4150-a075-68bcf8d628c7)>"": ""StockTransaction.created_by"" must be a ""User"" instance."
RECEIVE,2210,GIVT00028,e6f33811,ERROR,"Cannot assign ""<Employee: Employee object (4d74f0c8-3c17-4150-a075-68bcf8d628c7)>"": ""StockTransaction.created_by"" must be a ""User"" instance."
RECEIVE,2211,GIVT00029,e6f33812,ERROR,"Cannot assign ""<Employee: Employee object (4d74f0c8-3c17-4150-a075-68bcf8d628c7)>"": ""StockTransaction.created_by"" must be a ""User"" instance."
RECEIVE,2212,GIVT00030,e6f33813,ERROR,"Cannot assign ""<Employee: Employee object (4d74f0c8-3c17-4150-a075-68bcf8d628c7)>"": ""StockTransaction.created_by"" must be a ""User"" instance."
RECEIVE,2213,GIVT00031,e6f33814,ERROR,"Cannot assign ""<Employee: Employee object (4d74f0c8-3c17-4150-a075-68bcf8d628c7)>"": ""StockTransaction.created_by"" must be a ""User"" instance."
RECEIVE,2214,GIVT00032,e6f33815,ERROR,"Cannot assign ""<Employee: Employee object (4d74f0c8-3c17-4150-a075-68bcf8d628c7)>"": ""StockTransaction.created_by"" must be a ""User"" instance."
RECEIVE,2215,GIVT00033,e6f33816,ERROR,"Cannot assign ""<Employee: Employee object (4d74f0c8-3c17-4150-a075-68bcf8d628c7)>"": ""StockTransaction.created_by"" must be a ""User"" instance."
RECEIVE,2216,GIVT00034,e6f33817,ERROR,"Cannot assign ""<Employee: Employee object (4d74f0c8-3c17-4150-a075-68bcf8d628c7)>"": ""StockTransaction.created_by"" must be a ""User"" instance."
RECEIVE,2217,GIVT00035,e6f33818,ERROR,"Cannot assign ""<Employee: Employee object (4d74f0c8-3c17-4150-a075-68bcf8d628c7)>"": ""StockTransaction.created_by"" must be a ""User"" instance."
RECEIVE,2218,GIVT00036,e6f33819,ERROR,"Cannot assign ""<Employee: Employee object (4d74f0c8-3c17-4150-a075-68bcf8d628c7)>"": ""StockTransaction.created_by"" must be a ""User"" instance."
RECEIVE,2219,GIVT00037,e6f33820,ERROR,"Cannot assign ""<Employee: Employee object (4d74f0c8-3c17-4150-a075-68bcf8d628c7)>"": ""StockTransaction.created_by"" must be a ""User"" instance."
RECEIVE,2220,GMT00001,e6f33821,ERROR,"Cannot assign ""<Employee: Employee object (4d74f0c8-3c17-4150-a075-68bcf8d628c7)>"": ""StockTransaction.created_by"" must be a ""User"" instance."
RECEIVE,2221,GMT00002,e6f33822,ERROR,"Cannot assign ""<Employee: Employee object (4d74f0c8-3c17-4150-a075-68bcf8d628c7)>"": ""StockTransaction.created_by"" must be a ""User"" instance."
RECEIVE,2222,GMT00003,e6f33823,ERROR,"Cannot assign ""<Employee: Employee object (4d74f0c8-3c17-4150-a075-68bcf8d628c7)>"": ""StockTransaction.created_by"" must be a ""User"" instance."
RECEIVE,2223,GMT00004,e6f33824,ERROR,"Cannot assign ""<Employee: Employee object (4d74f0c8-3c17-4150-a075-68bcf8d628c7)>"": ""StockTransaction.created_by"" must be a ""User"" instance."
RECEIVE,2224,GMT00005,e6f33825,ERROR,"Cannot assign ""<Employee: Employee object (4d74f0c8-3c17-4150-a075-68bcf8d628c7)>"": ""StockTransaction.created_by"" must be a ""User"" instance."
RECEIVE,2225,GMT00006,e6f33826,ERROR,"Cannot assign ""<Employee: Employee object (4d74f0c8-3c17-4150-a075-68bcf8d628c7)>"": ""StockTransaction.created_by"" must be a ""User"" instance."
RECEIVE,2226,GMT00007,e6f33827,ERROR,"Cannot assign ""<Employee: Employee object (4d74f0c8-3c17-4150-a075-68bcf8d628c7)>"": ""StockTransaction.created_by"" must be a ""User"" instance."
RECEIVE,2227,GMT00008,e6f33828,ERROR,"Cannot assign ""<Employee: Employee object (4d74f0c8-3c17-4150-a075-68bcf8d628c7)>"": ""StockTransaction.created_by"" must be a ""User"" instance."
RECEIVE,2228,GMT00009,e6f33829,ERROR,"Cannot assign ""<Employee: Employee object (4d74f0c8-3c17-4150-a075-68bcf8d628c7)>"": ""StockTransaction.created_by"" must be a ""User"" instance."
RECEIVE,2229,GMT00010,e6f33830,ERROR,"Cannot assign ""<Employee: Employee object (4d74f0c8-3c17-4150-a075-68bcf8d628c7)>"": ""StockTransaction.created_by"" must be a ""User"" instance."
RECEIVE,2230,GMT00012,e6f33831,ERROR,"Cannot assign ""<Employee: Employee object (4d74f0c8-3c17-4150-a075-68bcf8d628c7)>"": ""StockTransaction.created_by"" must be a ""User"" instance."
RECEIVE,2231,GMT00013,e6f33832,ERROR,"Cannot assign ""<Employee: Employee object (4d74f0c8-3c17-4150-a075-68bcf8d628c7)>"": ""StockTransaction.created_by"" must be a ""User"" instance."
RECEIVE,2232,GMT00014,e6f33833,ERROR,"Cannot assign ""<Employee: Employee object (4d74f0c8-3c17-4150-a075-68bcf8d628c7)>"": ""StockTransaction.created_by"" must be a ""User"" instance."
RECEIVE,2233,GMT00015,e6f33834,ERROR,"Cannot assign ""<Employee: Employee object (4d74f0c8-3c17-4150-a075-68bcf8d628c7)>"": ""StockTransaction.created_by"" must be a ""User"" instance."
RECEIVE,2234,GMT00016,e6f33835,ERROR,"Cannot assign ""<Employee: Employee object (4d74f0c8-3c17-4150-a075-68bcf8d628c7)>"": ""StockTransaction.created_by"" must be a ""User"" instance."
RECEIVE,2235,GMT00017,e6f33836,ERROR,"Cannot assign ""<Employee: Employee object (4d74f0c8-3c17-4150-a075-68bcf8d628c7)>"": ""StockTransaction.created_by"" must be a ""User"" instance."
RECEIVE,2236,GMT00018,e6f33837,ERROR,"Cannot assign ""<Employee: Employee object (4d74f0c8-3c17-4150-a075-68bcf8d628c7)>"": ""StockTransaction.created_by"" must be a ""User"" instance."
RECEIVE,2237,GMT00019,e6f33838,ERROR,"Cannot assign ""<Employee: Employee object (4d74f0c8-3c17-4150-a075-68bcf8d628c7)>"": ""StockTransaction.created_by"" must be a ""User"" instance."
RECEIVE,2238,GMT00020,e6f33839,ERROR,"Cannot assign ""<Employee: Employee object (4d74f0c8-3c17-4150-a075-68bcf8d628c7)>"": ""StockTransaction.created_by"" must be a ""User"" instance."
RECEIVE,2239,GMT00021,e6f33840,ERROR,"Cannot assign ""<Employee: Employee object (4d74f0c8-3c17-4150-a075-68bcf8d628c7)>"": ""StockTransaction.created_by"" must be a ""User"" instance."
RECEIVE,2240,GMT00022,e6f33841,ERROR,"Cannot assign ""<Employee: Employee object (4d74f0c8-3c17-4150-a075-68bcf8d628c7)>"": ""StockTransaction.created_by"" must be a ""User"" instance."
RECEIVE,2241,GMT00023,e6f33842,ERROR,"Cannot assign ""<Employee: Employee object (4d74f0c8-3c17-4150-a075-68bcf8d628c7)>"": ""StockTransaction.created_by"" must be a ""User"" instance."
RECEIVE,2242,GMT00024,e6f33843,ERROR,"Cannot assign ""<Employee: Employee object (4d74f0c8-3c17-4150-a075-68bcf8d628c7)>"": ""StockTransaction.created_by"" must be a ""User"" instance."
RECEIVE,2243,GMT00025,e6f33844,ERROR,"Cannot assign ""<Employee: Employee object (4d74f0c8-3c17-4150-a075-68bcf8d628c7)>"": ""StockTransaction.created_by"" must be a ""User"" instance."
RECEIVE,2244,GMT00026,e6f33845,ERROR,"Cannot assign ""<Employee: Employee object (4d74f0c8-3c17-4150-a075-68bcf8d628c7)>"": ""StockTransaction.created_by"" must be a ""User"" instance."
RECEIVE,2245,GMT00027,e6f33846,ERROR,"Cannot assign ""<Employee: Employee object (4d74f0c8-3c17-4150-a075-68bcf8d628c7)>"": ""StockTransaction.created_by"" must be a ""User"" instance."
RECEIVE,2246,GMT00028,e6f33847,ERROR,"Cannot assign ""<Employee: Employee object (4d74f0c8-3c17-4150-a075-68bcf8d628c7)>"": ""StockTransaction.created_by"" must be a ""User"" instance."
RECEIVE,2247,GMT00029,e6f33848,ERROR,"Cannot assign ""<Employee: Employee object (4d74f0c8-3c17-4150-a075-68bcf8d628c7)>"": ""StockTransaction.created_by"" must be a ""User"" instance."
RECEIVE,2248,GMT00030,e6f33849,ERROR,"Cannot assign ""<Employee: Employee object (4d74f0c8-3c17-4150-a075-68bcf8d628c7)>"": ""StockTransaction.created_by"" must be a ""User"" instance."
RECEIVE,2249,GMT00033,e6f33850,ERROR,"Cannot assign ""<Employee: Employee object (4d74f0c8-3c17-4150-a075-68bcf8d628c7)>"": ""StockTransaction.created_by"" must be a ""User"" instance."
RECEIVE,2250,GMT00033-A,e6f33851,ERROR,"Cannot assign ""<Employee: Employee object (4d74f0c8-3c17-4150-a075-68bcf8d628c7)>"": ""StockTransaction.created_by"" must be a ""User"" instance."
RECEIVE,2251,GMT00034,e6f33852,ERROR,"Cannot assign ""<Employee: Employee object (4d74f0c8-3c17-4150-a075-68bcf8d628c7)>"": ""StockTransaction.created_by"" must be a ""User"" instance."
RECEIVE,2252,GMT00035,e6f33853,ERROR,"Cannot assign ""<Employee: Employee object (4d74f0c8-3c17-4150-a075-68bcf8d628c7)>"": ""StockTransaction.created_by"" must be a ""User"" instance."
RECEIVE,2253,GMT00036,e6f33854,ERROR,"Cannot assign ""<Employee: Employee object (4d74f0c8-3c17-4150-a075-68bcf8d628c7)>"": ""StockTransaction.created_by"" must be a ""User"" instance."
RECEIVE,2254,GMT00037,e6f33855,ERROR,"Cannot assign ""<Employee: Employee object (4d74f0c8-3c17-4150-a075-68bcf8d628c7)>"": ""StockTransaction.created_by"" must be a ""User"" instance."
RECEIVE,2255,GMT00038,e6f33856,ERROR,"Cannot assign ""<Employee: Employee object (4d74f0c8-3c17-4150-a075-68bcf8d628c7)>"": ""StockTransaction.created_by"" must be a ""User"" instance."
RECEIVE,2256,GMT00039,e6f33857,ERROR,"Cannot assign ""<Employee: Employee object (4d74f0c8-3c17-4150-a075-68bcf8d628c7)>"": ""StockTransaction.created_by"" must be a ""User"" instance."
RECEIVE,2257,GMT00040,e6f33858,ERROR,"Cannot assign ""<Employee: Employee object (4d74f0c8-3c17-4150-a075-68bcf8d628c7)>"": ""StockTransaction.created_by"" must be a ""User"" instance."
RECEIVE,2258,GMT00041,e6f33859,ERROR,"Cannot assign ""<Employee: Employee object (4d74f0c8-3c17-4150-a075-68bcf8d628c7)>"": ""StockTransaction.created_by"" must be a ""User"" instance."
RECEIVE,2259,GMT00042,e6f33860,ERROR,"Cannot assign ""<Employee: Employee object (4d74f0c8-3c17-4150-a075-68bcf8d628c7)>"": ""StockTransaction.created_by"" must be a ""User"" instance."
RECEIVE,2260,GMT00043,e6f33861,ERROR,"Cannot assign ""<Employee: Employee object (4d74f0c8-3c17-4150-a075-68bcf8d628c7)>"": ""StockTransaction.created_by"" must be a ""User"" instance."
RECEIVE,2261,GMT00044,e6f33862,ERROR,"Cannot assign ""<Employee: Employee object (4d74f0c8-3c17-4150-a075-68bcf8d628c7)>"": ""StockTransaction.created_by"" must be a ""User"" instance."
RECEIVE,2262,GMT00045,e6f33863,ERROR,"Cannot assign ""<Employee: Employee object (4d74f0c8-3c17-4150-a075-68bcf8d628c7)>"": ""StockTransaction.created_by"" must be a ""User"" instance."
RECEIVE,2263,GMT00047,e6f33864,ERROR,"Cannot assign ""<Employee: Employee object (4d74f0c8-3c17-4150-a075-68bcf8d628c7)>"": ""StockTransaction.created_by"" must be a ""User"" instance."
RECEIVE,2264,GMT00048,e6f33865,ERROR,"Cannot assign ""<Employee: Employee object (4d74f0c8-3c17-4150-a075-68bcf8d628c7)>"": ""StockTransaction.created_by"" must be a ""User"" instance."
RECEIVE,2265,GMT00049,e6f33866,ERROR,"Cannot assign ""<Employee: Employee object (4d74f0c8-3c17-4150-a075-68bcf8d628c7)>"": ""StockTransaction.created_by"" must be a ""User"" instance."
RECEIVE,2266,GMT00050,e6f33867,ERROR,"Cannot assign ""<Employee: Employee object (4d74f0c8-3c17-4150-a075-68bcf8d628c7)>"": ""StockTransaction.created_by"" must be a ""User"" instance."
RECEIVE,2267,GMT00051,e6f33868,ERROR,"Cannot assign ""<Employee: Employee object (4d74f0c8-3c17-4150-a075-68bcf8d628c7)>"": ""StockTransaction.created_by"" must be a ""User"" instance."
RECEIVE,2268,GMT00052,e6f33869,ERROR,"Cannot assign ""<Employee: Employee object (4d74f0c8-3c17-4150-a075-68bcf8d628c7)>"": ""StockTransaction.created_by"" must be a ""User"" instance."
RECEIVE,2269,GMT00053,e6f33870,ERROR,"Cannot assign ""<Employee: Employee object (4d74f0c8-3c17-4150-a075-68bcf8d628c7)>"": ""StockTransaction.created_by"" must be a ""User"" instance."
RECEIVE,2270,GMT00054,e6f33871,ERROR,"Cannot assign ""<Employee: Employee object (4d74f0c8-3c17-4150-a075-68bcf8d628c7)>"": ""StockTransaction.created_by"" must be a ""User"" instance."
RECEIVE,2271,GMT00055,e6f33872,ERROR,"Cannot assign ""<Employee: Employee object (4d74f0c8-3c17-4150-a075-68bcf8d628c7)>"": ""StockTransaction.created_by"" must be a ""User"" instance."
RECEIVE,2272,GMT00056,e6f33873,ERROR,"Cannot assign ""<Employee: Employee object (4d74f0c8-3c17-4150-a075-68bcf8d628c7)>"": ""StockTransaction.created_by"" must be a ""User"" instance."
RECEIVE,2273,GMT00057,e6f33874,ERROR,"Cannot assign ""<Employee: Employee object (4d74f0c8-3c17-4150-a075-68bcf8d628c7)>"": ""StockTransaction.created_by"" must be a ""User"" instance."
RECEIVE,2274,GMT00058,e6f33875,ERROR,"Cannot assign ""<Employee: Employee object (4d74f0c8-3c17-4150-a075-68bcf8d628c7)>"": ""StockTransaction.created_by"" must be a ""User"" instance."
RECEIVE,2275,GMT00059,e6f33876,ERROR,"Cannot assign ""<Employee: Employee object (4d74f0c8-3c17-4150-a075-68bcf8d628c7)>"": ""StockTransaction.created_by"" must be a ""User"" instance."
RECEIVE,2276,GMT00060,e6f33877,ERROR,"Cannot assign ""<Employee: Employee object (4d74f0c8-3c17-4150-a075-68bcf8d628c7)>"": ""StockTransaction.created_by"" must be a ""User"" instance."
RECEIVE,2277,GMT00061,e6f33878,ERROR,"Cannot assign ""<Employee: Employee object (4d74f0c8-3c17-4150-a075-68bcf8d628c7)>"": ""StockTransaction.created_by"" must be a ""User"" instance."
RECEIVE,2278,GMT00062,e6f33879,ERROR,"Cannot assign ""<Employee: Employee object (4d74f0c8-3c17-4150-a075-68bcf8d628c7)>"": ""StockTransaction.created_by"" must be a ""User"" instance."
RECEIVE,2279,GMT00063,e6f33880,ERROR,"Cannot assign ""<Employee: Employee object (4d74f0c8-3c17-4150-a075-68bcf8d628c7)>"": ""StockTransaction.created_by"" must be a ""User"" instance."
RECEIVE,2280,GMT00064,e6f33881,ERROR,"Cannot assign ""<Employee: Employee object (4d74f0c8-3c17-4150-a075-68bcf8d628c7)>"": ""StockTransaction.created_by"" must be a ""User"" instance."
RECEIVE,2281,GMT00065,e6f33882,ERROR,"Cannot assign ""<Employee: Employee object (4d74f0c8-3c17-4150-a075-68bcf8d628c7)>"": ""StockTransaction.created_by"" must be a ""User"" instance."
RECEIVE,2282,GMT00066,e6f33883,ERROR,"Cannot assign ""<Employee: Employee object (4d74f0c8-3c17-4150-a075-68bcf8d628c7)>"": ""StockTransaction.created_by"" must be a ""User"" instance."
RECEIVE,2283,GMT00067,e6f33884,ERROR,"Cannot assign ""<Employee: Employee object (4d74f0c8-3c17-4150-a075-68bcf8d628c7)>"": ""StockTransaction.created_by"" must be a ""User"" instance."
RECEIVE,2284,GMT00068,e6f33885,ERROR,"Cannot assign ""<Employee: Employee object (4d74f0c8-3c17-4150-a075-68bcf8d628c7)>"": ""StockTransaction.created_by"" must be a ""User"" instance."
RECEIVE,2285,GMT00069,e6f33886,ERROR,"Cannot assign ""<Employee: Employee object (4d74f0c8-3c17-4150-a075-68bcf8d628c7)>"": ""StockTransaction.created_by"" must be a ""User"" instance."
RECEIVE,2286,GMT00070,e6f33887,ERROR,"Cannot assign ""<Employee: Employee object (4d74f0c8-3c17-4150-a075-68bcf8d628c7)>"": ""StockTransaction.created_by"" must be a ""User"" instance."
RECEIVE,2287,GMT00071,e6f33888,ERROR,"Cannot assign ""<Employee: Employee object (4d74f0c8-3c17-4150-a075-68bcf8d628c7)>"": ""StockTransaction.created_by"" must be a ""User"" instance."
RECEIVE,2288,GMT00072,e6f33889,ERROR,"Cannot assign ""<Employee: Employee object (4d74f0c8-3c17-4150-a075-68bcf8d628c7)>"": ""StockTransaction.created_by"" must be a ""User"" instance."
RECEIVE,2289,GMT00073,e6f33890,ERROR,"Cannot assign ""<Employee: Employee object (4d74f0c8-3c17-4150-a075-68bcf8d628c7)>"": ""StockTransaction.created_by"" must be a ""User"" instance."
RECEIVE,2290,GEL00001,b27549c7,ERROR,"Cannot assign ""<Employee: Employee object (10015b5e-30a3-455c-b324-04179eb0f407)>"": ""StockTransaction.created_by"" must be a ""User"" instance."
RECEIVE,2291,GLA00003,0a96fb1e,ERROR,"Cannot assign ""<Employee: Employee object (1631703c-cb96-4905-b944-b6be05056b71)>"": ""StockTransaction.created_by"" must be a ""User"" instance."
RECEIVE,2292,GRY00004,98538734,ERROR,"Cannot assign ""<Employee: Employee object (1631703c-cb96-4905-b944-b6be05056b71)>"": ""StockTransaction.created_by"" must be a ""User"" instance."
RECEIVE,2293,GLA00019,94758a50,ERROR,"Cannot assign ""<Employee: Employee object (1631703c-cb96-4905-b944-b6be05056b71)>"": ""StockTransaction.created_by"" must be a ""User"" instance."
RECEIVE,2294,GSW00018,4bdfe6e6,ERROR,"Cannot assign ""<Employee: Employee object (1631703c-cb96-4905-b944-b6be05056b71)>"": ""StockTransaction.created_by"" must be a ""User"" instance."
RECEIVE,2295,GFT00008,c730e66f,ERROR,"Cannot assign ""<Employee: Employee object (1631703c-cb96-4905-b944-b6be05056b71)>"": ""StockTransaction.created_by"" must be a ""User"" instance."
RECEIVE,2296,GFTT00027,d14a3c14,ERROR,"Cannot assign ""<Employee: Employee object (1631703c-cb96-4905-b944-b6be05056b71)>"": ""StockTransaction.created_by"" must be a ""User"" instance."
RECEIVE,2297,GFTT00028,6216b11a,ERROR,"Cannot assign ""<Employee: Employee object (1631703c-cb96-4905-b944-b6be05056b71)>"": ""StockTransaction.created_by"" must be a ""User"" instance."
RECEIVE,2298,GFTT00055,27e4010b,ERROR,"Cannot assign ""<Employee: Employee object (1631703c-cb96-4905-b944-b6be05056b71)>"": ""StockTransaction.created_by"" must be a ""User"" instance."
RECEIVE,2299,GFTT00056,35ffe787,ERROR,"Cannot assign ""<Employee: Employee object (1631703c-cb96-4905-b944-b6be05056b71)>"": ""StockTransaction.created_by"" must be a ""User"" instance."
RECEIVE,2300,GFTT00059,a023ba2a,ERROR,"Cannot assign ""<Employee: Employee object (1631703c-cb96-4905-b944-b6be05056b71)>"": ""StockTransaction.created_by"" must be a ""User"" instance."
RECEIVE,2301,GFTT00096,5420f648,ERROR,"Cannot assign ""<Employee: Employee object (1631703c-cb96-4905-b944-b6be05056b71)>"": ""StockTransaction.created_by"" must be a ""User"" instance."
RECEIVE,2302,GRY00050,f1c00f3d,ERROR,"Cannot assign ""<Employee: Employee object (1631703c-cb96-4905-b944-b6be05056b71)>"": ""StockTransaction.created_by"" must be a ""User"" instance."
RECEIVE,2303,GCNT00016,28ebb64a,ERROR,"Cannot assign ""<Employee: Employee object (1631703c-cb96-4905-b944-b6be05056b71)>"": ""StockTransaction.created_by"" must be a ""User"" instance."
RECEIVE,2304,GMNP00008,31187238,ERROR,"Cannot assign ""<Employee: Employee object (1631703c-cb96-4905-b944-b6be05056b71)>"": ""StockTransaction.created_by"" must be a ""User"" instance."
RECEIVE,2305,GMNP00014,bb4ddf7f,ERROR,"Cannot assign ""<Employee: Employee object (1631703c-cb96-4905-b944-b6be05056b71)>"": ""StockTransaction.created_by"" must be a ""User"" instance."
RECEIVE,2306,GMNP00002,401989ab,ERROR,"Cannot assign ""<Employee: Employee object (1631703c-cb96-4905-b944-b6be05056b71)>"": ""StockTransaction.created_by"" must be a ""User"" instance."
RECEIVE,2307,GMMS00016,356b64c2,ERROR,"Cannot assign ""<Employee: Employee object (1631703c-cb96-4905-b944-b6be05056b71)>"": ""StockTransaction.created_by"" must be a ""User"" instance."
RECEIVE,2308,GPLUG00003-A,ec9524e1,ERROR,"Cannot assign ""<Employee: Employee object (10015b5e-30a3-455c-b324-04179eb0f407)>"": ""StockTransaction.created_by"" must be a ""User"" instance."
RECEIVE,2309,GEL00067,b3077d16,ERROR,"Cannot assign ""<Employee: Employee object (1631703c-cb96-4905-b944-b6be05056b71)>"": ""StockTransaction.created_by"" must be a ""User"" instance."
RECEIVE,2310,GEL00068,22841ade,ERROR,"Cannot assign ""<Employee: Employee object (1631703c-cb96-4905-b944-b6be05056b71)>"": ""StockTransaction.created_by"" must be a ""User"" instance."
RECEIVE,2311,GBK00007,ea813044,ERROR,"Cannot assign ""<Employee: Employee object (1631703c-cb96-4905-b944-b6be05056b71)>"": ""StockTransaction.created_by"" must be a ""User"" instance."
RECEIVE,2312,GOVL00035,f5d05adc,ERROR,"duplicate key value violates unique constraint ""core_stocktransaction_transaction_no_key""
DETAIL:  Key (transaction_no)=() already exists."
RECEIVE,2313,GCPP00003,39ba83c2,ERROR,"duplicate key value violates unique constraint ""core_stocktransaction_transaction_no_key""
DETAIL:  Key (transaction_no)=() already exists."
RECEIVE,2314,GSW00003,405eb68f,ERROR,"duplicate key value violates unique constraint ""core_stocktransaction_transaction_no_key""
DETAIL:  Key (transaction_no)=() already exists."
RECEIVE,2315,GSW00005,3b853514,ERROR,"duplicate key value violates unique constraint ""core_stocktransaction_transaction_no_key""
DETAIL:  Key (transaction_no)=() already exists."
RECEIVE,2316,GSW00023,1f4b2e3a,ERROR,"duplicate key value violates unique constraint ""core_stocktransaction_transaction_no_key""
DETAIL:  Key (transaction_no)=() already exists."
RECEIVE,2317,GSW00006,f4f2c3cf,ERROR,"duplicate key value violates unique constraint ""core_stocktransaction_transaction_no_key""
DETAIL:  Key (transaction_no)=() already exists."
RECEIVE,2318,GSW00001,d75538d5,ERROR,"duplicate key value violates unique constraint ""core_stocktransaction_transaction_no_key""
DETAIL:  Key (transaction_no)=() already exists."
RECEIVE,2319,GSW00025,88db4f77,ERROR,"duplicate key value violates unique constraint ""core_stocktransaction_transaction_no_key""
DETAIL:  Key (transaction_no)=() already exists."
RECEIVE,2320,GSW00007,267c859d,ERROR,"duplicate key value violates unique constraint ""core_stocktransaction_transaction_no_key""
DETAIL:  Key (transaction_no)=() already exists."
RECEIVE,2321,GSW00026,4e99510b,ERROR,"duplicate key value violates unique constraint ""core_stocktransaction_transaction_no_key""
DETAIL:  Key (transaction_no)=() already exists."
RECEIVE,2322,GA00008,46537a31,ERROR,"duplicate key value violates unique constraint ""core_stocktransaction_transaction_no_key""
DETAIL:  Key (transaction_no)=() already exists."
RECEIVE,2323,GA00010,a8c0acb5,ERROR,"duplicate key value violates unique constraint ""core_stocktransaction_transaction_no_key""
DETAIL:  Key (transaction_no)=() already exists."
RECEIVE,2324,GBK00035,aecfbfff,ERROR,"duplicate key value violates unique constraint ""core_stocktransaction_transaction_no_key""
DETAIL:  Key (transaction_no)=() already exists."
RECEIVE,2325,GLA00039,bd3cef2e,ERROR,"duplicate key value violates unique constraint ""core_stocktransaction_transaction_no_key""
DETAIL:  Key (transaction_no)=() already exists."
RECEIVE,2326,GLA00033,85573725,ERROR,"duplicate key value violates unique constraint ""core_stocktransaction_transaction_no_key""
DETAIL:  Key (transaction_no)=() already exists."
RECEIVE,2327,GB00064,f08564fd,ERROR,"Cannot assign ""<Employee: Employee object (4d74f0c8-3c17-4150-a075-68bcf8d628c7)>"": ""StockTransaction.created_by"" must be a ""User"" instance."
RECEIVE,2328,GCVT00009,907576a5,ERROR,"Cannot assign ""<Employee: Employee object (4d74f0c8-3c17-4150-a075-68bcf8d628c7)>"": ""StockTransaction.created_by"" must be a ""User"" instance."
RECEIVE,2329,GSLN00028,0656b684,ERROR,"Cannot assign ""<Employee: Employee object (4d74f0c8-3c17-4150-a075-68bcf8d628c7)>"": ""StockTransaction.created_by"" must be a ""User"" instance."
RECEIVE,2330,GMNP00004,8bb819b3,ERROR,"Cannot assign ""<Employee: Employee object (4d74f0c8-3c17-4150-a075-68bcf8d628c7)>"": ""StockTransaction.created_by"" must be a ""User"" instance."
RECEIVE,2331,GHC00006,13b3cac0,ERROR,"Cannot assign ""<Employee: Employee object (4d74f0c8-3c17-4150-a075-68bcf8d628c7)>"": ""StockTransaction.created_by"" must be a ""User"" instance."
RECEIVE,2332,GSR00079,c7da8c39,ERROR,"Cannot assign ""<Employee: Employee object (4d74f0c8-3c17-4150-a075-68bcf8d628c7)>"": ""StockTransaction.created_by"" must be a ""User"" instance."
RECEIVE,2333,GSR00078,df5161b3,ERROR,"Cannot assign ""<Employee: Employee object (4d74f0c8-3c17-4150-a075-68bcf8d628c7)>"": ""StockTransaction.created_by"" must be a ""User"" instance."
RECEIVE,2334,GFTT00185,a293e02f,ERROR,"duplicate key value violates unique constraint ""core_stocktransaction_transaction_no_key""
DETAIL:  Key (transaction_no)=() already exists."
RECEIVE,2335,GB00064,c2e3aff9,ERROR,"duplicate key value violates unique constraint ""core_stocktransaction_transaction_no_key""
DETAIL:  Key (transaction_no)=() already exists."
RECEIVE,2336,GB00018,e4b975d8,ERROR,"duplicate key value violates unique constraint ""core_stocktransaction_transaction_no_key""
DETAIL:  Key (transaction_no)=() already exists."
RECEIVE,2337,GB00020,98415633,ERROR,"duplicate key value violates unique constraint ""core_stocktransaction_transaction_no_key""
DETAIL:  Key (transaction_no)=() already exists."
RECEIVE,2338,GSW00019,1296949f,ERROR,"duplicate key value violates unique constraint ""core_stocktransaction_transaction_no_key""
DETAIL:  Key (transaction_no)=() already exists."
RECEIVE,2339,GMNP00013,af5efc7f,ERROR,"duplicate key value violates unique constraint ""core_stocktransaction_transaction_no_key""
DETAIL:  Key (transaction_no)=() already exists."
RECEIVE,2340,GFMT00002,4d2f9e33,ERROR,"duplicate key value violates unique constraint ""core_stocktransaction_transaction_no_key""
DETAIL:  Key (transaction_no)=() already exists."
RECEIVE,2341,GFMT00007,2df20c9e,ERROR,"duplicate key value violates unique constraint ""core_stocktransaction_transaction_no_key""
DETAIL:  Key (transaction_no)=() already exists."
RECEIVE,2342,GCVT00002,463cb709,ERROR,"duplicate key value violates unique constraint ""core_stocktransaction_transaction_no_key""
DETAIL:  Key (transaction_no)=() already exists."
RECEIVE,2343,GSCBIG00003,59cd2104,ERROR,"duplicate key value violates unique constraint ""core_stocktransaction_transaction_no_key""
DETAIL:  Key (transaction_no)=() already exists."
RECEIVE,2344,GSCBIG00001,036ed57d,ERROR,"duplicate key value violates unique constraint ""core_stocktransaction_transaction_no_key""
DETAIL:  Key (transaction_no)=() already exists."
RECEIVE,2345,GSCBIG00002,3eef6606,ERROR,"duplicate key value violates unique constraint ""core_stocktransaction_transaction_no_key""
DETAIL:  Key (transaction_no)=() already exists."
RECEIVE,2346,GOVL00029,9ee4916a,ERROR,"duplicate key value violates unique constraint ""core_stocktransaction_transaction_no_key""
DETAIL:  Key (transaction_no)=() already exists."
RECEIVE,2347,GPP00012,6e0e7e4d,ERROR,"duplicate key value violates unique constraint ""core_stocktransaction_transaction_no_key""
DETAIL:  Key (transaction_no)=() already exists."
RECEIVE,2348,GPP00038,44d7c141,ERROR,"duplicate key value violates unique constraint ""core_stocktransaction_transaction_no_key""
DETAIL:  Key (transaction_no)=() already exists."
RECEIVE,2349,GHEAT00001,44d7c142,ERROR,"duplicate key value violates unique constraint ""core_stocktransaction_transaction_no_key""
DETAIL:  Key (transaction_no)=() already exists."
RECEIVE,2350,GHEAT00002,44d7c143,ERROR,"duplicate key value violates unique constraint ""core_stocktransaction_transaction_no_key""
DETAIL:  Key (transaction_no)=() already exists."
RECEIVE,2351,GHEAT00003,44d7c144,ERROR,"duplicate key value violates unique constraint ""core_stocktransaction_transaction_no_key""
DETAIL:  Key (transaction_no)=() already exists."
RECEIVE,2352,GHEAT00004,44d7c145,ERROR,"duplicate key value violates unique constraint ""core_stocktransaction_transaction_no_key""
DETAIL:  Key (transaction_no)=() already exists."
RECEIVE,2353,GHEAT00005,44d7c146,ERROR,"duplicate key value violates unique constraint ""core_stocktransaction_transaction_no_key""
DETAIL:  Key (transaction_no)=() already exists."
RECEIVE,2354,GHEAT00006,44d7c147,ERROR,"duplicate key value violates unique constraint ""core_stocktransaction_transaction_no_key""
DETAIL:  Key (transaction_no)=() already exists."
RECEIVE,2355,GCHUCK00001,44d7c148,ERROR,"duplicate key value violates unique constraint ""core_stocktransaction_transaction_no_key""
DETAIL:  Key (transaction_no)=() already exists."
RECEIVE,2356,GCHUCK00003,44d7c150,ERROR,"duplicate key value violates unique constraint ""core_stocktransaction_transaction_no_key""
DETAIL:  Key (transaction_no)=() already exists."
RECEIVE,2357,GCHUCK00004,44d7c151,ERROR,"duplicate key value violates unique constraint ""core_stocktransaction_transaction_no_key""
DETAIL:  Key (transaction_no)=() already exists."
RECEIVE,2358,GCHUCK00005,44d7c152,ERROR,"duplicate key value violates unique constraint ""core_stocktransaction_transaction_no_key""
DETAIL:  Key (transaction_no)=() already exists."
RECEIVE,2359,GCHUCK00006,44d7c153,ERROR,"duplicate key value violates unique constraint ""core_stocktransaction_transaction_no_key""
DETAIL:  Key (transaction_no)=() already exists."
RECEIVE,2360,GCHUCK00006-A,44d7c154,ERROR,"duplicate key value violates unique constraint ""core_stocktransaction_transaction_no_key""
DETAIL:  Key (transaction_no)=() already exists."
RECEIVE,2361,GCHUCK00007,44d7c155,ERROR,"duplicate key value violates unique constraint ""core_stocktransaction_transaction_no_key""
DETAIL:  Key (transaction_no)=() already exists."
RECEIVE,2362,GCHUCK00009-A,44d7c158,ERROR,"duplicate key value violates unique constraint ""core_stocktransaction_transaction_no_key""
DETAIL:  Key (transaction_no)=() already exists."
RECEIVE,2363,GCHUCK000010,44d7c159,ERROR,"duplicate key value violates unique constraint ""core_stocktransaction_transaction_no_key""
DETAIL:  Key (transaction_no)=() already exists."
RECEIVE,2364,GCHUCK000011,44d7c160,ERROR,"duplicate key value violates unique constraint ""core_stocktransaction_transaction_no_key""
DETAIL:  Key (transaction_no)=() already exists."
RECEIVE,2365,GCHUCK000012,44d7c161,ERROR,"duplicate key value violates unique constraint ""core_stocktransaction_transaction_no_key""
DETAIL:  Key (transaction_no)=() already exists."
RECEIVE,2366,GFANUC00001,44d7c162,ERROR,"duplicate key value violates unique constraint ""core_stocktransaction_transaction_no_key""
DETAIL:  Key (transaction_no)=() already exists."
RECEIVE,2367,GFANUC00002,44d7c163,ERROR,"duplicate key value violates unique constraint ""core_stocktransaction_transaction_no_key""
DETAIL:  Key (transaction_no)=() already exists."
RECEIVE,2368,GFANUC00003,44d7c164,ERROR,"duplicate key value violates unique constraint ""core_stocktransaction_transaction_no_key""
DETAIL:  Key (transaction_no)=() already exists."
RECEIVE,2369,GFANUC00004,44d7c165,ERROR,"duplicate key value violates unique constraint ""core_stocktransaction_transaction_no_key""
DETAIL:  Key (transaction_no)=() already exists."
RECEIVE,2370,GFANUC00005,44d7c166,ERROR,"duplicate key value violates unique constraint ""core_stocktransaction_transaction_no_key""
DETAIL:  Key (transaction_no)=() already exists."
RECEIVE,2371,GFANUC00006,44d7c167,ERROR,"duplicate key value violates unique constraint ""core_stocktransaction_transaction_no_key""
DETAIL:  Key (transaction_no)=() already exists."
RECEIVE,2372,GFANUC00007,44d7c168,ERROR,"duplicate key value violates unique constraint ""core_stocktransaction_transaction_no_key""
DETAIL:  Key (transaction_no)=() already exists."
RECEIVE,2373,GOR00001,44d7c169,ERROR,"duplicate key value violates unique constraint ""core_stocktransaction_transaction_no_key""
DETAIL:  Key (transaction_no)=() already exists."
RECEIVE,2374,GOR00002,44d7c170,ERROR,"duplicate key value violates unique constraint ""core_stocktransaction_transaction_no_key""
DETAIL:  Key (transaction_no)=() already exists."
RECEIVE,2375,GOR00003,44d7c171,ERROR,"duplicate key value violates unique constraint ""core_stocktransaction_transaction_no_key""
DETAIL:  Key (transaction_no)=() already exists."
RECEIVE,2376,GOR00004,44d7c172,ERROR,"duplicate key value violates unique constraint ""core_stocktransaction_transaction_no_key""
DETAIL:  Key (transaction_no)=() already exists."
RECEIVE,2377,GOR00005,44d7c173,ERROR,"duplicate key value violates unique constraint ""core_stocktransaction_transaction_no_key""
DETAIL:  Key (transaction_no)=() already exists."
RECEIVE,2379,GOR00007,44d7c175,ERROR,"duplicate key value violates unique constraint ""core_stocktransaction_transaction_no_key""
DETAIL:  Key (transaction_no)=() already exists."
RECEIVE,2381,GOR00009,44d7c177,ERROR,"duplicate key value violates unique constraint ""core_stocktransaction_transaction_no_key""
DETAIL:  Key (transaction_no)=() already exists."
RECEIVE,2382,GOR00010,44d7c178,ERROR,"duplicate key value violates unique constraint ""core_stocktransaction_transaction_no_key""
DETAIL:  Key (transaction_no)=() already exists."
RECEIVE,2385,GOR00013,44d7c181,ERROR,"duplicate key value violates unique constraint ""core_stocktransaction_transaction_no_key""
DETAIL:  Key (transaction_no)=() already exists."
RECEIVE,2386,GOR00014,44d7c182,ERROR,"duplicate key value violates unique constraint ""core_stocktransaction_transaction_no_key""
DETAIL:  Key (transaction_no)=() already exists."
RECEIVE,2391,GOR00019,44d7c187,ERROR,"duplicate key value violates unique constraint ""core_stocktransaction_transaction_no_key""
DETAIL:  Key (transaction_no)=() already exists."
RECEIVE,2392,GOR00020,44d7c188,ERROR,"duplicate key value violates unique constraint ""core_stocktransaction_transaction_no_key""
DETAIL:  Key (transaction_no)=() already exists."
RECEIVE,2395,GOR00023,44d7c191,ERROR,"duplicate key value violates unique constraint ""core_stocktransaction_transaction_no_key""
DETAIL:  Key (transaction_no)=() already exists."
RECEIVE,2396,GOR00024,44d7c192,ERROR,"duplicate key value violates unique constraint ""core_stocktransaction_transaction_no_key""
DETAIL:  Key (transaction_no)=() already exists."
RECEIVE,2397,GOR00025,44d7c193,ERROR,"duplicate key value violates unique constraint ""core_stocktransaction_transaction_no_key""
DETAIL:  Key (transaction_no)=() already exists."
RECEIVE,2398,GOR00026,44d7c194,ERROR,"duplicate key value violates unique constraint ""core_stocktransaction_transaction_no_key""
DETAIL:  Key (transaction_no)=() already exists."
RECEIVE,2399,GOR00027,44d7c195,ERROR,"duplicate key value violates unique constraint ""core_stocktransaction_transaction_no_key""
DETAIL:  Key (transaction_no)=() already exists."
RECEIVE,2400,GOR00028,44d7c196,ERROR,"duplicate key value violates unique constraint ""core_stocktransaction_transaction_no_key""
DETAIL:  Key (transaction_no)=() already exists."
RECEIVE,2402,GOR00030,44d7c198,ERROR,"duplicate key value violates unique constraint ""core_stocktransaction_transaction_no_key""
DETAIL:  Key (transaction_no)=() already exists."
RECEIVE,2404,GOR00032,44d7c200,ERROR,"duplicate key value violates unique constraint ""core_stocktransaction_transaction_no_key""
DETAIL:  Key (transaction_no)=() already exists."
RECEIVE,2405,GOR00033,44d7c201,ERROR,"duplicate key value violates unique constraint ""core_stocktransaction_transaction_no_key""
DETAIL:  Key (transaction_no)=() already exists."
RECEIVE,2406,GOR00034,44d7c202,ERROR,"duplicate key value violates unique constraint ""core_stocktransaction_transaction_no_key""
DETAIL:  Key (transaction_no)=() already exists."
RECEIVE,2407,GOR00035,44d7c203,ERROR,"duplicate key value violates unique constraint ""core_stocktransaction_transaction_no_key""
DETAIL:  Key (transaction_no)=() already exists."
RECEIVE,2408,GOR00036,44d7c204,ERROR,"duplicate key value violates unique constraint ""core_stocktransaction_transaction_no_key""
DETAIL:  Key (transaction_no)=() already exists."
RECEIVE,2409,GOR00037,44d7c205,ERROR,"duplicate key value violates unique constraint ""core_stocktransaction_transaction_no_key""
DETAIL:  Key (transaction_no)=() already exists."
RECEIVE,2410,GOR00038,44d7c206,ERROR,"duplicate key value violates unique constraint ""core_stocktransaction_transaction_no_key""
DETAIL:  Key (transaction_no)=() already exists."
RECEIVE,2411,GOR00039,44d7c207,ERROR,"duplicate key value violates unique constraint ""core_stocktransaction_transaction_no_key""
DETAIL:  Key (transaction_no)=() already exists."
RECEIVE,2412,GOR00040,44d7c208,ERROR,"duplicate key value violates unique constraint ""core_stocktransaction_transaction_no_key""
DETAIL:  Key (transaction_no)=() already exists."
RECEIVE,2414,GOR00042,44d7c210,ERROR,"duplicate key value violates unique constraint ""core_stocktransaction_transaction_no_key""
DETAIL:  Key (transaction_no)=() already exists."
RECEIVE,2415,GOR00043,44d7c211,ERROR,"duplicate key value violates unique constraint ""core_stocktransaction_transaction_no_key""
DETAIL:  Key (transaction_no)=() already exists."
RECEIVE,2416,GOR00044,44d7c212,ERROR,"duplicate key value violates unique constraint ""core_stocktransaction_transaction_no_key""
DETAIL:  Key (transaction_no)=() already exists."
RECEIVE,2417,GOR00045,44d7c213,ERROR,"duplicate key value violates unique constraint ""core_stocktransaction_transaction_no_key""
DETAIL:  Key (transaction_no)=() already exists."
RECEIVE,2419,GOR00047,44d7c215,ERROR,"duplicate key value violates unique constraint ""core_stocktransaction_transaction_no_key""
DETAIL:  Key (transaction_no)=() already exists."
RECEIVE,2420,GOR00048,44d7c216,ERROR,"duplicate key value violates unique constraint ""core_stocktransaction_transaction_no_key""
DETAIL:  Key (transaction_no)=() already exists."
RECEIVE,2422,GOR00050,44d7c218,ERROR,"duplicate key value violates unique constraint ""core_stocktransaction_transaction_no_key""
DETAIL:  Key (transaction_no)=() already exists."
RECEIVE,2423,GOR00051,44d7c219,ERROR,"duplicate key value violates unique constraint ""core_stocktransaction_transaction_no_key""
DETAIL:  Key (transaction_no)=() already exists."
RECEIVE,2424,GOR00052,44d7c220,ERROR,"duplicate key value violates unique constraint ""core_stocktransaction_transaction_no_key""
DETAIL:  Key (transaction_no)=() already exists."
RECEIVE,2425,GOR00053,44d7c221,ERROR,"duplicate key value violates unique constraint ""core_stocktransaction_transaction_no_key""
DETAIL:  Key (transaction_no)=() already exists."
RECEIVE,2426,GOR00054,44d7c222,ERROR,"duplicate key value violates unique constraint ""core_stocktransaction_transaction_no_key""
DETAIL:  Key (transaction_no)=() already exists."
RECEIVE,2427,GOR00055,44d7c223,ERROR,"duplicate key value violates unique constraint ""core_stocktransaction_transaction_no_key""
DETAIL:  Key (transaction_no)=() already exists."
RECEIVE,2428,GOR00056,44d7c224,ERROR,"duplicate key value violates unique constraint ""core_stocktransaction_transaction_no_key""
DETAIL:  Key (transaction_no)=() already exists."
RECEIVE,2429,GOR00057,44d7c225,ERROR,"duplicate key value violates unique constraint ""core_stocktransaction_transaction_no_key""
DETAIL:  Key (transaction_no)=() already exists."
RECEIVE,2430,GOR00058,44d7c226,ERROR,"duplicate key value violates unique constraint ""core_stocktransaction_transaction_no_key""
DETAIL:  Key (transaction_no)=() already exists."
RECEIVE,2431,GOR00059,44d7c227,ERROR,"duplicate key value violates unique constraint ""core_stocktransaction_transaction_no_key""
DETAIL:  Key (transaction_no)=() already exists."
RECEIVE,2432,GOR00060,44d7c228,ERROR,"duplicate key value violates unique constraint ""core_stocktransaction_transaction_no_key""
DETAIL:  Key (transaction_no)=() already exists."
RECEIVE,2433,GOR00061,44d7c229,ERROR,"duplicate key value violates unique constraint ""core_stocktransaction_transaction_no_key""
DETAIL:  Key (transaction_no)=() already exists."
RECEIVE,2434,GOR00062,44d7c230,ERROR,"duplicate key value violates unique constraint ""core_stocktransaction_transaction_no_key""
DETAIL:  Key (transaction_no)=() already exists."
RECEIVE,2435,GOR00063,44d7c231,ERROR,"duplicate key value violates unique constraint ""core_stocktransaction_transaction_no_key""
DETAIL:  Key (transaction_no)=() already exists."
RECEIVE,2436,GOR00064,44d7c232,ERROR,"duplicate key value violates unique constraint ""core_stocktransaction_transaction_no_key""
DETAIL:  Key (transaction_no)=() already exists."
RECEIVE,2437,GOR00065,44d7c233,ERROR,"duplicate key value violates unique constraint ""core_stocktransaction_transaction_no_key""
DETAIL:  Key (transaction_no)=() already exists."
RECEIVE,2438,GOR00066,44d7c234,ERROR,"duplicate key value violates unique constraint ""core_stocktransaction_transaction_no_key""
DETAIL:  Key (transaction_no)=() already exists."
RECEIVE,2439,GOR00067,44d7c235,ERROR,"duplicate key value violates unique constraint ""core_stocktransaction_transaction_no_key""
DETAIL:  Key (transaction_no)=() already exists."
RECEIVE,2440,GOR00068,44d7c236,ERROR,"duplicate key value violates unique constraint ""core_stocktransaction_transaction_no_key""
DETAIL:  Key (transaction_no)=() already exists."
RECEIVE,2441,GOR00069,44d7c237,ERROR,"duplicate key value violates unique constraint ""core_stocktransaction_transaction_no_key""
DETAIL:  Key (transaction_no)=() already exists."
RECEIVE,2442,GOR00070,44d7c238,ERROR,"duplicate key value violates unique constraint ""core_stocktransaction_transaction_no_key""
DETAIL:  Key (transaction_no)=() already exists."
RECEIVE,2443,GOR00071,44d7c239,ERROR,"duplicate key value violates unique constraint ""core_stocktransaction_transaction_no_key""
DETAIL:  Key (transaction_no)=() already exists."
RECEIVE,2444,GOR00072,44d7c240,ERROR,"duplicate key value violates unique constraint ""core_stocktransaction_transaction_no_key""
DETAIL:  Key (transaction_no)=() already exists."
RECEIVE,2445,GOR00073,44d7c241,ERROR,"duplicate key value violates unique constraint ""core_stocktransaction_transaction_no_key""
DETAIL:  Key (transaction_no)=() already exists."
RECEIVE,2446,GOR00074,44d7c242,ERROR,"duplicate key value violates unique constraint ""core_stocktransaction_transaction_no_key""
DETAIL:  Key (transaction_no)=() already exists."
RECEIVE,2447,GOR00075,44d7c243,ERROR,"duplicate key value violates unique constraint ""core_stocktransaction_transaction_no_key""
DETAIL:  Key (transaction_no)=() already exists."
RECEIVE,2448,GOR00076,44d7c244,ERROR,"duplicate key value violates unique constraint ""core_stocktransaction_transaction_no_key""
DETAIL:  Key (transaction_no)=() already exists."
RECEIVE,2449,GOR00077,44d7c245,ERROR,"duplicate key value violates unique constraint ""core_stocktransaction_transaction_no_key""
DETAIL:  Key (transaction_no)=() already exists."
RECEIVE,2450,GOR00078,44d7c246,ERROR,"duplicate key value violates unique constraint ""core_stocktransaction_transaction_no_key""
DETAIL:  Key (transaction_no)=() already exists."
RECEIVE,2451,GOR00079,44d7c247,ERROR,"duplicate key value violates unique constraint ""core_stocktransaction_transaction_no_key""
DETAIL:  Key (transaction_no)=() already exists."
RECEIVE,2452,GOR00080,44d7c248,ERROR,"duplicate key value violates unique constraint ""core_stocktransaction_transaction_no_key""
DETAIL:  Key (transaction_no)=() already exists."
RECEIVE,2453,GOR00081,44d7c249,ERROR,"duplicate key value violates unique constraint ""core_stocktransaction_transaction_no_key""
DETAIL:  Key (transaction_no)=() already exists."
RECEIVE,2454,GOR00082,44d7c250,ERROR,"duplicate key value violates unique constraint ""core_stocktransaction_transaction_no_key""
DETAIL:  Key (transaction_no)=() already exists."
RECEIVE,2455,GOR00083,44d7c251,ERROR,"duplicate key value violates unique constraint ""core_stocktransaction_transaction_no_key""
DETAIL:  Key (transaction_no)=() already exists."
RECEIVE,2456,GOR00084,44d7c252,ERROR,"duplicate key value violates unique constraint ""core_stocktransaction_transaction_no_key""
DETAIL:  Key (transaction_no)=() already exists."
RECEIVE,2457,GOR00085,44d7c253,ERROR,"duplicate key value violates unique constraint ""core_stocktransaction_transaction_no_key""
DETAIL:  Key (transaction_no)=() already exists."
RECEIVE,2458,GOR00086,44d7c254,ERROR,"duplicate key value violates unique constraint ""core_stocktransaction_transaction_no_key""
DETAIL:  Key (transaction_no)=() already exists."
RECEIVE,2459,GOR00087,44d7c255,ERROR,"duplicate key value violates unique constraint ""core_stocktransaction_transaction_no_key""
DETAIL:  Key (transaction_no)=() already exists."
RECEIVE,2460,GOR00088,44d7c256,ERROR,"duplicate key value violates unique constraint ""core_stocktransaction_transaction_no_key""
DETAIL:  Key (transaction_no)=() already exists."
RECEIVE,2461,GOR00089,44d7c257,ERROR,"duplicate key value violates unique constraint ""core_stocktransaction_transaction_no_key""
DETAIL:  Key (transaction_no)=() already exists."
RECEIVE,2462,GOR00090,44d7c258,ERROR,"duplicate key value violates unique constraint ""core_stocktransaction_transaction_no_key""
DETAIL:  Key (transaction_no)=() already exists."
RECEIVE,2463,GOR00091,44d7c259,ERROR,"duplicate key value violates unique constraint ""core_stocktransaction_transaction_no_key""
DETAIL:  Key (transaction_no)=() already exists."
RECEIVE,2464,GOR00092,44d7c260,ERROR,"duplicate key value violates unique constraint ""core_stocktransaction_transaction_no_key""
DETAIL:  Key (transaction_no)=() already exists."
RECEIVE,2465,GOR00093,44d7c261,ERROR,"duplicate key value violates unique constraint ""core_stocktransaction_transaction_no_key""
DETAIL:  Key (transaction_no)=() already exists."
RECEIVE,2466,GOR00094,44d7c262,ERROR,"duplicate key value violates unique constraint ""core_stocktransaction_transaction_no_key""
DETAIL:  Key (transaction_no)=() already exists."
RECEIVE,2467,GOR00095,44d7c263,ERROR,"duplicate key value violates unique constraint ""core_stocktransaction_transaction_no_key""
DETAIL:  Key (transaction_no)=() already exists."
RECEIVE,2468,GOR00096,44d7c264,ERROR,"duplicate key value violates unique constraint ""core_stocktransaction_transaction_no_key""
DETAIL:  Key (transaction_no)=() already exists."
RECEIVE,2469,GOR00097,44d7c265,ERROR,"duplicate key value violates unique constraint ""core_stocktransaction_transaction_no_key""
DETAIL:  Key (transaction_no)=() already exists."
RECEIVE,2470,GOR00098,44d7c266,ERROR,"duplicate key value violates unique constraint ""core_stocktransaction_transaction_no_key""
DETAIL:  Key (transaction_no)=() already exists."
RECEIVE,2471,GOR00099,44d7c267,ERROR,"duplicate key value violates unique constraint ""core_stocktransaction_transaction_no_key""
DETAIL:  Key (transaction_no)=() already exists."
RECEIVE,2472,GOR00100,44d7c268,ERROR,"duplicate key value violates unique constraint ""core_stocktransaction_transaction_no_key""
DETAIL:  Key (transaction_no)=() already exists."
RECEIVE,2473,GOR00101,44d7c269,ERROR,"duplicate key value violates unique constraint ""core_stocktransaction_transaction_no_key""
DETAIL:  Key (transaction_no)=() already exists."
RECEIVE,2474,GOR00102,44d7c270,ERROR,"duplicate key value violates unique constraint ""core_stocktransaction_transaction_no_key""
DETAIL:  Key (transaction_no)=() already exists."
RECEIVE,2475,GOR00103,44d7c271,ERROR,"duplicate key value violates unique constraint ""core_stocktransaction_transaction_no_key""
DETAIL:  Key (transaction_no)=() already exists."
RECEIVE,2476,GOR00104,44d7c272,ERROR,"duplicate key value violates unique constraint ""core_stocktransaction_transaction_no_key""
DETAIL:  Key (transaction_no)=() already exists."
RECEIVE,2477,GOR00105,44d7c273,ERROR,"duplicate key value violates unique constraint ""core_stocktransaction_transaction_no_key""
DETAIL:  Key (transaction_no)=() already exists."
RECEIVE,2478,GOR00106,44d7c274,ERROR,"duplicate key value violates unique constraint ""core_stocktransaction_transaction_no_key""
DETAIL:  Key (transaction_no)=() already exists."
RECEIVE,2479,GOR00107,44d7c275,ERROR,"duplicate key value violates unique constraint ""core_stocktransaction_transaction_no_key""
DETAIL:  Key (transaction_no)=() already exists."
RECEIVE,2480,GOR00108,44d7c276,ERROR,"duplicate key value violates unique constraint ""core_stocktransaction_transaction_no_key""
DETAIL:  Key (transaction_no)=() already exists."
RECEIVE,2481,GOR00109,44d7c277,ERROR,"duplicate key value violates unique constraint ""core_stocktransaction_transaction_no_key""
DETAIL:  Key (transaction_no)=() already exists."
RECEIVE,2482,GOR00110,44d7c278,ERROR,"duplicate key value violates unique constraint ""core_stocktransaction_transaction_no_key""
DETAIL:  Key (transaction_no)=() already exists."
RECEIVE,2483,GOR00111,44d7c279,ERROR,"duplicate key value violates unique constraint ""core_stocktransaction_transaction_no_key""
DETAIL:  Key (transaction_no)=() already exists."
RECEIVE,2484,GOR00112,44d7c280,ERROR,"duplicate key value violates unique constraint ""core_stocktransaction_transaction_no_key""
DETAIL:  Key (transaction_no)=() already exists."
RECEIVE,2485,GOR00113,44d7c281,ERROR,"duplicate key value violates unique constraint ""core_stocktransaction_transaction_no_key""
DETAIL:  Key (transaction_no)=() already exists."
RECEIVE,2486,GOR00114,44d7c282,ERROR,"duplicate key value violates unique constraint ""core_stocktransaction_transaction_no_key""
DETAIL:  Key (transaction_no)=() already exists."
RECEIVE,2487,GOR00116,44d7c284,ERROR,"duplicate key value violates unique constraint ""core_stocktransaction_transaction_no_key""
DETAIL:  Key (transaction_no)=() already exists."
RECEIVE,2488,GOR00117,44d7c285,ERROR,"duplicate key value violates unique constraint ""core_stocktransaction_transaction_no_key""
DETAIL:  Key (transaction_no)=() already exists."
RECEIVE,2489,GOR00118,44d7c286,ERROR,"duplicate key value violates unique constraint ""core_stocktransaction_transaction_no_key""
DETAIL:  Key (transaction_no)=() already exists."
RECEIVE,2490,GOR00119,44d7c287,ERROR,"duplicate key value violates unique constraint ""core_stocktransaction_transaction_no_key""
DETAIL:  Key (transaction_no)=() already exists."
RECEIVE,2491,GOR00120,44d7c288,ERROR,"duplicate key value violates unique constraint ""core_stocktransaction_transaction_no_key""
DETAIL:  Key (transaction_no)=() already exists."
RECEIVE,2492,GOR00121,44d7c289,ERROR,"duplicate key value violates unique constraint ""core_stocktransaction_transaction_no_key""
DETAIL:  Key (transaction_no)=() already exists."
RECEIVE,2493,GOR00122,44d7c290,ERROR,"duplicate key value violates unique constraint ""core_stocktransaction_transaction_no_key""
DETAIL:  Key (transaction_no)=() already exists."
RECEIVE,2494,GOR00123,44d7c291,ERROR,"duplicate key value violates unique constraint ""core_stocktransaction_transaction_no_key""
DETAIL:  Key (transaction_no)=() already exists."
RECEIVE,2495,GOR00124,44d7c292,ERROR,"duplicate key value violates unique constraint ""core_stocktransaction_transaction_no_key""
DETAIL:  Key (transaction_no)=() already exists."
RECEIVE,2496,GOR00125,44d7c293,ERROR,"duplicate key value violates unique constraint ""core_stocktransaction_transaction_no_key""
DETAIL:  Key (transaction_no)=() already exists."
RECEIVE,2497,GOR00126,44d7c294,ERROR,"duplicate key value violates unique constraint ""core_stocktransaction_transaction_no_key""
DETAIL:  Key (transaction_no)=() already exists."
RECEIVE,2498,GOR00127,44d7c295,ERROR,"duplicate key value violates unique constraint ""core_stocktransaction_transaction_no_key""
DETAIL:  Key (transaction_no)=() already exists."
RECEIVE,2499,GOR00128,44d7c296,ERROR,"duplicate key value violates unique constraint ""core_stocktransaction_transaction_no_key""
DETAIL:  Key (transaction_no)=() already exists."
RECEIVE,2500,GOR00129,44d7c297,ERROR,"duplicate key value violates unique constraint ""core_stocktransaction_transaction_no_key""
DETAIL:  Key (transaction_no)=() already exists."
RECEIVE,2501,GOR00130,44d7c298,ERROR,"duplicate key value violates unique constraint ""core_stocktransaction_transaction_no_key""
DETAIL:  Key (transaction_no)=() already exists."
RECEIVE,2502,GOR00131,44d7c299,ERROR,"duplicate key value violates unique constraint ""core_stocktransaction_transaction_no_key""
DETAIL:  Key (transaction_no)=() already exists."
RECEIVE,2503,GOR00132,44d7c300,ERROR,"duplicate key value violates unique constraint ""core_stocktransaction_transaction_no_key""
DETAIL:  Key (transaction_no)=() already exists."
RECEIVE,2504,GOR00133,44d7c301,ERROR,"duplicate key value violates unique constraint ""core_stocktransaction_transaction_no_key""
DETAIL:  Key (transaction_no)=() already exists."
RECEIVE,2505,GOR00134,44d7c302,ERROR,"duplicate key value violates unique constraint ""core_stocktransaction_transaction_no_key""
DETAIL:  Key (transaction_no)=() already exists."
RECEIVE,2506,GOR00135,44d7c303,ERROR,"duplicate key value violates unique constraint ""core_stocktransaction_transaction_no_key""
DETAIL:  Key (transaction_no)=() already exists."
RECEIVE,2507,GOR00136,44d7c304,ERROR,"duplicate key value violates unique constraint ""core_stocktransaction_transaction_no_key""
DETAIL:  Key (transaction_no)=() already exists."
RECEIVE,2508,GOR00137,44d7c305,ERROR,"duplicate key value violates unique constraint ""core_stocktransaction_transaction_no_key""
DETAIL:  Key (transaction_no)=() already exists."
RECEIVE,2509,GOR00138,44d7c306,ERROR,"duplicate key value violates unique constraint ""core_stocktransaction_transaction_no_key""
DETAIL:  Key (transaction_no)=() already exists."
RECEIVE,2510,GOR00139,44d7c307,ERROR,"duplicate key value violates unique constraint ""core_stocktransaction_transaction_no_key""
DETAIL:  Key (transaction_no)=() already exists."
RECEIVE,2511,GOR00140,44d7c308,ERROR,"duplicate key value violates unique constraint ""core_stocktransaction_transaction_no_key""
DETAIL:  Key (transaction_no)=() already exists."
RECEIVE,2512,GOR00141,44d7c309,ERROR,"duplicate key value violates unique constraint ""core_stocktransaction_transaction_no_key""
DETAIL:  Key (transaction_no)=() already exists."
RECEIVE,2513,GOR00143,44d7c311,ERROR,"duplicate key value violates unique constraint ""core_stocktransaction_transaction_no_key""
DETAIL:  Key (transaction_no)=() already exists."
RECEIVE,2514,GOR00144,44d7c312,ERROR,"duplicate key value violates unique constraint ""core_stocktransaction_transaction_no_key""
DETAIL:  Key (transaction_no)=() already exists."
RECEIVE,2515,GOR00145,44d7c313,ERROR,"duplicate key value violates unique constraint ""core_stocktransaction_transaction_no_key""
DETAIL:  Key (transaction_no)=() already exists."
RECEIVE,2516,GOR00146,44d7c314,ERROR,"duplicate key value violates unique constraint ""core_stocktransaction_transaction_no_key""
DETAIL:  Key (transaction_no)=() already exists."
RECEIVE,2517,GOR00147,44d7c315,ERROR,"duplicate key value violates unique constraint ""core_stocktransaction_transaction_no_key""
DETAIL:  Key (transaction_no)=() already exists."
RECEIVE,2518,GOR00148,44d7c316,ERROR,"duplicate key value violates unique constraint ""core_stocktransaction_transaction_no_key""
DETAIL:  Key (transaction_no)=() already exists."
RECEIVE,2519,GOR00149,44d7c317,ERROR,"duplicate key value violates unique constraint ""core_stocktransaction_transaction_no_key""
DETAIL:  Key (transaction_no)=() already exists."
RECEIVE,2520,GOR00150,44d7c318,ERROR,"duplicate key value violates unique constraint ""core_stocktransaction_transaction_no_key""
DETAIL:  Key (transaction_no)=() already exists."
RECEIVE,2521,GOR00151,44d7c319,ERROR,"duplicate key value violates unique constraint ""core_stocktransaction_transaction_no_key""
DETAIL:  Key (transaction_no)=() already exists."
RECEIVE,2522,GOR00152,44d7c320,ERROR,"duplicate key value violates unique constraint ""core_stocktransaction_transaction_no_key""
DETAIL:  Key (transaction_no)=() already exists."
RECEIVE,2523,GOR00153,44d7c321,ERROR,"duplicate key value violates unique constraint ""core_stocktransaction_transaction_no_key""
DETAIL:  Key (transaction_no)=() already exists."
RECEIVE,2524,GOR00154,44d7c322,ERROR,"duplicate key value violates unique constraint ""core_stocktransaction_transaction_no_key""
DETAIL:  Key (transaction_no)=() already exists."
RECEIVE,2525,GOR00155,44d7c323,ERROR,"duplicate key value violates unique constraint ""core_stocktransaction_transaction_no_key""
DETAIL:  Key (transaction_no)=() already exists."
RECEIVE,2526,GOR00156,44d7c324,ERROR,"duplicate key value violates unique constraint ""core_stocktransaction_transaction_no_key""
DETAIL:  Key (transaction_no)=() already exists."
RECEIVE,2527,GOR00157,44d7c325,ERROR,"duplicate key value violates unique constraint ""core_stocktransaction_transaction_no_key""
DETAIL:  Key (transaction_no)=() already exists."
RECEIVE,2528,GOR00158,44d7c326,ERROR,"duplicate key value violates unique constraint ""core_stocktransaction_transaction_no_key""
DETAIL:  Key (transaction_no)=() already exists."
RECEIVE,2529,GOR00159,44d7c327,ERROR,"duplicate key value violates unique constraint ""core_stocktransaction_transaction_no_key""
DETAIL:  Key (transaction_no)=() already exists."
RECEIVE,2530,GOR00160,44d7c328,ERROR,"duplicate key value violates unique constraint ""core_stocktransaction_transaction_no_key""
DETAIL:  Key (transaction_no)=() already exists."
RECEIVE,2531,GOR00161,44d7c329,ERROR,"duplicate key value violates unique constraint ""core_stocktransaction_transaction_no_key""
DETAIL:  Key (transaction_no)=() already exists."
RECEIVE,2532,GOR00162,44d7c330,ERROR,"duplicate key value violates unique constraint ""core_stocktransaction_transaction_no_key""
DETAIL:  Key (transaction_no)=() already exists."
RECEIVE,2533,GOR00163,44d7c331,ERROR,"duplicate key value violates unique constraint ""core_stocktransaction_transaction_no_key""
DETAIL:  Key (transaction_no)=() already exists."
RECEIVE,2534,GOR00164,44d7c332,ERROR,"duplicate key value violates unique constraint ""core_stocktransaction_transaction_no_key""
DETAIL:  Key (transaction_no)=() already exists."
RECEIVE,2535,GOR00165,44d7c333,ERROR,"duplicate key value violates unique constraint ""core_stocktransaction_transaction_no_key""
DETAIL:  Key (transaction_no)=() already exists."
RECEIVE,2536,GOR00166,44d7c334,ERROR,"duplicate key value violates unique constraint ""core_stocktransaction_transaction_no_key""
DETAIL:  Key (transaction_no)=() already exists."
RECEIVE,2537,GOR00167,44d7c335,ERROR,"duplicate key value violates unique constraint ""core_stocktransaction_transaction_no_key""
DETAIL:  Key (transaction_no)=() already exists."
RECEIVE,2538,GOR00168,44d7c336,ERROR,"duplicate key value violates unique constraint ""core_stocktransaction_transaction_no_key""
DETAIL:  Key (transaction_no)=() already exists."
RECEIVE,2539,GOR00169,44d7c337,ERROR,"duplicate key value violates unique constraint ""core_stocktransaction_transaction_no_key""
DETAIL:  Key (transaction_no)=() already exists."
RECEIVE,2540,GOR00170,44d7c338,ERROR,"duplicate key value violates unique constraint ""core_stocktransaction_transaction_no_key""
DETAIL:  Key (transaction_no)=() already exists."
RECEIVE,2541,GOR00171,44d7c339,ERROR,"duplicate key value violates unique constraint ""core_stocktransaction_transaction_no_key""
DETAIL:  Key (transaction_no)=() already exists."
RECEIVE,2542,GOR00172,44d7c340,ERROR,"duplicate key value violates unique constraint ""core_stocktransaction_transaction_no_key""
DETAIL:  Key (transaction_no)=() already exists."
RECEIVE,2543,GOR00173,44d7c341,ERROR,"duplicate key value violates unique constraint ""core_stocktransaction_transaction_no_key""
DETAIL:  Key (transaction_no)=() already exists."
RECEIVE,2544,GOR00174,44d7c342,ERROR,"duplicate key value violates unique constraint ""core_stocktransaction_transaction_no_key""
DETAIL:  Key (transaction_no)=() already exists."
RECEIVE,2545,GOR00175,44d7c343,ERROR,"duplicate key value violates unique constraint ""core_stocktransaction_transaction_no_key""
DETAIL:  Key (transaction_no)=() already exists."
RECEIVE,2546,GOR00176,44d7c344,ERROR,"duplicate key value violates unique constraint ""core_stocktransaction_transaction_no_key""
DETAIL:  Key (transaction_no)=() already exists."
RECEIVE,2547,GOR00177,44d7c345,ERROR,"duplicate key value violates unique constraint ""core_stocktransaction_transaction_no_key""
DETAIL:  Key (transaction_no)=() already exists."
RECEIVE,2548,GLA00023,08d7554e,ERROR,"Cannot assign ""<Employee: Employee object (1631703c-cb96-4905-b944-b6be05056b71)>"": ""StockTransaction.created_by"" must be a ""User"" instance."
RECEIVE,2549,GLA00022,83525244,ERROR,"Cannot assign ""<Employee: Employee object (1631703c-cb96-4905-b944-b6be05056b71)>"": ""StockTransaction.created_by"" must be a ""User"" instance."
RECEIVE,2550,GEL00053,a40cfa8a,ERROR,"Cannot assign ""<Employee: Employee object (1631703c-cb96-4905-b944-b6be05056b71)>"": ""StockTransaction.created_by"" must be a ""User"" instance."
RECEIVE,2551,GSVA00002,300a5b1e,ERROR,"duplicate key value violates unique constraint ""core_stocktransaction_transaction_no_key""
DETAIL:  Key (transaction_no)=() already exists."
RECEIVE,2552,GTRM00004,31ab7b92,ERROR,"duplicate key value violates unique constraint ""core_stocktransaction_transaction_no_key""
DETAIL:  Key (transaction_no)=() already exists."
RECEIVE,2553,GTRM00005,c7115c84,ERROR,"duplicate key value violates unique constraint ""core_stocktransaction_transaction_no_key""
DETAIL:  Key (transaction_no)=() already exists."
RECEIVE,2554,GCTTM00001,f9b57a49,ERROR,"duplicate key value violates unique constraint ""core_stocktransaction_transaction_no_key""
DETAIL:  Key (transaction_no)=() already exists."
RECEIVE,2555,GMNT00014,e38a3a6b,ERROR,"duplicate key value violates unique constraint ""core_stocktransaction_transaction_no_key""
DETAIL:  Key (transaction_no)=() already exists."
RECEIVE,2556,GMSDS00002,b6e259e1,ERROR,"Cannot assign ""<Employee: Employee object (1631703c-cb96-4905-b944-b6be05056b71)>"": ""StockTransaction.created_by"" must be a ""User"" instance."
RECEIVE,2557,GMSDS00003,4a978e82,ERROR,"Cannot assign ""<Employee: Employee object (1631703c-cb96-4905-b944-b6be05056b71)>"": ""StockTransaction.created_by"" must be a ""User"" instance."
RECEIVE,2558,GTRM00004,e9d69331,ERROR,"duplicate key value violates unique constraint ""core_stocktransaction_transaction_no_key""
DETAIL:  Key (transaction_no)=() already exists."
RECEIVE,2559,GDWG00001,e9d69332,ERROR,"Cannot assign ""<Employee: Employee object (4d74f0c8-3c17-4150-a075-68bcf8d628c7)>"": ""StockTransaction.created_by"" must be a ""User"" instance."
RECEIVE,2560,GDWG00002,e9d69333,ERROR,"Cannot assign ""<Employee: Employee object (4d74f0c8-3c17-4150-a075-68bcf8d628c7)>"": ""StockTransaction.created_by"" must be a ""User"" instance."
RECEIVE,2561,GDWG00003,e9d69334,ERROR,"Cannot assign ""<Employee: Employee object (4d74f0c8-3c17-4150-a075-68bcf8d628c7)>"": ""StockTransaction.created_by"" must be a ""User"" instance."
RECEIVE,2562,GDWG00004,e9d69335,ERROR,"Cannot assign ""<Employee: Employee object (4d74f0c8-3c17-4150-a075-68bcf8d628c7)>"": ""StockTransaction.created_by"" must be a ""User"" instance."
RECEIVE,2563,GDWG00005,e9d69336,ERROR,"Cannot assign ""<Employee: Employee object (4d74f0c8-3c17-4150-a075-68bcf8d628c7)>"": ""StockTransaction.created_by"" must be a ""User"" instance."
RECEIVE,2564,GDWG00006,e9d69337,ERROR,"Cannot assign ""<Employee: Employee object (4d74f0c8-3c17-4150-a075-68bcf8d628c7)>"": ""StockTransaction.created_by"" must be a ""User"" instance."
RECEIVE,2565,GDWG00007,e9d69338,ERROR,"Cannot assign ""<Employee: Employee object (4d74f0c8-3c17-4150-a075-68bcf8d628c7)>"": ""StockTransaction.created_by"" must be a ""User"" instance."
RECEIVE,2566,GDWG00008,e9d69339,ERROR,"Cannot assign ""<Employee: Employee object (4d74f0c8-3c17-4150-a075-68bcf8d628c7)>"": ""StockTransaction.created_by"" must be a ""User"" instance."
RECEIVE,2567,GDWG00009,e9d69340,ERROR,"Cannot assign ""<Employee: Employee object (4d74f0c8-3c17-4150-a075-68bcf8d628c7)>"": ""StockTransaction.created_by"" must be a ""User"" instance."
RECEIVE,2568,GDWG00010,e9d69341,ERROR,"Cannot assign ""<Employee: Employee object (4d74f0c8-3c17-4150-a075-68bcf8d628c7)>"": ""StockTransaction.created_by"" must be a ""User"" instance."
RECEIVE,2569,GDWG00011,e9d69342,ERROR,"Cannot assign ""<Employee: Employee object (4d74f0c8-3c17-4150-a075-68bcf8d628c7)>"": ""StockTransaction.created_by"" must be a ""User"" instance."
RECEIVE,2570,GDWG00012,e9d69343,ERROR,"Cannot assign ""<Employee: Employee object (4d74f0c8-3c17-4150-a075-68bcf8d628c7)>"": ""StockTransaction.created_by"" must be a ""User"" instance."
RECEIVE,2571,GDWG00013,e9d69344,ERROR,"Cannot assign ""<Employee: Employee object (4d74f0c8-3c17-4150-a075-68bcf8d628c7)>"": ""StockTransaction.created_by"" must be a ""User"" instance."
RECEIVE,2572,GDWG00014,e9d69345,ERROR,"Cannot assign ""<Employee: Employee object (4d74f0c8-3c17-4150-a075-68bcf8d628c7)>"": ""StockTransaction.created_by"" must be a ""User"" instance."
RECEIVE,2573,GDWG00015,e9d69346,ERROR,"Cannot assign ""<Employee: Employee object (4d74f0c8-3c17-4150-a075-68bcf8d628c7)>"": ""StockTransaction.created_by"" must be a ""User"" instance."
RECEIVE,2574,GDWG00016,e9d69347,ERROR,"Cannot assign ""<Employee: Employee object (4d74f0c8-3c17-4150-a075-68bcf8d628c7)>"": ""StockTransaction.created_by"" must be a ""User"" instance."
RECEIVE,2575,GDWG00017,e9d69348,ERROR,"Cannot assign ""<Employee: Employee object (4d74f0c8-3c17-4150-a075-68bcf8d628c7)>"": ""StockTransaction.created_by"" must be a ""User"" instance."
RECEIVE,2576,GDWG00018,e9d69349,ERROR,"Cannot assign ""<Employee: Employee object (4d74f0c8-3c17-4150-a075-68bcf8d628c7)>"": ""StockTransaction.created_by"" must be a ""User"" instance."
RECEIVE,2577,GDWG00019,e9d69350,ERROR,"Cannot assign ""<Employee: Employee object (4d74f0c8-3c17-4150-a075-68bcf8d628c7)>"": ""StockTransaction.created_by"" must be a ""User"" instance."
RECEIVE,2578,GDWG00020,e9d69351,ERROR,"Cannot assign ""<Employee: Employee object (4d74f0c8-3c17-4150-a075-68bcf8d628c7)>"": ""StockTransaction.created_by"" must be a ""User"" instance."
RECEIVE,2579,GDWG00021,e9d69352,ERROR,"Cannot assign ""<Employee: Employee object (4d74f0c8-3c17-4150-a075-68bcf8d628c7)>"": ""StockTransaction.created_by"" must be a ""User"" instance."
RECEIVE,2580,GDWG00022,e9d69353,ERROR,"Cannot assign ""<Employee: Employee object (4d74f0c8-3c17-4150-a075-68bcf8d628c7)>"": ""StockTransaction.created_by"" must be a ""User"" instance."
RECEIVE,2581,GDWG00023,e9d69354,ERROR,"Cannot assign ""<Employee: Employee object (4d74f0c8-3c17-4150-a075-68bcf8d628c7)>"": ""StockTransaction.created_by"" must be a ""User"" instance."
RECEIVE,2582,GDWG00024,e9d69355,ERROR,"Cannot assign ""<Employee: Employee object (4d74f0c8-3c17-4150-a075-68bcf8d628c7)>"": ""StockTransaction.created_by"" must be a ""User"" instance."
RECEIVE,2583,GDWG00025,e9d69356,ERROR,"Cannot assign ""<Employee: Employee object (4d74f0c8-3c17-4150-a075-68bcf8d628c7)>"": ""StockTransaction.created_by"" must be a ""User"" instance."
RECEIVE,2584,GDWG00026,e9d69357,ERROR,"Cannot assign ""<Employee: Employee object (4d74f0c8-3c17-4150-a075-68bcf8d628c7)>"": ""StockTransaction.created_by"" must be a ""User"" instance."
RECEIVE,2585,GDWG00027,e9d69358,ERROR,"Cannot assign ""<Employee: Employee object (4d74f0c8-3c17-4150-a075-68bcf8d628c7)>"": ""StockTransaction.created_by"" must be a ""User"" instance."
RECEIVE,2586,GDWG00028,e9d69359,ERROR,"Cannot assign ""<Employee: Employee object (4d74f0c8-3c17-4150-a075-68bcf8d628c7)>"": ""StockTransaction.created_by"" must be a ""User"" instance."
RECEIVE,2587,GDWG00030,e9d69360,ERROR,"Cannot assign ""<Employee: Employee object (4d74f0c8-3c17-4150-a075-68bcf8d628c7)>"": ""StockTransaction.created_by"" must be a ""User"" instance."
RECEIVE,2588,GDWG00033,e9d69361,ERROR,"Cannot assign ""<Employee: Employee object (4d74f0c8-3c17-4150-a075-68bcf8d628c7)>"": ""StockTransaction.created_by"" must be a ""User"" instance."
RECEIVE,2589,GDWG00034,e9d69362,ERROR,"Cannot assign ""<Employee: Employee object (4d74f0c8-3c17-4150-a075-68bcf8d628c7)>"": ""StockTransaction.created_by"" must be a ""User"" instance."
RECEIVE,2590,GDWG00035,e9d69363,ERROR,"Cannot assign ""<Employee: Employee object (4d74f0c8-3c17-4150-a075-68bcf8d628c7)>"": ""StockTransaction.created_by"" must be a ""User"" instance."
RECEIVE,2591,GDWG00036,e9d69364,ERROR,"Cannot assign ""<Employee: Employee object (4d74f0c8-3c17-4150-a075-68bcf8d628c7)>"": ""StockTransaction.created_by"" must be a ""User"" instance."
RECEIVE,2592,GDWG00037,e9d69365,ERROR,"Cannot assign ""<Employee: Employee object (4d74f0c8-3c17-4150-a075-68bcf8d628c7)>"": ""StockTransaction.created_by"" must be a ""User"" instance."
RECEIVE,2593,GDWG00038,e9d69366,ERROR,"Cannot assign ""<Employee: Employee object (4d74f0c8-3c17-4150-a075-68bcf8d628c7)>"": ""StockTransaction.created_by"" must be a ""User"" instance."
RECEIVE,2594,GDWG00039,e9d69367,ERROR,"Cannot assign ""<Employee: Employee object (4d74f0c8-3c17-4150-a075-68bcf8d628c7)>"": ""StockTransaction.created_by"" must be a ""User"" instance."
RECEIVE,2595,GDWG00040,e9d69368,ERROR,"Cannot assign ""<Employee: Employee object (4d74f0c8-3c17-4150-a075-68bcf8d628c7)>"": ""StockTransaction.created_by"" must be a ""User"" instance."
RECEIVE,2596,GDWG00041,e9d69369,ERROR,"Cannot assign ""<Employee: Employee object (4d74f0c8-3c17-4150-a075-68bcf8d628c7)>"": ""StockTransaction.created_by"" must be a ""User"" instance."
RECEIVE,2597,GDWG00042,e9d69370,ERROR,"Cannot assign ""<Employee: Employee object (4d74f0c8-3c17-4150-a075-68bcf8d628c7)>"": ""StockTransaction.created_by"" must be a ""User"" instance."
RECEIVE,2598,GDWG00044,e9d69372,ERROR,"Cannot assign ""<Employee: Employee object (4d74f0c8-3c17-4150-a075-68bcf8d628c7)>"": ""StockTransaction.created_by"" must be a ""User"" instance."
RECEIVE,2599,GDWG00045,e9d69373,ERROR,"Cannot assign ""<Employee: Employee object (4d74f0c8-3c17-4150-a075-68bcf8d628c7)>"": ""StockTransaction.created_by"" must be a ""User"" instance."
RECEIVE,2600,GDWG00046,e9d69374,ERROR,"Cannot assign ""<Employee: Employee object (4d74f0c8-3c17-4150-a075-68bcf8d628c7)>"": ""StockTransaction.created_by"" must be a ""User"" instance."
RECEIVE,2601,GDWG00047-A,e9d69375,ERROR,"Cannot assign ""<Employee: Employee object (4d74f0c8-3c17-4150-a075-68bcf8d628c7)>"": ""StockTransaction.created_by"" must be a ""User"" instance."
RECEIVE,2602,GDWG00047-B,e9d69376,ERROR,"Cannot assign ""<Employee: Employee object (4d74f0c8-3c17-4150-a075-68bcf8d628c7)>"": ""StockTransaction.created_by"" must be a ""User"" instance."
RECEIVE,2603,GDWG00047-C,e9d69377,ERROR,"Cannot assign ""<Employee: Employee object (4d74f0c8-3c17-4150-a075-68bcf8d628c7)>"": ""StockTransaction.created_by"" must be a ""User"" instance."
RECEIVE,2604,GDWG00047-D,e9d69378,ERROR,"Cannot assign ""<Employee: Employee object (4d74f0c8-3c17-4150-a075-68bcf8d628c7)>"": ""StockTransaction.created_by"" must be a ""User"" instance."
RECEIVE,2605,GDWG00047-E,e9d69379,ERROR,"Cannot assign ""<Employee: Employee object (4d74f0c8-3c17-4150-a075-68bcf8d628c7)>"": ""StockTransaction.created_by"" must be a ""User"" instance."
RECEIVE,2606,GDWG00047-F,e9d69380,ERROR,"Cannot assign ""<Employee: Employee object (4d74f0c8-3c17-4150-a075-68bcf8d628c7)>"": ""StockTransaction.created_by"" must be a ""User"" instance."
RECEIVE,2607,GDWG00047-G,e9d69381,ERROR,"Cannot assign ""<Employee: Employee object (4d74f0c8-3c17-4150-a075-68bcf8d628c7)>"": ""StockTransaction.created_by"" must be a ""User"" instance."
RECEIVE,2608,GDWG00047-H,e9d69382,ERROR,"Cannot assign ""<Employee: Employee object (4d74f0c8-3c17-4150-a075-68bcf8d628c7)>"": ""StockTransaction.created_by"" must be a ""User"" instance."
RECEIVE,2609,GDWG00047-I,e9d69383,ERROR,"Cannot assign ""<Employee: Employee object (4d74f0c8-3c17-4150-a075-68bcf8d628c7)>"": ""StockTransaction.created_by"" must be a ""User"" instance."
RECEIVE,2610,GDWG00049,e9d69384,ERROR,"Cannot assign ""<Employee: Employee object (4d74f0c8-3c17-4150-a075-68bcf8d628c7)>"": ""StockTransaction.created_by"" must be a ""User"" instance."
RECEIVE,2611,GDWG00050,e9d69385,ERROR,"Cannot assign ""<Employee: Employee object (4d74f0c8-3c17-4150-a075-68bcf8d628c7)>"": ""StockTransaction.created_by"" must be a ""User"" instance."
RECEIVE,2612,GDWG00053,e9d69388,ERROR,"Cannot assign ""<Employee: Employee object (4d74f0c8-3c17-4150-a075-68bcf8d628c7)>"": ""StockTransaction.created_by"" must be a ""User"" instance."
RECEIVE,2613,GDWG00054,e9d69389,ERROR,"Cannot assign ""<Employee: Employee object (4d74f0c8-3c17-4150-a075-68bcf8d628c7)>"": ""StockTransaction.created_by"" must be a ""User"" instance."
RECEIVE,2614,GDWG00058,e9d69390,ERROR,"Cannot assign ""<Employee: Employee object (4d74f0c8-3c17-4150-a075-68bcf8d628c7)>"": ""StockTransaction.created_by"" must be a ""User"" instance."
RECEIVE,2615,GDWG00059,e9d69391,ERROR,"Cannot assign ""<Employee: Employee object (4d74f0c8-3c17-4150-a075-68bcf8d628c7)>"": ""StockTransaction.created_by"" must be a ""User"" instance."
RECEIVE,2616,GRY00017,b2105d1f,ERROR,"duplicate key value violates unique constraint ""core_stocktransaction_transaction_no_key""
DETAIL:  Key (transaction_no)=() already exists."
RECEIVE,2617,GFMT00029,ef3f68c4,ERROR,"duplicate key value violates unique constraint ""core_stocktransaction_transaction_no_key""
DETAIL:  Key (transaction_no)=() already exists."
RECEIVE,2618,GCASTER00001,ef3f68c5,ERROR,"duplicate key value violates unique constraint ""core_stocktransaction_transaction_no_key""
DETAIL:  Key (transaction_no)=() already exists."
RECEIVE,2619,GCASTER00002,ef3f68c6,ERROR,"Cannot assign ""<Employee: Employee object (4d74f0c8-3c17-4150-a075-68bcf8d628c7)>"": ""StockTransaction.created_by"" must be a ""User"" instance."
RECEIVE,2620,GAFT00009,b3360a5c,ERROR,"Cannot assign ""<Employee: Employee object (10015b5e-30a3-455c-b324-04179eb0f407)>"": ""StockTransaction.created_by"" must be a ""User"" instance."
RECEIVE,2621,GAFT00011,ede37376,ERROR,"Cannot assign ""<Employee: Employee object (10015b5e-30a3-455c-b324-04179eb0f407)>"": ""StockTransaction.created_by"" must be a ""User"" instance."
RECEIVE,2622,GSLN00028,af1c1b88,ERROR,"Cannot assign ""<Employee: Employee object (1631703c-cb96-4905-b944-b6be05056b71)>"": ""StockTransaction.created_by"" must be a ""User"" instance."
RECEIVE,2623,GLA00001,0496defc,ERROR,"Cannot assign ""<Employee: Employee object (10015b5e-30a3-455c-b324-04179eb0f407)>"": ""StockTransaction.created_by"" must be a ""User"" instance."
RECEIVE,2624,GLA00002,e33c9d06,ERROR,"Cannot assign ""<Employee: Employee object (10015b5e-30a3-455c-b324-04179eb0f407)>"": ""StockTransaction.created_by"" must be a ""User"" instance."
RECEIVE,2625,GLA00004,8bb294a7,ERROR,"Cannot assign ""<Employee: Employee object (10015b5e-30a3-455c-b324-04179eb0f407)>"": ""StockTransaction.created_by"" must be a ""User"" instance."
RECEIVE,2626,GFTT00056,17964487,ERROR,"Cannot assign ""<Employee: Employee object (10015b5e-30a3-455c-b324-04179eb0f407)>"": ""StockTransaction.created_by"" must be a ""User"" instance."
RECEIVE,2627,GSLN00028,6c38f6c2,ERROR,"duplicate key value violates unique constraint ""core_stocktransaction_transaction_no_key""
DETAIL:  Key (transaction_no)=() already exists."
RECEIVE,2628,GLA00039,0c66892c,ERROR,"duplicate key value violates unique constraint ""core_stocktransaction_transaction_no_key""
DETAIL:  Key (transaction_no)=() already exists."
RECEIVE,2629,GBT00001,0c668923,ERROR,"duplicate key value violates unique constraint ""core_stocktransaction_transaction_no_key""
DETAIL:  Key (transaction_no)=() already exists."
RECEIVE,2630,GBT00002,0c668924,ERROR,"duplicate key value violates unique constraint ""core_stocktransaction_transaction_no_key""
DETAIL:  Key (transaction_no)=() already exists."
RECEIVE,2631,GBT00003,0c668925,ERROR,"duplicate key value violates unique constraint ""core_stocktransaction_transaction_no_key""
DETAIL:  Key (transaction_no)=() already exists."
RECEIVE,2632,GBT00004,0c668926,ERROR,"duplicate key value violates unique constraint ""core_stocktransaction_transaction_no_key""
DETAIL:  Key (transaction_no)=() already exists."
RECEIVE,2633,GBT00005,0c668927,ERROR,"duplicate key value violates unique constraint ""core_stocktransaction_transaction_no_key""
DETAIL:  Key (transaction_no)=() already exists."
RECEIVE,2634,GBT00006,0c668928,ERROR,"duplicate key value violates unique constraint ""core_stocktransaction_transaction_no_key""
DETAIL:  Key (transaction_no)=() already exists."
RECEIVE,2635,GBT00007,0c668929,ERROR,"duplicate key value violates unique constraint ""core_stocktransaction_transaction_no_key""
DETAIL:  Key (transaction_no)=() already exists."
RECEIVE,2636,GBT00008,0c668930,ERROR,"duplicate key value violates unique constraint ""core_stocktransaction_transaction_no_key""
DETAIL:  Key (transaction_no)=() already exists."
RECEIVE,2637,GBT00009,0c668931,ERROR,"duplicate key value violates unique constraint ""core_stocktransaction_transaction_no_key""
DETAIL:  Key (transaction_no)=() already exists."
RECEIVE,2638,GBT00010,0c668932,ERROR,"duplicate key value violates unique constraint ""core_stocktransaction_transaction_no_key""
DETAIL:  Key (transaction_no)=() already exists."
RECEIVE,2639,GBT00011,0c668933,ERROR,"duplicate key value violates unique constraint ""core_stocktransaction_transaction_no_key""
DETAIL:  Key (transaction_no)=() already exists."
RECEIVE,2640,GBT00012,0c668934,ERROR,"duplicate key value violates unique constraint ""core_stocktransaction_transaction_no_key""
DETAIL:  Key (transaction_no)=() already exists."
RECEIVE,2641,GBT00013,0c668935,ERROR,"duplicate key value violates unique constraint ""core_stocktransaction_transaction_no_key""
DETAIL:  Key (transaction_no)=() already exists."
RECEIVE,2642,GBT00014,0c668936,ERROR,"duplicate key value violates unique constraint ""core_stocktransaction_transaction_no_key""
DETAIL:  Key (transaction_no)=() already exists."
RECEIVE,2643,GBT00015,0c668937,ERROR,"duplicate key value violates unique constraint ""core_stocktransaction_transaction_no_key""
DETAIL:  Key (transaction_no)=() already exists."
RECEIVE,2644,GBT00016,0c668938,ERROR,"duplicate key value violates unique constraint ""core_stocktransaction_transaction_no_key""
DETAIL:  Key (transaction_no)=() already exists."
RECEIVE,2645,GBT00017,0c668939,ERROR,"duplicate key value violates unique constraint ""core_stocktransaction_transaction_no_key""
DETAIL:  Key (transaction_no)=() already exists."
RECEIVE,2646,GBT00018,0c668940,ERROR,"duplicate key value violates unique constraint ""core_stocktransaction_transaction_no_key""
DETAIL:  Key (transaction_no)=() already exists."
RECEIVE,2647,GBT00019,0c668941,ERROR,"duplicate key value violates unique constraint ""core_stocktransaction_transaction_no_key""
DETAIL:  Key (transaction_no)=() already exists."
RECEIVE,2648,GBT00020,0c668942,ERROR,"duplicate key value violates unique constraint ""core_stocktransaction_transaction_no_key""
DETAIL:  Key (transaction_no)=() already exists."
RECEIVE,2649,GBT00021,0c668943,ERROR,"duplicate key value violates unique constraint ""core_stocktransaction_transaction_no_key""
DETAIL:  Key (transaction_no)=() already exists."
RECEIVE,2650,GBT00022,0c668944,ERROR,"duplicate key value violates unique constraint ""core_stocktransaction_transaction_no_key""
DETAIL:  Key (transaction_no)=() already exists."
RECEIVE,2651,GBT00023,0c668945,ERROR,"duplicate key value violates unique constraint ""core_stocktransaction_transaction_no_key""
DETAIL:  Key (transaction_no)=() already exists."
RECEIVE,2652,GBT00024,0c668946,ERROR,"duplicate key value violates unique constraint ""core_stocktransaction_transaction_no_key""
DETAIL:  Key (transaction_no)=() already exists."
RECEIVE,2653,GBT00025,0c668947,ERROR,"duplicate key value violates unique constraint ""core_stocktransaction_transaction_no_key""
DETAIL:  Key (transaction_no)=() already exists."
RECEIVE,2654,GBT00026,0c668948,ERROR,"duplicate key value violates unique constraint ""core_stocktransaction_transaction_no_key""
DETAIL:  Key (transaction_no)=() already exists."
RECEIVE,2655,GBT00027,0c668949,ERROR,"duplicate key value violates unique constraint ""core_stocktransaction_transaction_no_key""
DETAIL:  Key (transaction_no)=() already exists."
RECEIVE,2656,GBT00028,0c668950,ERROR,"duplicate key value violates unique constraint ""core_stocktransaction_transaction_no_key""
DETAIL:  Key (transaction_no)=() already exists."
RECEIVE,2657,GBT00029,0c668951,ERROR,"duplicate key value violates unique constraint ""core_stocktransaction_transaction_no_key""
DETAIL:  Key (transaction_no)=() already exists."
RECEIVE,2658,GBT00030,0c668952,ERROR,"duplicate key value violates unique constraint ""core_stocktransaction_transaction_no_key""
DETAIL:  Key (transaction_no)=() already exists."
RECEIVE,2659,GBT00031,0c668953,ERROR,"duplicate key value violates unique constraint ""core_stocktransaction_transaction_no_key""
DETAIL:  Key (transaction_no)=() already exists."
RECEIVE,2660,GBT00032,0c668954,ERROR,"duplicate key value violates unique constraint ""core_stocktransaction_transaction_no_key""
DETAIL:  Key (transaction_no)=() already exists."
RECEIVE,2661,GBT00033,0c668955,ERROR,"duplicate key value violates unique constraint ""core_stocktransaction_transaction_no_key""
DETAIL:  Key (transaction_no)=() already exists."
RECEIVE,2662,GBT00034,0c668956,ERROR,"duplicate key value violates unique constraint ""core_stocktransaction_transaction_no_key""
DETAIL:  Key (transaction_no)=() already exists."
RECEIVE,2663,GBT00035,0c668957,ERROR,"duplicate key value violates unique constraint ""core_stocktransaction_transaction_no_key""
DETAIL:  Key (transaction_no)=() already exists."
RECEIVE,2664,GBT00036,0c668958,ERROR,"duplicate key value violates unique constraint ""core_stocktransaction_transaction_no_key""
DETAIL:  Key (transaction_no)=() already exists."
RECEIVE,2665,GBT00037,0c668959,ERROR,"duplicate key value violates unique constraint ""core_stocktransaction_transaction_no_key""
DETAIL:  Key (transaction_no)=() already exists."
RECEIVE,2666,GBT00038,0c668960,ERROR,"duplicate key value violates unique constraint ""core_stocktransaction_transaction_no_key""
DETAIL:  Key (transaction_no)=() already exists."
RECEIVE,2667,GBT00039,0c668961,ERROR,"duplicate key value violates unique constraint ""core_stocktransaction_transaction_no_key""
DETAIL:  Key (transaction_no)=() already exists."
RECEIVE,2668,GBT00040,0c668962,ERROR,"duplicate key value violates unique constraint ""core_stocktransaction_transaction_no_key""
DETAIL:  Key (transaction_no)=() already exists."
RECEIVE,2669,GBT00041,0c668963,ERROR,"duplicate key value violates unique constraint ""core_stocktransaction_transaction_no_key""
DETAIL:  Key (transaction_no)=() already exists."
RECEIVE,2670,GBT00042,0c668964,ERROR,"duplicate key value violates unique constraint ""core_stocktransaction_transaction_no_key""
DETAIL:  Key (transaction_no)=() already exists."
RECEIVE,2671,GBT00043,0c668965,ERROR,"duplicate key value violates unique constraint ""core_stocktransaction_transaction_no_key""
DETAIL:  Key (transaction_no)=() already exists."
RECEIVE,2672,GBT00044,0c668966,ERROR,"duplicate key value violates unique constraint ""core_stocktransaction_transaction_no_key""
DETAIL:  Key (transaction_no)=() already exists."
RECEIVE,2673,GBT00045,0c668967,ERROR,"duplicate key value violates unique constraint ""core_stocktransaction_transaction_no_key""
DETAIL:  Key (transaction_no)=() already exists."
RECEIVE,2674,GBT00046,0c668968,ERROR,"duplicate key value violates unique constraint ""core_stocktransaction_transaction_no_key""
DETAIL:  Key (transaction_no)=() already exists."
RECEIVE,2675,GBT00047,0c668969,ERROR,"duplicate key value violates unique constraint ""core_stocktransaction_transaction_no_key""
DETAIL:  Key (transaction_no)=() already exists."
RECEIVE,2676,GBT00048,0c668970,ERROR,"duplicate key value violates unique constraint ""core_stocktransaction_transaction_no_key""
DETAIL:  Key (transaction_no)=() already exists."
RECEIVE,2677,GBT00049,0c668971,ERROR,"duplicate key value violates unique constraint ""core_stocktransaction_transaction_no_key""
DETAIL:  Key (transaction_no)=() already exists."
RECEIVE,2678,GBT00050,0c668972,ERROR,"duplicate key value violates unique constraint ""core_stocktransaction_transaction_no_key""
DETAIL:  Key (transaction_no)=() already exists."
RECEIVE,2679,GBT00051,0c668973,ERROR,"duplicate key value violates unique constraint ""core_stocktransaction_transaction_no_key""
DETAIL:  Key (transaction_no)=() already exists."
RECEIVE,2680,GBT00052,0c668974,ERROR,"duplicate key value violates unique constraint ""core_stocktransaction_transaction_no_key""
DETAIL:  Key (transaction_no)=() already exists."
RECEIVE,2681,GBT00053,0c668975,ERROR,"duplicate key value violates unique constraint ""core_stocktransaction_transaction_no_key""
DETAIL:  Key (transaction_no)=() already exists."
RECEIVE,2682,GBT00054,0c668976,ERROR,"duplicate key value violates unique constraint ""core_stocktransaction_transaction_no_key""
DETAIL:  Key (transaction_no)=() already exists."
RECEIVE,2683,GBT00055,0c668977,ERROR,"duplicate key value violates unique constraint ""core_stocktransaction_transaction_no_key""
DETAIL:  Key (transaction_no)=() already exists."
RECEIVE,2684,GBT00056,0c668978,ERROR,"duplicate key value violates unique constraint ""core_stocktransaction_transaction_no_key""
DETAIL:  Key (transaction_no)=() already exists."
RECEIVE,2685,GBT00057,0c668979,ERROR,"duplicate key value violates unique constraint ""core_stocktransaction_transaction_no_key""
DETAIL:  Key (transaction_no)=() already exists."
RECEIVE,2686,GBT00058,0c668980,ERROR,"duplicate key value violates unique constraint ""core_stocktransaction_transaction_no_key""
DETAIL:  Key (transaction_no)=() already exists."
RECEIVE,2687,GBT00059,0c668981,ERROR,"duplicate key value violates unique constraint ""core_stocktransaction_transaction_no_key""
DETAIL:  Key (transaction_no)=() already exists."
RECEIVE,2688,GBT00060,0c668982,ERROR,"duplicate key value violates unique constraint ""core_stocktransaction_transaction_no_key""
DETAIL:  Key (transaction_no)=() already exists."
RECEIVE,2689,GBT00061,0c668983,ERROR,"duplicate key value violates unique constraint ""core_stocktransaction_transaction_no_key""
DETAIL:  Key (transaction_no)=() already exists."
RECEIVE,2690,GBT00062,0c668984,ERROR,"duplicate key value violates unique constraint ""core_stocktransaction_transaction_no_key""
DETAIL:  Key (transaction_no)=() already exists."
RECEIVE,2691,GBT00063,0c668985,ERROR,"duplicate key value violates unique constraint ""core_stocktransaction_transaction_no_key""
DETAIL:  Key (transaction_no)=() already exists."
RECEIVE,2692,GBT00064,0c668986,ERROR,"duplicate key value violates unique constraint ""core_stocktransaction_transaction_no_key""
DETAIL:  Key (transaction_no)=() already exists."
RECEIVE,2693,GBT00065,0c668987,ERROR,"duplicate key value violates unique constraint ""core_stocktransaction_transaction_no_key""
DETAIL:  Key (transaction_no)=() already exists."
RECEIVE,2694,GBT00066,0c668988,ERROR,"duplicate key value violates unique constraint ""core_stocktransaction_transaction_no_key""
DETAIL:  Key (transaction_no)=() already exists."
RECEIVE,2695,GBT00067,0c668989,ERROR,"duplicate key value violates unique constraint ""core_stocktransaction_transaction_no_key""
DETAIL:  Key (transaction_no)=() already exists."
RECEIVE,2696,GBT00068,0c668990,ERROR,"duplicate key value violates unique constraint ""core_stocktransaction_transaction_no_key""
DETAIL:  Key (transaction_no)=() already exists."
RECEIVE,2697,GBT00069,0c668991,ERROR,"duplicate key value violates unique constraint ""core_stocktransaction_transaction_no_key""
DETAIL:  Key (transaction_no)=() already exists."
RECEIVE,2698,GBT00070,0c668992,ERROR,"duplicate key value violates unique constraint ""core_stocktransaction_transaction_no_key""
DETAIL:  Key (transaction_no)=() already exists."
RECEIVE,2699,GBT00071,0c668993,ERROR,"duplicate key value violates unique constraint ""core_stocktransaction_transaction_no_key""
DETAIL:  Key (transaction_no)=() already exists."
RECEIVE,2700,GBT00073,0c668994,ERROR,"duplicate key value violates unique constraint ""core_stocktransaction_transaction_no_key""
DETAIL:  Key (transaction_no)=() already exists."
RECEIVE,2701,GBT00074,0c668995,ERROR,"duplicate key value violates unique constraint ""core_stocktransaction_transaction_no_key""
DETAIL:  Key (transaction_no)=() already exists."
RECEIVE,2702,GBT00075,0c668996,ERROR,"duplicate key value violates unique constraint ""core_stocktransaction_transaction_no_key""
DETAIL:  Key (transaction_no)=() already exists."
RECEIVE,2703,GBT00076,0c668997,ERROR,"duplicate key value violates unique constraint ""core_stocktransaction_transaction_no_key""
DETAIL:  Key (transaction_no)=() already exists."
RECEIVE,2704,GBT00077,0c668998,ERROR,"duplicate key value violates unique constraint ""core_stocktransaction_transaction_no_key""
DETAIL:  Key (transaction_no)=() already exists."
RECEIVE,2705,GBT00078,0c668999,ERROR,"duplicate key value violates unique constraint ""core_stocktransaction_transaction_no_key""
DETAIL:  Key (transaction_no)=() already exists."
RECEIVE,2706,GBT00079,0c669000,ERROR,"duplicate key value violates unique constraint ""core_stocktransaction_transaction_no_key""
DETAIL:  Key (transaction_no)=() already exists."
RECEIVE,2707,GBT00080,0c669001,ERROR,"duplicate key value violates unique constraint ""core_stocktransaction_transaction_no_key""
DETAIL:  Key (transaction_no)=() already exists."
RECEIVE,2708,GBT00081,0c669002,ERROR,"duplicate key value violates unique constraint ""core_stocktransaction_transaction_no_key""
DETAIL:  Key (transaction_no)=() already exists."
RECEIVE,2709,GBT00082,0c669003,ERROR,"duplicate key value violates unique constraint ""core_stocktransaction_transaction_no_key""
DETAIL:  Key (transaction_no)=() already exists."
RECEIVE,2710,GBT00083,0c669004,ERROR,"duplicate key value violates unique constraint ""core_stocktransaction_transaction_no_key""
DETAIL:  Key (transaction_no)=() already exists."
RECEIVE,2711,GBT00084,0c669005,ERROR,"duplicate key value violates unique constraint ""core_stocktransaction_transaction_no_key""
DETAIL:  Key (transaction_no)=() already exists."
RECEIVE,2712,GBT00085,0c669006,ERROR,"duplicate key value violates unique constraint ""core_stocktransaction_transaction_no_key""
DETAIL:  Key (transaction_no)=() already exists."
RECEIVE,2713,GBT00086,0c669007,ERROR,"duplicate key value violates unique constraint ""core_stocktransaction_transaction_no_key""
DETAIL:  Key (transaction_no)=() already exists."
RECEIVE,2714,GBT00087,0c669008,ERROR,"duplicate key value violates unique constraint ""core_stocktransaction_transaction_no_key""
DETAIL:  Key (transaction_no)=() already exists."
RECEIVE,2715,GBT00088,0c669009,ERROR,"duplicate key value violates unique constraint ""core_stocktransaction_transaction_no_key""
DETAIL:  Key (transaction_no)=() already exists."
RECEIVE,2716,GBT00089,0c669010,ERROR,"duplicate key value violates unique constraint ""core_stocktransaction_transaction_no_key""
DETAIL:  Key (transaction_no)=() already exists."
RECEIVE,2717,GBT00090,0c669011,ERROR,"duplicate key value violates unique constraint ""core_stocktransaction_transaction_no_key""
DETAIL:  Key (transaction_no)=() already exists."
RECEIVE,2718,GBT00091,0c669012,ERROR,"duplicate key value violates unique constraint ""core_stocktransaction_transaction_no_key""
DETAIL:  Key (transaction_no)=() already exists."
RECEIVE,2719,GBT00092,0c669013,ERROR,"duplicate key value violates unique constraint ""core_stocktransaction_transaction_no_key""
DETAIL:  Key (transaction_no)=() already exists."
RECEIVE,2720,GBT00093,0c669014,ERROR,"duplicate key value violates unique constraint ""core_stocktransaction_transaction_no_key""
DETAIL:  Key (transaction_no)=() already exists."
RECEIVE,2721,GBT00094,0c669015,ERROR,"duplicate key value violates unique constraint ""core_stocktransaction_transaction_no_key""
DETAIL:  Key (transaction_no)=() already exists."
RECEIVE,2722,GBT00095,0c669016,ERROR,"duplicate key value violates unique constraint ""core_stocktransaction_transaction_no_key""
DETAIL:  Key (transaction_no)=() already exists."
RECEIVE,2723,GBT00096,0c669017,ERROR,"duplicate key value violates unique constraint ""core_stocktransaction_transaction_no_key""
DETAIL:  Key (transaction_no)=() already exists."
RECEIVE,2724,GBT00098,0c669018,ERROR,"duplicate key value violates unique constraint ""core_stocktransaction_transaction_no_key""
DETAIL:  Key (transaction_no)=() already exists."
RECEIVE,2725,GBT00099,0c669019,ERROR,"duplicate key value violates unique constraint ""core_stocktransaction_transaction_no_key""
DETAIL:  Key (transaction_no)=() already exists."
RECEIVE,2726,GBT00100,0c669020,ERROR,"duplicate key value violates unique constraint ""core_stocktransaction_transaction_no_key""
DETAIL:  Key (transaction_no)=() already exists."
RECEIVE,2727,GBT00101,0c669021,ERROR,"duplicate key value violates unique constraint ""core_stocktransaction_transaction_no_key""
DETAIL:  Key (transaction_no)=() already exists."
RECEIVE,2728,GBT00102,0c669022,ERROR,"duplicate key value violates unique constraint ""core_stocktransaction_transaction_no_key""
DETAIL:  Key (transaction_no)=() already exists."
RECEIVE,2729,GBT00103,0c669023,ERROR,"duplicate key value violates unique constraint ""core_stocktransaction_transaction_no_key""
DETAIL:  Key (transaction_no)=() already exists."
RECEIVE,2730,GBT00104,0c669024,ERROR,"duplicate key value violates unique constraint ""core_stocktransaction_transaction_no_key""
DETAIL:  Key (transaction_no)=() already exists."
RECEIVE,2731,GBT00105,0c669025,ERROR,"duplicate key value violates unique constraint ""core_stocktransaction_transaction_no_key""
DETAIL:  Key (transaction_no)=() already exists."
RECEIVE,2732,GBT00106,0c669026,ERROR,"duplicate key value violates unique constraint ""core_stocktransaction_transaction_no_key""
DETAIL:  Key (transaction_no)=() already exists."
RECEIVE,2733,GBT00107,0c669027,ERROR,"duplicate key value violates unique constraint ""core_stocktransaction_transaction_no_key""
DETAIL:  Key (transaction_no)=() already exists."
RECEIVE,2734,GBT00109,0c669029,ERROR,"duplicate key value violates unique constraint ""core_stocktransaction_transaction_no_key""
DETAIL:  Key (transaction_no)=() already exists."
RECEIVE,2735,GBT00110,0c669030,ERROR,"duplicate key value violates unique constraint ""core_stocktransaction_transaction_no_key""
DETAIL:  Key (transaction_no)=() already exists."
RECEIVE,2736,GBT00111,0c669031,ERROR,"duplicate key value violates unique constraint ""core_stocktransaction_transaction_no_key""
DETAIL:  Key (transaction_no)=() already exists."
RECEIVE,2737,GBT00112,0c669032,ERROR,"duplicate key value violates unique constraint ""core_stocktransaction_transaction_no_key""
DETAIL:  Key (transaction_no)=() already exists."
RECEIVE,2738,GBT00113,0c669033,ERROR,"duplicate key value violates unique constraint ""core_stocktransaction_transaction_no_key""
DETAIL:  Key (transaction_no)=() already exists."
RECEIVE,2739,GBT00114,0c669034,ERROR,"duplicate key value violates unique constraint ""core_stocktransaction_transaction_no_key""
DETAIL:  Key (transaction_no)=() already exists."
RECEIVE,2740,GBT00115,0c669035,ERROR,"duplicate key value violates unique constraint ""core_stocktransaction_transaction_no_key""
DETAIL:  Key (transaction_no)=() already exists."
RECEIVE,2741,GBT00116,0c669036,ERROR,"duplicate key value violates unique constraint ""core_stocktransaction_transaction_no_key""
DETAIL:  Key (transaction_no)=() already exists."
RECEIVE,2742,GBT00117,0c669037,ERROR,"duplicate key value violates unique constraint ""core_stocktransaction_transaction_no_key""
DETAIL:  Key (transaction_no)=() already exists."
RECEIVE,2743,GBT00118,0c669038,ERROR,"duplicate key value violates unique constraint ""core_stocktransaction_transaction_no_key""
DETAIL:  Key (transaction_no)=() already exists."
RECEIVE,2744,GBT00119,0c669039,ERROR,"duplicate key value violates unique constraint ""core_stocktransaction_transaction_no_key""
DETAIL:  Key (transaction_no)=() already exists."
RECEIVE,2745,GBT00120,0c669040,ERROR,"duplicate key value violates unique constraint ""core_stocktransaction_transaction_no_key""
DETAIL:  Key (transaction_no)=() already exists."
RECEIVE,2746,GBT00121,0c669041,ERROR,"duplicate key value violates unique constraint ""core_stocktransaction_transaction_no_key""
DETAIL:  Key (transaction_no)=() already exists."
RECEIVE,2747,GBT00122,0c669042,ERROR,"duplicate key value violates unique constraint ""core_stocktransaction_transaction_no_key""
DETAIL:  Key (transaction_no)=() already exists."
RECEIVE,2748,GBT00123,0c669043,ERROR,"duplicate key value violates unique constraint ""core_stocktransaction_transaction_no_key""
DETAIL:  Key (transaction_no)=() already exists."
RECEIVE,2749,GBT00125,0c669045,ERROR,"duplicate key value violates unique constraint ""core_stocktransaction_transaction_no_key""
DETAIL:  Key (transaction_no)=() already exists."
RECEIVE,2750,GBT00126,0c669046,ERROR,"duplicate key value violates unique constraint ""core_stocktransaction_transaction_no_key""
DETAIL:  Key (transaction_no)=() already exists."
RECEIVE,2751,GBT00127,0c669047,ERROR,"duplicate key value violates unique constraint ""core_stocktransaction_transaction_no_key""
DETAIL:  Key (transaction_no)=() already exists."
RECEIVE,2752,GBT00128,0c669048,ERROR,"duplicate key value violates unique constraint ""core_stocktransaction_transaction_no_key""
DETAIL:  Key (transaction_no)=() already exists."
RECEIVE,2753,GBT00129,0c669049,ERROR,"duplicate key value violates unique constraint ""core_stocktransaction_transaction_no_key""
DETAIL:  Key (transaction_no)=() already exists."
RECEIVE,2754,GBT00130,0c669050,ERROR,"duplicate key value violates unique constraint ""core_stocktransaction_transaction_no_key""
DETAIL:  Key (transaction_no)=() already exists."
RECEIVE,2755,GBT00131,0c669051,ERROR,"duplicate key value violates unique constraint ""core_stocktransaction_transaction_no_key""
DETAIL:  Key (transaction_no)=() already exists."
RECEIVE,2756,GBT00132,0c669052,ERROR,"duplicate key value violates unique constraint ""core_stocktransaction_transaction_no_key""
DETAIL:  Key (transaction_no)=() already exists."
RECEIVE,2757,GBT00133,0c669053,ERROR,"duplicate key value violates unique constraint ""core_stocktransaction_transaction_no_key""
DETAIL:  Key (transaction_no)=() already exists."
RECEIVE,2758,GBT00134,0c669054,ERROR,"duplicate key value violates unique constraint ""core_stocktransaction_transaction_no_key""
DETAIL:  Key (transaction_no)=() already exists."
RECEIVE,2759,GBT00135,0c669055,ERROR,"duplicate key value violates unique constraint ""core_stocktransaction_transaction_no_key""
DETAIL:  Key (transaction_no)=() already exists."
RECEIVE,2760,GBT00136,0c669056,ERROR,"duplicate key value violates unique constraint ""core_stocktransaction_transaction_no_key""
DETAIL:  Key (transaction_no)=() already exists."
RECEIVE,2761,GBT00137,0c669057,ERROR,"duplicate key value violates unique constraint ""core_stocktransaction_transaction_no_key""
DETAIL:  Key (transaction_no)=() already exists."
RECEIVE,2762,GBT00138,0c669058,ERROR,"duplicate key value violates unique constraint ""core_stocktransaction_transaction_no_key""
DETAIL:  Key (transaction_no)=() already exists."
RECEIVE,2763,GBT00139,0c669059,ERROR,"duplicate key value violates unique constraint ""core_stocktransaction_transaction_no_key""
DETAIL:  Key (transaction_no)=() already exists."
RECEIVE,2764,GBT00140,0c669060,ERROR,"duplicate key value violates unique constraint ""core_stocktransaction_transaction_no_key""
DETAIL:  Key (transaction_no)=() already exists."
RECEIVE,2765,GBT00141,0c669061,ERROR,"duplicate key value violates unique constraint ""core_stocktransaction_transaction_no_key""
DETAIL:  Key (transaction_no)=() already exists."
RECEIVE,2766,GBT00143,0c669063,ERROR,"duplicate key value violates unique constraint ""core_stocktransaction_transaction_no_key""
DETAIL:  Key (transaction_no)=() already exists."
RECEIVE,2767,GBT00144,0c669064,ERROR,"duplicate key value violates unique constraint ""core_stocktransaction_transaction_no_key""
DETAIL:  Key (transaction_no)=() already exists."
RECEIVE,2768,GBT00145,0c669065,ERROR,"duplicate key value violates unique constraint ""core_stocktransaction_transaction_no_key""
DETAIL:  Key (transaction_no)=() already exists."
RECEIVE,2769,GBT00146,0c669066,ERROR,"duplicate key value violates unique constraint ""core_stocktransaction_transaction_no_key""
DETAIL:  Key (transaction_no)=() already exists."
RECEIVE,2770,GBT00147,0c669067,ERROR,"duplicate key value violates unique constraint ""core_stocktransaction_transaction_no_key""
DETAIL:  Key (transaction_no)=() already exists."
RECEIVE,2771,GBT00148,0c669068,ERROR,"duplicate key value violates unique constraint ""core_stocktransaction_transaction_no_key""
DETAIL:  Key (transaction_no)=() already exists."
RECEIVE,2772,GBT00149,0c669069,ERROR,"duplicate key value violates unique constraint ""core_stocktransaction_transaction_no_key""
DETAIL:  Key (transaction_no)=() already exists."
RECEIVE,2773,GBT00150,0c669070,ERROR,"duplicate key value violates unique constraint ""core_stocktransaction_transaction_no_key""
DETAIL:  Key (transaction_no)=() already exists."
RECEIVE,2774,GBT00151,0c669071,ERROR,"duplicate key value violates unique constraint ""core_stocktransaction_transaction_no_key""
DETAIL:  Key (transaction_no)=() already exists."
RECEIVE,2775,GBT00152,0c669072,ERROR,"duplicate key value violates unique constraint ""core_stocktransaction_transaction_no_key""
DETAIL:  Key (transaction_no)=() already exists."
RECEIVE,2776,GOR00006,b3b4bcdf,ERROR,"Cannot assign ""<Employee: Employee object (1631703c-cb96-4905-b944-b6be05056b71)>"": ""StockTransaction.created_by"" must be a ""User"" instance."
RECEIVE,2777,GOR00011,ad36d788,ERROR,"Cannot assign ""<Employee: Employee object (1631703c-cb96-4905-b944-b6be05056b71)>"": ""StockTransaction.created_by"" must be a ""User"" instance."
RECEIVE,2778,GOR00012,1e6c0eaa,ERROR,"Cannot assign ""<Employee: Employee object (1631703c-cb96-4905-b944-b6be05056b71)>"": ""StockTransaction.created_by"" must be a ""User"" instance."
RECEIVE,2779,GOR00015,2351df12,ERROR,"Cannot assign ""<Employee: Employee object (1631703c-cb96-4905-b944-b6be05056b71)>"": ""StockTransaction.created_by"" must be a ""User"" instance."
RECEIVE,2780,GOR00016,d736cc06,ERROR,"Cannot assign ""<Employee: Employee object (1631703c-cb96-4905-b944-b6be05056b71)>"": ""StockTransaction.created_by"" must be a ""User"" instance."
RECEIVE,2781,GOR00017,db04858e,ERROR,"Cannot assign ""<Employee: Employee object (1631703c-cb96-4905-b944-b6be05056b71)>"": ""StockTransaction.created_by"" must be a ""User"" instance."
RECEIVE,2782,GOR00018,8137569d,ERROR,"Cannot assign ""<Employee: Employee object (1631703c-cb96-4905-b944-b6be05056b71)>"": ""StockTransaction.created_by"" must be a ""User"" instance."
RECEIVE,2783,GOR00021,40d8eebb,ERROR,"Cannot assign ""<Employee: Employee object (1631703c-cb96-4905-b944-b6be05056b71)>"": ""StockTransaction.created_by"" must be a ""User"" instance."
RECEIVE,2784,GOR00022,1619e3e2,ERROR,"Cannot assign ""<Employee: Employee object (1631703c-cb96-4905-b944-b6be05056b71)>"": ""StockTransaction.created_by"" must be a ""User"" instance."
RECEIVE,2785,GOR00029,0a407cdc,ERROR,"Cannot assign ""<Employee: Employee object (1631703c-cb96-4905-b944-b6be05056b71)>"": ""StockTransaction.created_by"" must be a ""User"" instance."
RECEIVE,2786,GOR00031,95ba1670,ERROR,"Cannot assign ""<Employee: Employee object (1631703c-cb96-4905-b944-b6be05056b71)>"": ""StockTransaction.created_by"" must be a ""User"" instance."
RECEIVE,2787,GOR00041,384983c2,ERROR,"Cannot assign ""<Employee: Employee object (1631703c-cb96-4905-b944-b6be05056b71)>"": ""StockTransaction.created_by"" must be a ""User"" instance."
RECEIVE,2788,GOR00046,b13b5dc2,ERROR,"Cannot assign ""<Employee: Employee object (1631703c-cb96-4905-b944-b6be05056b71)>"": ""StockTransaction.created_by"" must be a ""User"" instance."
RECEIVE,2789,GOR00049,5bb3392e,ERROR,"Cannot assign ""<Employee: Employee object (1631703c-cb96-4905-b944-b6be05056b71)>"": ""StockTransaction.created_by"" must be a ""User"" instance."
RECEIVE,2790,GAFT00022,634a069b,ERROR,"duplicate key value violates unique constraint ""core_stocktransaction_transaction_no_key""
DETAIL:  Key (transaction_no)=() already exists."
RECEIVE,2791,GOVL00003,abb99e00,ERROR,"Cannot assign ""<Employee: Employee object (1631703c-cb96-4905-b944-b6be05056b71)>"": ""StockTransaction.created_by"" must be a ""User"" instance."
RECEIVE,2792,GOVL00002,6cbaed1c,ERROR,"Cannot assign ""<Employee: Employee object (1631703c-cb96-4905-b944-b6be05056b71)>"": ""StockTransaction.created_by"" must be a ""User"" instance."
RECEIVE,2793,GOVL00008,798acd4a,ERROR,"Cannot assign ""<Employee: Employee object (1631703c-cb96-4905-b944-b6be05056b71)>"": ""StockTransaction.created_by"" must be a ""User"" instance."
RECEIVE,2794,GCASTER00002,f5b37f54,ERROR,"Cannot assign ""<Employee: Employee object (10015b5e-30a3-455c-b324-04179eb0f407)>"": ""StockTransaction.created_by"" must be a ""User"" instance."
RECEIVE,2795,GB00063,820fa46d,ERROR,"duplicate key value violates unique constraint ""core_stocktransaction_transaction_no_key""
DETAIL:  Key (transaction_no)=() already exists."
WITHDRAW,2,GEL00044,39da7a70,ERROR,"Cannot assign ""<Employee: Employee object (1631703c-cb96-4905-b944-b6be05056b71)>"": ""StockTransaction.created_by"" must be a ""User"" instance."
WITHDRAW,3,GEL00052,c551adf1,ERROR,"Cannot assign ""<Employee: Employee object (1631703c-cb96-4905-b944-b6be05056b71)>"": ""StockTransaction.created_by"" must be a ""User"" instance."
WITHDRAW,4,GEL00065,80469416,ERROR,"Cannot assign ""<Employee: Employee object (1631703c-cb96-4905-b944-b6be05056b71)>"": ""StockTransaction.created_by"" must be a ""User"" instance."
WITHDRAW,5,GEL00066,f6ff9ccb,ERROR,"duplicate key value violates unique constraint ""core_stocktransaction_transaction_no_key""
DETAIL:  Key (transaction_no)=() already exists."
WITHDRAW,6,GEL00065,619b00a5,ERROR,"duplicate key value violates unique constraint ""core_stocktransaction_transaction_no_key""
DETAIL:  Key (transaction_no)=() already exists."
WITHDRAW,7,GEL00067,c11ba173,ERROR,"duplicate key value violates unique constraint ""core_stocktransaction_transaction_no_key""
DETAIL:  Key (transaction_no)=() already exists."
WITHDRAW,8,GEL00068,5679d616,ERROR,"duplicate key value violates unique constraint ""core_stocktransaction_transaction_no_key""
DETAIL:  Key (transaction_no)=() already exists."
WITHDRAW,9,GEL00044,c159e4ae,ERROR,"duplicate key value violates unique constraint ""core_stocktransaction_transaction_no_key""
DETAIL:  Key (transaction_no)=() already exists."
WITHDRAW,10,GEL00068,66731144,ERROR,"Cannot assign ""<Employee: Employee object (80253475-e6fc-403e-af81-494c2cd4a4db)>"": ""StockTransaction.created_by"" must be a ""User"" instance."
WITHDRAW,11,GEL00065,05dad444,ERROR,"Cannot assign ""<Employee: Employee object (80253475-e6fc-403e-af81-494c2cd4a4db)>"": ""StockTransaction.created_by"" must be a ""User"" instance."
WITHDRAW,12,GEL00067,0f6a5262,ERROR,"Cannot assign ""<Employee: Employee object (80253475-e6fc-403e-af81-494c2cd4a4db)>"": ""StockTransaction.created_by"" must be a ""User"" instance."
WITHDRAW,13,GSR00062,0e260af2,ERROR,"Cannot assign ""<Employee: Employee object (10015b5e-30a3-455c-b324-04179eb0f407)>"": ""StockTransaction.created_by"" must be a ""User"" instance."
WITHDRAW,14,GSR00065,0858ca08,ERROR,"Cannot assign ""<Employee: Employee object (10015b5e-30a3-455c-b324-04179eb0f407)>"": ""StockTransaction.created_by"" must be a ""User"" instance."
WITHDRAW,15,GEL00052,c60553eb,ERROR,"duplicate key value violates unique constraint ""core_stocktransaction_transaction_no_key""
DETAIL:  Key (transaction_no)=() already exists."
WITHDRAW,16,GEL00053,64cc9ceb,ERROR,"duplicate key value violates unique constraint ""core_stocktransaction_transaction_no_key""
DETAIL:  Key (transaction_no)=() already exists."
WITHDRAW,17,GEL00054,e67335f6,ERROR,"duplicate key value violates unique constraint ""core_stocktransaction_transaction_no_key""
DETAIL:  Key (transaction_no)=() already exists."
WITHDRAW,18,GEL00055,942d337e,ERROR,"duplicate key value violates unique constraint ""core_stocktransaction_transaction_no_key""
DETAIL:  Key (transaction_no)=() already exists."
WITHDRAW,19,GEL00056,a2ce028c,ERROR,"duplicate key value violates unique constraint ""core_stocktransaction_transaction_no_key""
DETAIL:  Key (transaction_no)=() already exists."
WITHDRAW,20,GEL00057,88ca03e7,ERROR,"duplicate key value violates unique constraint ""core_stocktransaction_transaction_no_key""
DETAIL:  Key (transaction_no)=() already exists."
WITHDRAW,21,GEL00058,8ef14775,ERROR,"duplicate key value violates unique constraint ""core_stocktransaction_transaction_no_key""
DETAIL:  Key (transaction_no)=() already exists."
WITHDRAW,22,GEL00059,20d121f5,ERROR,"duplicate key value violates unique constraint ""core_stocktransaction_transaction_no_key""
DETAIL:  Key (transaction_no)=() already exists."
WITHDRAW,23,GEL00005,97ae7fca,ERROR,"duplicate key value violates unique constraint ""core_stocktransaction_transaction_no_key""
DETAIL:  Key (transaction_no)=() already exists."
WITHDRAW,24,GEL00002,74e928e0,ERROR,"duplicate key value violates unique constraint ""core_stocktransaction_transaction_no_key""
DETAIL:  Key (transaction_no)=() already exists."
WITHDRAW,25,GEL00001,00b2cdd8,ERROR,"duplicate key value violates unique constraint ""core_stocktransaction_transaction_no_key""
DETAIL:  Key (transaction_no)=() already exists."
WITHDRAW,26,GEL00041,0f698063,ERROR,"Cannot assign ""<Employee: Employee object (1631703c-cb96-4905-b944-b6be05056b71)>"": ""StockTransaction.created_by"" must be a ""User"" instance."
WITHDRAW,27,GEL00053,fd0dc2a7,ERROR,"Cannot assign ""<Employee: Employee object (1631703c-cb96-4905-b944-b6be05056b71)>"": ""StockTransaction.created_by"" must be a ""User"" instance."
WITHDRAW,28,GEL00053,2af6fe68,ERROR,"Cannot assign ""<Employee: Employee object (1631703c-cb96-4905-b944-b6be05056b71)>"": ""StockTransaction.created_by"" must be a ""User"" instance."
WITHDRAW,29,GEL00057,72692d69,ERROR,"Cannot assign ""<Employee: Employee object (1631703c-cb96-4905-b944-b6be05056b71)>"": ""StockTransaction.created_by"" must be a ""User"" instance."
WITHDRAW,30,GEL00058,7ee08367,ERROR,"Cannot assign ""<Employee: Employee object (1631703c-cb96-4905-b944-b6be05056b71)>"": ""StockTransaction.created_by"" must be a ""User"" instance."
WITHDRAW,31,GEL00059,02958df7,ERROR,"Cannot assign ""<Employee: Employee object (1631703c-cb96-4905-b944-b6be05056b71)>"": ""StockTransaction.created_by"" must be a ""User"" instance."
WITHDRAW,32,GEL00055,1e41c586,ERROR,"duplicate key value violates unique constraint ""core_stocktransaction_transaction_no_key""
DETAIL:  Key (transaction_no)=() already exists."
WITHDRAW,33,GEL00004,0d9b3a77,ERROR,"Cannot assign ""<Employee: Employee object (1631703c-cb96-4905-b944-b6be05056b71)>"": ""StockTransaction.created_by"" must be a ""User"" instance."
WITHDRAW,34,GEL00066,30b7b22c,ERROR,"Cannot assign ""<Employee: Employee object (1631703c-cb96-4905-b944-b6be05056b71)>"": ""StockTransaction.created_by"" must be a ""User"" instance."
WITHDRAW,35,GFTT00062,f901f7ec,ERROR,"duplicate key value violates unique constraint ""core_stocktransaction_transaction_no_key""
DETAIL:  Key (transaction_no)=() already exists."
WITHDRAW,36,GFTT00093,2f2e3d85,ERROR,"duplicate key value violates unique constraint ""core_stocktransaction_transaction_no_key""
DETAIL:  Key (transaction_no)=() already exists."
WITHDRAW,37,GSW00026,c5ca80b5,ERROR,"duplicate key value violates unique constraint ""core_stocktransaction_transaction_no_key""
DETAIL:  Key (transaction_no)=() already exists."
WITHDRAW,38,GRY00001,7dd88724,ERROR,"duplicate key value violates unique constraint ""core_stocktransaction_transaction_no_key""
DETAIL:  Key (transaction_no)=() already exists."
WITHDRAW,39,GEL00056,275e08e2,ERROR,"Cannot assign ""<Employee: Employee object (1631703c-cb96-4905-b944-b6be05056b71)>"": ""StockTransaction.created_by"" must be a ""User"" instance."
WITHDRAW,40,GEL00041,a0f493ea,ERROR,"Cannot assign ""<Employee: Employee object (1631703c-cb96-4905-b944-b6be05056b71)>"": ""StockTransaction.created_by"" must be a ""User"" instance."
WITHDRAW,41,GEL00001,8f4bbb5c,ERROR,"Cannot assign ""<Employee: Employee object (1631703c-cb96-4905-b944-b6be05056b71)>"": ""StockTransaction.created_by"" must be a ""User"" instance."
WITHDRAW,42,GFTT00074,462b1ec7,ERROR,"Cannot assign ""<Employee: Employee object (10015b5e-30a3-455c-b324-04179eb0f407)>"": ""StockTransaction.created_by"" must be a ""User"" instance."
WITHDRAW,43,GFTT00090,3c03a203,ERROR,"Cannot assign ""<Employee: Employee object (10015b5e-30a3-455c-b324-04179eb0f407)>"": ""StockTransaction.created_by"" must be a ""User"" instance."
WITHDRAW,44,GBK00005,52f07c90,ERROR,"Cannot assign ""<Employee: Employee object (1631703c-cb96-4905-b944-b6be05056b71)>"": ""StockTransaction.created_by"" must be a ""User"" instance."
WITHDRAW,45,GEL00042,d3428149,ERROR,"Cannot assign ""<Employee: Employee object (10015b5e-30a3-455c-b324-04179eb0f407)>"": ""StockTransaction.created_by"" must be a ""User"" instance."
WITHDRAW,46,GEL00052,c616dee4,ERROR,"Cannot assign ""<Employee: Employee object (1631703c-cb96-4905-b944-b6be05056b71)>"": ""StockTransaction.created_by"" must be a ""User"" instance."
WITHDRAW,47,GFTT00094,a5b7d855,ERROR,"Cannot assign ""<Employee: Employee object (1631703c-cb96-4905-b944-b6be05056b71)>"": ""StockTransaction.created_by"" must be a ""User"" instance."
WITHDRAW,48,GEL00002,d3eb4e50,ERROR,"Cannot assign ""<Employee: Employee object (1631703c-cb96-4905-b944-b6be05056b71)>"": ""StockTransaction.created_by"" must be a ""User"" instance."
WITHDRAW,49,GPLUG00009,b1cc8ba7,ERROR,"Cannot assign ""<Employee: Employee object (1631703c-cb96-4905-b944-b6be05056b71)>"": ""StockTransaction.created_by"" must be a ""User"" instance."
WITHDRAW,50,GPLUG00001,291ffd1a,ERROR,"Cannot assign ""<Employee: Employee object (1631703c-cb96-4905-b944-b6be05056b71)>"": ""StockTransaction.created_by"" must be a ""User"" instance."
WITHDRAW,51,GFTT00093,0bc134ba,ERROR,"Cannot assign ""<Employee: Employee object (1631703c-cb96-4905-b944-b6be05056b71)>"": ""StockTransaction.created_by"" must be a ""User"" instance."
WITHDRAW,52,GEL00001,633f4a1a,ERROR,"duplicate key value violates unique constraint ""core_stocktransaction_transaction_no_key""
DETAIL:  Key (transaction_no)=() already exists."
WITHDRAW,53,GMNP00013,ba4b1416,ERROR,"Cannot assign ""<Employee: Employee object (1631703c-cb96-4905-b944-b6be05056b71)>"": ""StockTransaction.created_by"" must be a ""User"" instance."
WITHDRAW,54,GMNP00002,c014351f,ERROR,"Cannot assign ""<Employee: Employee object (1631703c-cb96-4905-b944-b6be05056b71)>"": ""StockTransaction.created_by"" must be a ""User"" instance."
WITHDRAW,55,GRY00007,e2b24246,ERROR,"Cannot assign ""<Employee: Employee object (1631703c-cb96-4905-b944-b6be05056b71)>"": ""StockTransaction.created_by"" must be a ""User"" instance."
WITHDRAW,56,GRY00012,d175ee0b,ERROR,"Cannot assign ""<Employee: Employee object (1631703c-cb96-4905-b944-b6be05056b71)>"": ""StockTransaction.created_by"" must be a ""User"" instance."
WITHDRAW,57,GSR00195,70c7e9b0,ERROR,"Cannot assign ""<Employee: Employee object (1631703c-cb96-4905-b944-b6be05056b71)>"": ""StockTransaction.created_by"" must be a ""User"" instance."
WITHDRAW,58,GBTR00003,f126b5af,ERROR,"Cannot assign ""<Employee: Employee object (1631703c-cb96-4905-b944-b6be05056b71)>"": ""StockTransaction.created_by"" must be a ""User"" instance."
WITHDRAW,59,GPLUG00009,d74eae55,ERROR,"Cannot assign ""<Employee: Employee object (1631703c-cb96-4905-b944-b6be05056b71)>"": ""StockTransaction.created_by"" must be a ""User"" instance."
WITHDRAW,60,GPLUG00001,0f008eaa,ERROR,"Cannot assign ""<Employee: Employee object (1631703c-cb96-4905-b944-b6be05056b71)>"": ""StockTransaction.created_by"" must be a ""User"" instance."
WITHDRAW,61,GPLUG00002,aa9a9377,ERROR,"Cannot assign ""<Employee: Employee object (1631703c-cb96-4905-b944-b6be05056b71)>"": ""StockTransaction.created_by"" must be a ""User"" instance."
WITHDRAW,62,GPLUG00003-A,a8010755,ERROR,"Cannot assign ""<Employee: Employee object (1631703c-cb96-4905-b944-b6be05056b71)>"": ""StockTransaction.created_by"" must be a ""User"" instance."
WITHDRAW,63,GPLUG00004,9c3c2b39,ERROR,"Cannot assign ""<Employee: Employee object (1631703c-cb96-4905-b944-b6be05056b71)>"": ""StockTransaction.created_by"" must be a ""User"" instance."
WITHDRAW,64,GEL00001,8a936caf,ERROR,"Cannot assign ""<Employee: Employee object (1631703c-cb96-4905-b944-b6be05056b71)>"": ""StockTransaction.created_by"" must be a ""User"" instance."
WITHDRAW,65,GFTT00119,54e1abee,ERROR,"duplicate key value violates unique constraint ""core_stocktransaction_transaction_no_key""
DETAIL:  Key (transaction_no)=() already exists."
WITHDRAW,66,GIVT00001,e83677e0,ERROR,"Cannot assign ""<Employee: Employee object (1631703c-cb96-4905-b944-b6be05056b71)>"": ""StockTransaction.created_by"" must be a ""User"" instance."
WITHDRAW,67,GOVL00015,06b913c0,ERROR,"duplicate key value violates unique constraint ""core_stocktransaction_transaction_no_key""
DETAIL:  Key (transaction_no)=() already exists."
WITHDRAW,68,GMNT00004,567d5ace,ERROR,"duplicate key value violates unique constraint ""core_stocktransaction_transaction_no_key""
DETAIL:  Key (transaction_no)=() already exists."
WITHDRAW,69,GMNT00004,787079de,ERROR,"duplicate key value violates unique constraint ""core_stocktransaction_transaction_no_key""
DETAIL:  Key (transaction_no)=() already exists."
WITHDRAW,70,GRY00018,8110dd2f,ERROR,"Cannot assign ""<Employee: Employee object (4d74f0c8-3c17-4150-a075-68bcf8d628c7)>"": ""StockTransaction.created_by"" must be a ""User"" instance."
WITHDRAW,71,GCNT00026,ba66708e,ERROR,"Cannot assign ""<Employee: Employee object (1631703c-cb96-4905-b944-b6be05056b71)>"": ""StockTransaction.created_by"" must be a ""User"" instance."
WITHDRAW,72,GPP00023,8548a054,ERROR,"Cannot assign ""<Employee: Employee object (1631703c-cb96-4905-b944-b6be05056b71)>"": ""StockTransaction.created_by"" must be a ""User"" instance."
WITHDRAW,73,GPLUG00003,c6465984,ERROR,"Cannot assign ""<Employee: Employee object (1631703c-cb96-4905-b944-b6be05056b71)>"": ""StockTransaction.created_by"" must be a ""User"" instance."
WITHDRAW,74,GPLUG00009,1b0a2aa5,ERROR,"Cannot assign ""<Employee: Employee object (1631703c-cb96-4905-b944-b6be05056b71)>"": ""StockTransaction.created_by"" must be a ""User"" instance."
WITHDRAW,75,GPLUG00004,9dddef94,ERROR,"Cannot assign ""<Employee: Employee object (1631703c-cb96-4905-b944-b6be05056b71)>"": ""StockTransaction.created_by"" must be a ""User"" instance."
WITHDRAW,76,GEL00018,82b96b8b,ERROR,"Cannot assign ""<Employee: Employee object (10015b5e-30a3-455c-b324-04179eb0f407)>"": ""StockTransaction.created_by"" must be a ""User"" instance."
WITHDRAW,77,GRY00007,ee97c430,ERROR,"Cannot assign ""<Employee: Employee object (1631703c-cb96-4905-b944-b6be05056b71)>"": ""StockTransaction.created_by"" must be a ""User"" instance."
WITHDRAW,78,GEL00004,a193a747,ERROR,"duplicate key value violates unique constraint ""core_stocktransaction_transaction_no_key""
DETAIL:  Key (transaction_no)=() already exists."
WITHDRAW,79,GPAK00030,89ab5f2a,ERROR,"duplicate key value violates unique constraint ""core_stocktransaction_transaction_no_key""
DETAIL:  Key (transaction_no)=() already exists."
WITHDRAW,80,GB00028,619af8a4,ERROR,"duplicate key value violates unique constraint ""core_stocktransaction_transaction_no_key""
DETAIL:  Key (transaction_no)=() already exists."
WITHDRAW,81,GSR00049,ffcb437b,ERROR,"duplicate key value violates unique constraint ""core_stocktransaction_transaction_no_key""
DETAIL:  Key (transaction_no)=() already exists."
WITHDRAW,82,GRY00001,f220adb7,ERROR,"duplicate key value violates unique constraint ""core_stocktransaction_transaction_no_key""
DETAIL:  Key (transaction_no)=() already exists."
WITHDRAW,83,GEL00065,5d46dd95,ERROR,"duplicate key value violates unique constraint ""core_stocktransaction_transaction_no_key""
DETAIL:  Key (transaction_no)=() already exists."
WITHDRAW,84,GFTT00018,907432b9,ERROR,"duplicate key value violates unique constraint ""core_stocktransaction_transaction_no_key""
DETAIL:  Key (transaction_no)=() already exists."
WITHDRAW,85,GEL00066,a3c850c9,ERROR,"duplicate key value violates unique constraint ""core_stocktransaction_transaction_no_key""
DETAIL:  Key (transaction_no)=() already exists."
WITHDRAW,86,GEL00067,30b1d3b0,ERROR,"duplicate key value violates unique constraint ""core_stocktransaction_transaction_no_key""
DETAIL:  Key (transaction_no)=() already exists."
WITHDRAW,87,GEL00068,16841d6c,ERROR,"duplicate key value violates unique constraint ""core_stocktransaction_transaction_no_key""
DETAIL:  Key (transaction_no)=() already exists."
WITHDRAW,88,GEL00053,6ff33e14,ERROR,"Cannot assign ""<Employee: Employee object (1631703c-cb96-4905-b944-b6be05056b71)>"": ""StockTransaction.created_by"" must be a ""User"" instance."
WITHDRAW,89,GFTT00092,4b3c36e5,ERROR,"Cannot assign ""<Employee: Employee object (10015b5e-30a3-455c-b324-04179eb0f407)>"": ""StockTransaction.created_by"" must be a ""User"" instance."
WITHDRAW,90,GFTT00091,be47276f,ERROR,"Cannot assign ""<Employee: Employee object (10015b5e-30a3-455c-b324-04179eb0f407)>"": ""StockTransaction.created_by"" must be a ""User"" instance."
WITHDRAW,91,GPS00009,a05ffa03,ERROR,"Cannot assign ""<Employee: Employee object (1631703c-cb96-4905-b944-b6be05056b71)>"": ""StockTransaction.created_by"" must be a ""User"" instance."
WITHDRAW,92,GEL00062,3deace25,ERROR,"duplicate key value violates unique constraint ""core_stocktransaction_transaction_no_key""
DETAIL:  Key (transaction_no)=() already exists."
WITHDRAW,93,GLA00001,08eb17f4,ERROR,"duplicate key value violates unique constraint ""core_stocktransaction_transaction_no_key""
DETAIL:  Key (transaction_no)=() already exists."
WITHDRAW,94,GEL00068,da4eac8a,ERROR,"duplicate key value violates unique constraint ""core_stocktransaction_transaction_no_key""
DETAIL:  Key (transaction_no)=() already exists."
WITHDRAW,95,GFTT00078,eaa56f00,ERROR,"duplicate key value violates unique constraint ""core_stocktransaction_transaction_no_key""
DETAIL:  Key (transaction_no)=() already exists."
WITHDRAW,96,GMNP00044,d83165b6,ERROR,"duplicate key value violates unique constraint ""core_stocktransaction_transaction_no_key""
DETAIL:  Key (transaction_no)=() already exists."
WITHDRAW,97,GSR00060,ca5a3b5d,ERROR,"Cannot assign ""<Employee: Employee object (1631703c-cb96-4905-b944-b6be05056b71)>"": ""StockTransaction.created_by"" must be a ""User"" instance."
WITHDRAW,98,GBOX00006,2e21f0ba,ERROR,"Cannot assign ""<Employee: Employee object (1631703c-cb96-4905-b944-b6be05056b71)>"": ""StockTransaction.created_by"" must be a ""User"" instance."
WITHDRAW,99,GLA00003,092afff7,ERROR,"Cannot assign ""<Employee: Employee object (1631703c-cb96-4905-b944-b6be05056b71)>"": ""StockTransaction.created_by"" must be a ""User"" instance."
WITHDRAW,100,GLABIG00002,03e8d5db,ERROR,"Cannot assign ""<Employee: Employee object (1631703c-cb96-4905-b944-b6be05056b71)>"": ""StockTransaction.created_by"" must be a ""User"" instance."
WITHDRAW,101,GMSDS00002,cbecd3e5,ERROR,"duplicate key value violates unique constraint ""core_stocktransaction_transaction_no_key""
DETAIL:  Key (transaction_no)=() already exists."
WITHDRAW,102,GRY00007,c804a127,ERROR,"Cannot assign ""<Employee: Employee object (1631703c-cb96-4905-b944-b6be05056b71)>"": ""StockTransaction.created_by"" must be a ""User"" instance."
WITHDRAW,103,GEL00065,4a0f671f,ERROR,"duplicate key value violates unique constraint ""core_stocktransaction_transaction_no_key""
DETAIL:  Key (transaction_no)=() already exists."
WITHDRAW,104,GRY00012,50b53137,ERROR,"Cannot assign ""<Employee: Employee object (1631703c-cb96-4905-b944-b6be05056b71)>"": ""StockTransaction.created_by"" must be a ""User"" instance."
WITHDRAW,105,GLA00039,c622c543,ERROR,"duplicate key value violates unique constraint ""core_stocktransaction_transaction_no_key""
DETAIL:  Key (transaction_no)=() already exists."
WITHDRAW,106,GBK00033,dc6a338e,ERROR,"duplicate key value violates unique constraint ""core_stocktransaction_transaction_no_key""
DETAIL:  Key (transaction_no)=() already exists."
WITHDRAW,107,GLA00016,2dffb1d6,ERROR,"duplicate key value violates unique constraint ""core_stocktransaction_transaction_no_key""
DETAIL:  Key (transaction_no)=() already exists."
WITHDRAW,108,GLA00039,1a1caa37,ERROR,"duplicate key value violates unique constraint ""core_stocktransaction_transaction_no_key""
DETAIL:  Key (transaction_no)=() already exists."
WITHDRAW,109,NCABLE00010,bcb9cbd4,SKIP,amount <= 0
WITHDRAW,110,GEL00041,5ab0c27f,ERROR,"Cannot assign ""<Employee: Employee object (1631703c-cb96-4905-b944-b6be05056b71)>"": ""StockTransaction.created_by"" must be a ""User"" instance."
WITHDRAW,111,GCNT00020,48989086,ERROR,"Cannot assign ""<Employee: Employee object (1631703c-cb96-4905-b944-b6be05056b71)>"": ""StockTransaction.created_by"" must be a ""User"" instance."
WITHDRAW,112,GMMS00016,356a7988,ERROR,"duplicate key value violates unique constraint ""core_stocktransaction_transaction_no_key""
DETAIL:  Key (transaction_no)=() already exists."
WITHDRAW,113,GEL00040,3c195e24,ERROR,"Cannot assign ""<Employee: Employee object (1631703c-cb96-4905-b944-b6be05056b71)>"": ""StockTransaction.created_by"" must be a ""User"" instance."
WITHDRAW,114,GEL00001,5b8ce8b2,ERROR,"duplicate key value violates unique constraint ""core_stocktransaction_transaction_no_key""
DETAIL:  Key (transaction_no)=() already exists."
WITHDRAW,115,GPS00002,c4807e39,ERROR,"Cannot assign ""<Employee: Employee object (1631703c-cb96-4905-b944-b6be05056b71)>"": ""StockTransaction.created_by"" must be a ""User"" instance."
WITHDRAW,116,GBK00044,9e69beb2,ERROR,"Cannot assign ""<Employee: Employee object (1631703c-cb96-4905-b944-b6be05056b71)>"": ""StockTransaction.created_by"" must be a ""User"" instance."
WITHDRAW,117,GLA00019,f2890141,ERROR,"Cannot assign ""<Employee: Employee object (1631703c-cb96-4905-b944-b6be05056b71)>"": ""StockTransaction.created_by"" must be a ""User"" instance."
WITHDRAW,119,GLA00002,7093925d,ERROR,"Cannot assign ""<Employee: Employee object (1631703c-cb96-4905-b944-b6be05056b71)>"": ""StockTransaction.created_by"" must be a ""User"" instance."
WITHDRAW,120,GPLUG00001,c40d6862,ERROR,"Cannot assign ""<Employee: Employee object (1631703c-cb96-4905-b944-b6be05056b71)>"": ""StockTransaction.created_by"" must be a ""User"" instance."
WITHDRAW,121,GPLUG00003-A,74b21715,ERROR,"Cannot assign ""<Employee: Employee object (1631703c-cb96-4905-b944-b6be05056b71)>"": ""StockTransaction.created_by"" must be a ""User"" instance."
WITHDRAW,122,GPLUG00004,527dc06a,ERROR,"Cannot assign ""<Employee: Employee object (1631703c-cb96-4905-b944-b6be05056b71)>"": ""StockTransaction.created_by"" must be a ""User"" instance."
WITHDRAW,123,GPLUG00009,17208f85,ERROR,"Cannot assign ""<Employee: Employee object (1631703c-cb96-4905-b944-b6be05056b71)>"": ""StockTransaction.created_by"" must be a ""User"" instance."
WITHDRAW,124,GIVT00005,649c0b11,ERROR,"Cannot assign ""<Employee: Employee object (1631703c-cb96-4905-b944-b6be05056b71)>"": ""StockTransaction.created_by"" must be a ""User"" instance."
WITHDRAW,125,GB00064,ce5f8502,ERROR,"duplicate key value violates unique constraint ""core_stocktransaction_transaction_no_key""
DETAIL:  Key (transaction_no)=() already exists."
WITHDRAW,126,GMSDS00002,601ec279,ERROR,"Cannot assign ""<Employee: Employee object (1631703c-cb96-4905-b944-b6be05056b71)>"": ""StockTransaction.created_by"" must be a ""User"" instance."
WITHDRAW,127,GSR00112,d03f63ab,ERROR,"Cannot assign ""<Employee: Employee object (10015b5e-30a3-455c-b324-04179eb0f407)>"": ""StockTransaction.created_by"" must be a ""User"" instance."
WITHDRAW,128,GRY00058,e35e0223,ERROR,"Cannot assign ""<Employee: Employee object (10015b5e-30a3-455c-b324-04179eb0f407)>"": ""StockTransaction.created_by"" must be a ""User"" instance."
WITHDRAW,129,GFTT00077,ed0dd016,ERROR,"Cannot assign ""<Employee: Employee object (1631703c-cb96-4905-b944-b6be05056b71)>"": ""StockTransaction.created_by"" must be a ""User"" instance."
WITHDRAW,130,GFTT00078,aa2565df,ERROR,"Cannot assign ""<Employee: Employee object (1631703c-cb96-4905-b944-b6be05056b71)>"": ""StockTransaction.created_by"" must be a ""User"" instance."
WITHDRAW,131,GFTT00074,a6c24a0d,ERROR,"duplicate key value violates unique constraint ""core_stocktransaction_transaction_no_key""
DETAIL:  Key (transaction_no)=() already exists."
WITHDRAW,132,GCTTM00027,24d79d93,ERROR,"duplicate key value violates unique constraint ""core_stocktransaction_transaction_no_key""
DETAIL:  Key (transaction_no)=() already exists."
WITHDRAW,133,GMMS00034,e504f158,ERROR,"duplicate key value violates unique constraint ""core_stocktransaction_transaction_no_key""
DETAIL:  Key (transaction_no)=() already exists."
WITHDRAW,134,GPS00002,7a8f1764,ERROR,"duplicate key value violates unique constraint ""core_stocktransaction_transaction_no_key""
DETAIL:  Key (transaction_no)=() already exists."
WITHDRAW,135,GRY00038,da72eaaf,ERROR,"Cannot assign ""<Employee: Employee object (10015b5e-30a3-455c-b324-04179eb0f407)>"": ""StockTransaction.created_by"" must be a ""User"" instance."
WITHDRAW,136,GFTT00117,12206a15,ERROR,"duplicate key value violates unique constraint ""core_stocktransaction_transaction_no_key""
DETAIL:  Key (transaction_no)=() already exists."
WITHDRAW,137,GFTT00079,fa585733,ERROR,"duplicate key value violates unique constraint ""core_stocktransaction_transaction_no_key""
DETAIL:  Key (transaction_no)=() already exists."
WITHDRAW,138,GEL00065,d74022b7,ERROR,"Cannot assign ""<Employee: Employee object (1631703c-cb96-4905-b944-b6be05056b71)>"": ""StockTransaction.created_by"" must be a ""User"" instance."
WITHDRAW,139,GEL00066,2037c930,ERROR,"Cannot assign ""<Employee: Employee object (1631703c-cb96-4905-b944-b6be05056b71)>"": ""StockTransaction.created_by"" must be a ""User"" instance."
WITHDRAW,140,GEL00067,1ea7c361,ERROR,"Cannot assign ""<Employee: Employee object (1631703c-cb96-4905-b944-b6be05056b71)>"": ""StockTransaction.created_by"" must be a ""User"" instance."
WITHDRAW,141,GEL00068,a9e6b8c3,ERROR,"Cannot assign ""<Employee: Employee object (1631703c-cb96-4905-b944-b6be05056b71)>"": ""StockTransaction.created_by"" must be a ""User"" instance."
WITHDRAW,142,GSLN00055,cfadc838,ERROR,"duplicate key value violates unique constraint ""core_stocktransaction_transaction_no_key""
DETAIL:  Key (transaction_no)=() already exists."
WITHDRAW,143,GSLN00028,bf64f528,ERROR,"duplicate key value violates unique constraint ""core_stocktransaction_transaction_no_key""
DETAIL:  Key (transaction_no)=() already exists."
WITHDRAW,144,GEL00001,37e9eab3,ERROR,"duplicate key value violates unique constraint ""core_stocktransaction_transaction_no_key""
DETAIL:  Key (transaction_no)=() already exists."
WITHDRAW,145,GFTT00048,29f11fd5,ERROR,"duplicate key value violates unique constraint ""core_stocktransaction_transaction_no_key""
DETAIL:  Key (transaction_no)=() already exists."
WITHDRAW,146,GLA00050,6a98f6ca,ERROR,"Cannot assign ""<Employee: Employee object (10015b5e-30a3-455c-b324-04179eb0f407)>"": ""StockTransaction.created_by"" must be a ""User"" instance."
WITHDRAW,147,GAFT00010,6dfc53b6,ERROR,"Cannot assign ""<Employee: Employee object (10015b5e-30a3-455c-b324-04179eb0f407)>"": ""StockTransaction.created_by"" must be a ""User"" instance."
WITHDRAW,148,GAFT00029,73069969,ERROR,"Cannot assign ""<Employee: Employee object (10015b5e-30a3-455c-b324-04179eb0f407)>"": ""StockTransaction.created_by"" must be a ""User"" instance."
WITHDRAW,149,GAFT00028,7b18b5af,ERROR,"Cannot assign ""<Employee: Employee object (10015b5e-30a3-455c-b324-04179eb0f407)>"": ""StockTransaction.created_by"" must be a ""User"" instance."
WITHDRAW,150,GAFT00025,33a81179,ERROR,"Cannot assign ""<Employee: Employee object (10015b5e-30a3-455c-b324-04179eb0f407)>"": ""StockTransaction.created_by"" must be a ""User"" instance."
WITHDRAW,151,GAFT00021,22031c68,ERROR,"Cannot assign ""<Employee: Employee object (10015b5e-30a3-455c-b324-04179eb0f407)>"": ""StockTransaction.created_by"" must be a ""User"" instance."
WITHDRAW,152,GAFT00033,ea7bae95,ERROR,"Cannot assign ""<Employee: Employee object (10015b5e-30a3-455c-b324-04179eb0f407)>"": ""StockTransaction.created_by"" must be a ""User"" instance."
WITHDRAW,153,GAFT00033,ed67e6de,ERROR,"Cannot assign ""<Employee: Employee object (10015b5e-30a3-455c-b324-04179eb0f407)>"": ""StockTransaction.created_by"" must be a ""User"" instance."
WITHDRAW,154,GIVT00027,c35ed1c7,ERROR,"Cannot assign ""<Employee: Employee object (10015b5e-30a3-455c-b324-04179eb0f407)>"": ""StockTransaction.created_by"" must be a ""User"" instance."
WITHDRAW,155,GLA00020,57c665d2,ERROR,"Cannot assign ""<Employee: Employee object (10015b5e-30a3-455c-b324-04179eb0f407)>"": ""StockTransaction.created_by"" must be a ""User"" instance."
WITHDRAW,156,GLA00022,8af1b7b7,ERROR,"Cannot assign ""<Employee: Employee object (10015b5e-30a3-455c-b324-04179eb0f407)>"": ""StockTransaction.created_by"" must be a ""User"" instance."
WITHDRAW,157,GLA00013,56e2a11d,ERROR,"Cannot assign ""<Employee: Employee object (10015b5e-30a3-455c-b324-04179eb0f407)>"": ""StockTransaction.created_by"" must be a ""User"" instance."
WITHDRAW,158,GLA00010,4565d891,ERROR,"Cannot assign ""<Employee: Employee object (10015b5e-30a3-455c-b324-04179eb0f407)>"": ""StockTransaction.created_by"" must be a ""User"" instance."
WITHDRAW,159,GLA00016,82c8f6c4,ERROR,"Cannot assign ""<Employee: Employee object (10015b5e-30a3-455c-b324-04179eb0f407)>"": ""StockTransaction.created_by"" must be a ""User"" instance."
WITHDRAW,160,GLA00016,c464cd6f,ERROR,"Cannot assign ""<Employee: Employee object (10015b5e-30a3-455c-b324-04179eb0f407)>"": ""StockTransaction.created_by"" must be a ""User"" instance."
WITHDRAW,161,GLA00023,12405565,ERROR,"Cannot assign ""<Employee: Employee object (10015b5e-30a3-455c-b324-04179eb0f407)>"": ""StockTransaction.created_by"" must be a ""User"" instance."
WITHDRAW,162,GLA00033,091a08a6,ERROR,"Cannot assign ""<Employee: Employee object (10015b5e-30a3-455c-b324-04179eb0f407)>"": ""StockTransaction.created_by"" must be a ""User"" instance."
WITHDRAW,163,GLA00034,e97aac1a,ERROR,"Cannot assign ""<Employee: Employee object (10015b5e-30a3-455c-b324-04179eb0f407)>"": ""StockTransaction.created_by"" must be a ""User"" instance."
WITHDRAW,164,GLA00035,93d21458,ERROR,"Cannot assign ""<Employee: Employee object (10015b5e-30a3-455c-b324-04179eb0f407)>"": ""StockTransaction.created_by"" must be a ""User"" instance."
WITHDRAW,165,GLA00036,a50fc96b,ERROR,"Cannot assign ""<Employee: Employee object (10015b5e-30a3-455c-b324-04179eb0f407)>"": ""StockTransaction.created_by"" must be a ""User"" instance."
WITHDRAW,166,GLA00039,7b94c968,ERROR,"Cannot assign ""<Employee: Employee object (10015b5e-30a3-455c-b324-04179eb0f407)>"": ""StockTransaction.created_by"" must be a ""User"" instance."
WITHDRAW,167,GLA00050,afe12c2b,ERROR,"Cannot assign ""<Employee: Employee object (10015b5e-30a3-455c-b324-04179eb0f407)>"": ""StockTransaction.created_by"" must be a ""User"" instance."
WITHDRAW,168,GLA00022,e6d0460a,ERROR,"Cannot assign ""<Employee: Employee object (1631703c-cb96-4905-b944-b6be05056b71)>"": ""StockTransaction.created_by"" must be a ""User"" instance."
WITHDRAW,169,GFTT00056,85b4f444,ERROR,"duplicate key value violates unique constraint ""core_stocktransaction_transaction_no_key""
DETAIL:  Key (transaction_no)=() already exists."
WITHDRAW,170,GFTT00053,11ceaba0,ERROR,"duplicate key value violates unique constraint ""core_stocktransaction_transaction_no_key""
DETAIL:  Key (transaction_no)=() already exists."
WITHDRAW,171,GCNT00020,b5cb47a9,ERROR,"Cannot assign ""<Employee: Employee object (1631703c-cb96-4905-b944-b6be05056b71)>"": ""StockTransaction.created_by"" must be a ""User"" instance."
WITHDRAW,172,GFTT00112,db8b16d7,ERROR,"duplicate key value violates unique constraint ""core_stocktransaction_transaction_no_key""
DETAIL:  Key (transaction_no)=() already exists."
WITHDRAW,173,GFTT00052,af02a277,ERROR,"duplicate key value violates unique constraint ""core_stocktransaction_transaction_no_key""
DETAIL:  Key (transaction_no)=() already exists."
WITHDRAW,174,GBOX00006,e6c53892,ERROR,"Cannot assign ""<Employee: Employee object (10015b5e-30a3-455c-b324-04179eb0f407)>"": ""StockTransaction.created_by"" must be a ""User"" instance."
WITHDRAW,175,GRY00001,4de09e17,ERROR,"Cannot assign ""<Employee: Employee object (10015b5e-30a3-455c-b324-04179eb0f407)>"": ""StockTransaction.created_by"" must be a ""User"" instance."
WITHDRAW,176,GRY00007,7c994e82,ERROR,"Cannot assign ""<Employee: Employee object (10015b5e-30a3-455c-b324-04179eb0f407)>"": ""StockTransaction.created_by"" must be a ""User"" instance."
WITHDRAW,177,GRY00015,d822411c,ERROR,"duplicate key value violates unique constraint ""core_stocktransaction_transaction_no_key""
DETAIL:  Key (transaction_no)=() already exists."
WITHDRAW,178,GFTT00053,8498e8d2,ERROR,"duplicate key value violates unique constraint ""core_stocktransaction_transaction_no_key""
DETAIL:  Key (transaction_no)=() already exists."
WITHDRAW,179,GFTT00099,b2fb00d6,ERROR,"duplicate key value violates unique constraint ""core_stocktransaction_transaction_no_key""
DETAIL:  Key (transaction_no)=() already exists."
WITHDRAW,180,GFTT00083,a50e8cee,ERROR,"duplicate key value violates unique constraint ""core_stocktransaction_transaction_no_key""
DETAIL:  Key (transaction_no)=() already exists."
WITHDRAW,181,GFTT00095,f6364684,ERROR,"duplicate key value violates unique constraint ""core_stocktransaction_transaction_no_key""
DETAIL:  Key (transaction_no)=() already exists."
WITHDRAW,182,GB00035,064a0bc6,ERROR,"duplicate key value violates unique constraint ""core_stocktransaction_transaction_no_key""
DETAIL:  Key (transaction_no)=() already exists."
WITHDRAW,183,GMT00014,77a27475,ERROR,"duplicate key value violates unique constraint ""core_stocktransaction_transaction_no_key""
DETAIL:  Key (transaction_no)=() already exists."
WITHDRAW,184,GSR00060,e9c86fdc,ERROR,"duplicate key value violates unique constraint ""core_stocktransaction_transaction_no_key""
DETAIL:  Key (transaction_no)=() already exists."
WITHDRAW,185,GSW00001,6e4d2013,ERROR,"duplicate key value violates unique constraint ""core_stocktransaction_transaction_no_key""
DETAIL:  Key (transaction_no)=() already exists."
WITHDRAW,186,GSW00002,05b50d88,ERROR,"duplicate key value violates unique constraint ""core_stocktransaction_transaction_no_key""
DETAIL:  Key (transaction_no)=() already exists."
WITHDRAW,187,GSW00026,38dd9228,ERROR,"Cannot assign ""<Employee: Employee object (1631703c-cb96-4905-b944-b6be05056b71)>"": ""StockTransaction.created_by"" must be a ""User"" instance."
WITHDRAW,188,GBK00032,3ad90d49,ERROR,"Cannot assign ""<Employee: Employee object (1631703c-cb96-4905-b944-b6be05056b71)>"": ""StockTransaction.created_by"" must be a ""User"" instance."
WITHDRAW,189,GBT00071,629bdbbe,ERROR,"duplicate key value violates unique constraint ""core_stocktransaction_transaction_no_key""
DETAIL:  Key (transaction_no)=() already exists."
WITHDRAW,190,GEL00001,3b6d0fb5,ERROR,"Cannot assign ""<Employee: Employee object (10015b5e-30a3-455c-b324-04179eb0f407)>"": ""StockTransaction.created_by"" must be a ""User"" instance."
WITHDRAW,191,GEL00065,2115661a,ERROR,"Cannot assign ""<Employee: Employee object (10015b5e-30a3-455c-b324-04179eb0f407)>"": ""StockTransaction.created_by"" must be a ""User"" instance."
WITHDRAW,192,GEL00066,735d758d,ERROR,"Cannot assign ""<Employee: Employee object (10015b5e-30a3-455c-b324-04179eb0f407)>"": ""StockTransaction.created_by"" must be a ""User"" instance."
WITHDRAW,193,GEL00067,a558c09f,ERROR,"Cannot assign ""<Employee: Employee object (10015b5e-30a3-455c-b324-04179eb0f407)>"": ""StockTransaction.created_by"" must be a ""User"" instance."
WITHDRAW,194,GEL00068,277ffd51,ERROR,"Cannot assign ""<Employee: Employee object (10015b5e-30a3-455c-b324-04179eb0f407)>"": ""StockTransaction.created_by"" must be a ""User"" instance."
WITHDRAW,195,GEL00068,9ab9706a,ERROR,"duplicate key value violates unique constraint ""core_stocktransaction_transaction_no_key""
DETAIL:  Key (transaction_no)=() already exists."
WITHDRAW,196,GEL00002,b1967d78,ERROR,"duplicate key value violates unique constraint ""core_stocktransaction_transaction_no_key""
DETAIL:  Key (transaction_no)=() already exists."
WITHDRAW,197,GB00064,cf7455b4,ERROR,"Cannot assign ""<Employee: Employee object (10015b5e-30a3-455c-b324-04179eb0f407)>"": ""StockTransaction.created_by"" must be a ""User"" instance."
WITHDRAW,198,GDWG00009,085826ad,ERROR,"Cannot assign ""<Employee: Employee object (10015b5e-30a3-455c-b324-04179eb0f407)>"": ""StockTransaction.created_by"" must be a ""User"" instance."
WITHDRAW,199,GSR00078,fea574cb,ERROR,"duplicate key value violates unique constraint ""core_stocktransaction_transaction_no_key""
DETAIL:  Key (transaction_no)=() already exists."
WITHDRAW,200,GB00063,39a3738b,ERROR,"duplicate key value violates unique constraint ""core_stocktransaction_transaction_no_key""
DETAIL:  Key (transaction_no)=() already exists."
WITHDRAW,201,GLABIG00002,3c324c37,ERROR,"duplicate key value violates unique constraint ""core_stocktransaction_transaction_no_key""
DETAIL:  Key (transaction_no)=() already exists."
WITHDRAW,202,GMT00027,210096ef,ERROR,"duplicate key value violates unique constraint ""core_stocktransaction_transaction_no_key""
DETAIL:  Key (transaction_no)=() already exists."
WITHDRAW,203,GLA00039,5a48de7e,ERROR,"duplicate key value violates unique constraint ""core_stocktransaction_transaction_no_key""
DETAIL:  Key (transaction_no)=() already exists."
WITHDRAW,204,GLA00001,a3198800,ERROR,"Cannot assign ""<Employee: Employee object (1631703c-cb96-4905-b944-b6be05056b71)>"": ""StockTransaction.created_by"" must be a ""User"" instance."
WITHDRAW,205,GAFT00022,1e4d8e3e,ERROR,"duplicate key value violates unique constraint ""core_stocktransaction_transaction_no_key""
DETAIL:  Key (transaction_no)=() already exists."
WITHDRAW,207,GLA00042,c99007f0,ERROR,"duplicate key value violates unique constraint ""core_stocktransaction_transaction_no_key""
DETAIL:  Key (transaction_no)=() already exists."
WITHDRAW,208,GCASTER00001,e8690d14,ERROR,"duplicate key value violates unique constraint ""core_stocktransaction_transaction_no_key""
DETAIL:  Key (transaction_no)=() already exists."
WITHDRAW,209,GCASTER00001,42c45646,ERROR,"Cannot assign ""<Employee: Employee object (10015b5e-30a3-455c-b324-04179eb0f407)>"": ""StockTransaction.created_by"" must be a ""User"" instance."
WITHDRAW,210,GEL00057,b3502769,ERROR,"Cannot assign ""<Employee: Employee object (1631703c-cb96-4905-b944-b6be05056b71)>"": ""StockTransaction.created_by"" must be a ""User"" instance."
WITHDRAW,211,GEL00056,ad75ccd2,ERROR,"Cannot assign ""<Employee: Employee object (1631703c-cb96-4905-b944-b6be05056b71)>"": ""StockTransaction.created_by"" must be a ""User"" instance."
WITHDRAW,212,GEL00043,39443ad7,ERROR,"Cannot assign ""<Employee: Employee object (1631703c-cb96-4905-b944-b6be05056b71)>"": ""StockTransaction.created_by"" must be a ""User"" instance."
WITHDRAW,213,GPP00011,a18b2ad1,ERROR,"Cannot assign ""<Employee: Employee object (10015b5e-30a3-455c-b324-04179eb0f407)>"": ""StockTransaction.created_by"" must be a ""User"" instance."
WITHDRAW,214,GFTT00091,92c92bb9,ERROR,"duplicate key value violates unique constraint ""core_stocktransaction_transaction_no_key""
DETAIL:  Key (transaction_no)=() already exists."
WITHDRAW,215,GMNT00004,15fcde16,ERROR,"Cannot assign ""<Employee: Employee object (1631703c-cb96-4905-b944-b6be05056b71)>"": ""StockTransaction.created_by"" must be a ""User"" instance."
WITHDRAW,216,GLA00014,8854c25e,ERROR,"duplicate key value violates unique constraint ""core_stocktransaction_transaction_no_key""
DETAIL:  Key (transaction_no)=() already exists."
WITHDRAW,217,GEL00005,ceea374c,ERROR,"duplicate key value violates unique constraint ""core_stocktransaction_transaction_no_key""
DETAIL:  Key (transaction_no)=() already exists."
WITHDRAW,218,GFTT00116,bce23dea,ERROR,"duplicate key value violates unique constraint ""core_stocktransaction_transaction_no_key""
DETAIL:  Key (transaction_no)=() already exists."
WITHDRAW,219,GOR00077,6a78bbcb,ERROR,"duplicate key value violates unique constraint ""core_stocktransaction_transaction_no_key""
DETAIL:  Key (transaction_no)=() already exists."
WITHDRAW,220,GOR00076,2778d13a,ERROR,"duplicate key value violates unique constraint ""core_stocktransaction_transaction_no_key""
DETAIL:  Key (transaction_no)=() already exists."
WITHDRAW,221,GMSDS00002,bb58f41b,ERROR,"duplicate key value violates unique constraint ""core_stocktransaction_transaction_no_key""
DETAIL:  Key (transaction_no)=() already exists."
WITHDRAW,222,GFTT00027,0d92d7d1,ERROR,"duplicate key value violates unique constraint ""core_stocktransaction_transaction_no_key""
DETAIL:  Key (transaction_no)=() already exists."
