sku,image_path,storage_object,status,detail
G3D00001,DATA1_Images/G3D00001.PIC.113206.jpg,drive-source/6408d83cf03be9a6eb65/G3D00001.PIC.113206.jpg,ALREADY_IN_STORAGE,
G3D00002,DATA1_Images/G3D00002.PIC.113213.jpg,drive-source/bf25629f2296cbfe5564/G3D00002.PIC.113213.jpg,ALREADY_IN_STORAGE,
G3D00003,DATA1_Images/G3D00003.PIC.113220.jpg,drive-source/bd956474d899658d5c9c/G3D00003.PIC.113220.jpg,ALREADY_IN_STORAGE,
G3D00004,DATA1_Images/G3D00004.PIC.113225.jpg,drive-source/184af20046d699a9b957/G3D00004.PIC.113225.jpg,ALREADY_IN_STORAGE,
G3D00005,DATA1_Images/G3D00005.PIC.113605.jpg,drive-source/4230f05c98d7b6b5f8fe/G3D00005.PIC.113605.jpg,ALREADY_IN_STORAGE,
G3D00006,DATA1_Images/G3D00006.PIC.113558.jpg,drive-source/500877f52651dce2942f/G3D00006.PIC.113558.jpg,ALREADY_IN_STORAGE,
G3D00007,DATA1_Images/G3D00007.PIC.113552.jpg,drive-source/104669e8815d972a4251/G3D00007.PIC.113552.jpg,ALREADY_IN_STORAGE,
G3D00008,DATA1_Images/G3D00008.PIC.113848.jpg,drive-source/17a1fa0f0be50775d9c2/G3D00008.PIC.113848.jpg,ALREADY_IN_STORAGE,
G3D00009,DATA1_Images/G3D00009.PIC.113840.jpg,drive-source/79c115b92f7c5370f8e8/G3D00009.PIC.113840.jpg,ALREADY_IN_STORAGE,
G3D00010,DATA1_Images/G3D00010.PIC.113857.jpg,drive-source/acdd372bc61b19703426/G3D00010.PIC.113857.jpg,ALREADY_IN_STORAGE,
GAFT00007,DATA1_Images/GAFT00007.PIC.063337.jpg,drive-source/fba8a99978e04deabb6e/GAFT00007.PIC.063337.jpg,SOURCE_NOT_FOUND,ไม่พบใน Drive index
GAFT00034,DATA1_Images/GAFT00034.PIC.063421.jpg,drive-source/88dee82e6de91f03628f/GAFT00034.PIC.063421.jpg,SOURCE_NOT_FOUND,ไม่พบใน Drive index
GAFT00035,DATA1_Images/GAFT00035.PIC.063653.jpg,drive-source/04527e8919b585810d41/GAFT00035.PIC.063653.jpg,SOURCE_NOT_FOUND,ไม่พบใน Drive index
GBOX00001,DATA1_Images/GBOX00001.PIC.021303.jpg,drive-source/66a854424883f2a787e3/GBOX00001.PIC.021303.jpg,SOURCE_NOT_FOUND,ไม่พบใน Drive index
GCASTER00001,DATA1_Images/GCASTER00001.PIC.105228.jpg,drive-source/3951981725a6e6715045/GCASTER00001.PIC.105228.jpg,SOURCE_NOT_FOUND,ไม่พบใน Drive index
GCASTER00002,DATA1_Images/GCASTER00002.PIC.092530.jpg,drive-source/941e0886420ff0516d23/GCASTER00002.PIC.092530.jpg,SOURCE_NOT_FOUND,ไม่พบใน Drive index
GCHUCK00001,DATA1_Images/GCHUCK00001.PIC.024904.jpg,drive-source/18a738f5e096e15f5e17/GCHUCK00001.PIC.024904.jpg,SOURCE_NOT_FOUND,ไม่พบใน Drive index
GCHUCK000010,DATA1_Images/GCHUCK000010.PIC.024555.jpg,drive-source/a5225d3edeb9b15cb7ed/GCHUCK000010.PIC.024555.jpg,SOURCE_NOT_FOUND,ไม่พบใน Drive index
GCHUCK00003,DATA1_Images/GCHUCK00003.PIC.024914.jpg,drive-source/60f2e2a90db7b729ff68/GCHUCK00003.PIC.024914.jpg,SOURCE_NOT_FOUND,ไม่พบใน Drive index
GCHUCK00004,DATA1_Images/GCHUCK00004.PIC.024927.jpg,drive-source/dbeb1a9e9e79ab0fbc83/GCHUCK00004.PIC.024927.jpg,SOURCE_NOT_FOUND,ไม่พบใน Drive index
GDWG00001,DATA1_Images/GDWG00001.PIC.104320.jpg,drive-source/a79ded0923f554adc1ba/GDWG00001.PIC.104320.jpg,SOURCE_NOT_FOUND,ไม่พบใน Drive index
GDWG00002,DATA1_Images/GDWG00002.PIC.104330.jpg,drive-source/c0892d149c02d86e7ffc/GDWG00002.PIC.104330.jpg,SOURCE_NOT_FOUND,ไม่พบใน Drive index
GDWG00003,DATA1_Images/GDWG00003.PIC.103809.jpg,drive-source/c7e2b1423b146ee8046c/GDWG00003.PIC.103809.jpg,SOURCE_NOT_FOUND,ไม่พบใน Drive index
GDWG00004,DATA1_Images/GDWG00004.PIC.104340.jpg,drive-source/576c166d37c578e3f73d/GDWG00004.PIC.104340.jpg,SOURCE_NOT_FOUND,ไม่พบใน Drive index
GDWG00005,DATA1_Images/GDWG00005.PIC.104350.jpg,drive-source/386af891c96d67a4a9fb/GDWG00005.PIC.104350.jpg,SOURCE_NOT_FOUND,ไม่พบใน Drive index
GDWG00006,DATA1_Images/GDWG00006.PIC.104403.jpg,drive-source/ebacfa68adaebf9df5b6/GDWG00006.PIC.104403.jpg,SOURCE_NOT_FOUND,ไม่พบใน Drive index
GDWG00007,DATA1_Images/GDWG00007.PIC.104412.jpg,drive-source/9fff04f6c96ae6332ffc/GDWG00007.PIC.104412.jpg,SOURCE_NOT_FOUND,ไม่พบใน Drive index
GDWG00009,DATA1_Images/GDWG00009.PIC.104423.jpg,drive-source/3e32bd1ab43cbacc9b39/GDWG00009.PIC.104423.jpg,SOURCE_NOT_FOUND,ไม่พบใน Drive index
GDWG00010,DATA1_Images/GDWG00010.PIC.095914.jpg,drive-source/7f53e9d7b3d969a05834/GDWG00010.PIC.095914.jpg,SOURCE_NOT_FOUND,ไม่พบใน Drive index
GDWG00011,DATA1_Images/GDWG00011.PIC.095935.jpg,drive-source/1b0d71281bf78ca57e06/GDWG00011.PIC.095935.jpg,SOURCE_NOT_FOUND,ไม่พบใน Drive index
GDWG00012,DATA1_Images/GDWG00012.PIC.100035.jpg,drive-source/744b8d9d02edb6b99fec/GDWG00012.PIC.100035.jpg,SOURCE_NOT_FOUND,ไม่พบใน Drive index
GDWG00013,DATA1_Images/GDWG00013.PIC.100105.jpg,drive-source/37a7da7e323367720e3a/GDWG00013.PIC.100105.jpg,SOURCE_NOT_FOUND,ไม่พบใน Drive index
GDWG00014,DATA1_Images/GDWG00014.PIC.100121.jpg,drive-source/ed117bb4983093762e0b/GDWG00014.PIC.100121.jpg,SOURCE_NOT_FOUND,ไม่พบใน Drive index
GDWG00015,DATA1_Images/GDWG00015.PIC.100138.jpg,drive-source/e616ff2ea31ac5b5bdde/GDWG00015.PIC.100138.jpg,SOURCE_NOT_FOUND,ไม่พบใน Drive index
GDWG00016,DATA1_Images/GDWG00016.PIC.100157.jpg,drive-source/3545f97661bda0bbcbb8/GDWG00016.PIC.100157.jpg,SOURCE_NOT_FOUND,ไม่พบใน Drive index
GDWG00017,DATA1_Images/GDWG00017.PIC.100211.jpg,drive-source/de023fa1f3ed829457b1/GDWG00017.PIC.100211.jpg,SOURCE_NOT_FOUND,ไม่พบใน Drive index
GDWG00018,DATA1_Images/GDWG00018.PIC.100233.jpg,drive-source/7e5ff5ea6c98a31aafe2/GDWG00018.PIC.100233.jpg,SOURCE_NOT_FOUND,ไม่พบใน Drive index
GDWG00019,DATA1_Images/GDWG00019.PIC.100249.jpg,drive-source/f024d7019d8f2ad6d099/GDWG00019.PIC.100249.jpg,SOURCE_NOT_FOUND,ไม่พบใน Drive index
GDWG00020,DATA1_Images/GDWG00020.PIC.100308.jpg,drive-source/e79d61eafa1386a7c5ac/GDWG00020.PIC.100308.jpg,SOURCE_NOT_FOUND,ไม่พบใน Drive index
GDWG00021,DATA1_Images/GDWG00021.PIC.100323.jpg,drive-source/b6f5d65f0bf3081f8aca/GDWG00021.PIC.100323.jpg,SOURCE_NOT_FOUND,ไม่พบใน Drive index
GDWG00022,DATA1_Images/GDWG00022.PIC.100343.jpg,drive-source/c9118bc523756dd09ea9/GDWG00022.PIC.100343.jpg,SOURCE_NOT_FOUND,ไม่พบใน Drive index
GDWG00023,DATA1_Images/GDWG00023.PIC.100400.jpg,drive-source/3adff3cbb48886bb2a6b/GDWG00023.PIC.100400.jpg,SOURCE_NOT_FOUND,ไม่พบใน Drive index
GDWG00024,DATA1_Images/GDWG00024.PIC.100421.jpg,drive-source/77dd30ec187b2c4ae0de/GDWG00024.PIC.100421.jpg,SOURCE_NOT_FOUND,ไม่พบใน Drive index
GDWG00025,DATA1_Images/GDWG00025.PIC.100442.jpg,drive-source/cfaca13cf72e7b8af265/GDWG00025.PIC.100442.jpg,SOURCE_NOT_FOUND,ไม่พบใน Drive index
GDWG00026,DATA1_Images/GDWG00026.PIC.100632.jpg,drive-source/328838f55c8f7c6911e4/GDWG00026.PIC.100632.jpg,SOURCE_NOT_FOUND,ไม่พบใน Drive index
GDWG00027,DATA1_Images/GDWG00027.PIC.100646.jpg,drive-source/f2cd5182443e29bd05d4/GDWG00027.PIC.100646.jpg,SOURCE_NOT_FOUND,ไม่พบใน Drive index
GDWG00028,DATA1_Images/GDWG00028.PIC.100704.jpg,drive-source/2223aa7d4ee4bb73a36d/GDWG00028.PIC.100704.jpg,SOURCE_NOT_FOUND,ไม่พบใน Drive index
GDWG00030,DATA1_Images/GDWG00030.PIC.100725.jpg,drive-source/115045480b692d9beadf/GDWG00030.PIC.100725.jpg,SOURCE_NOT_FOUND,ไม่พบใน Drive index
GDWG00033,DATA1_Images/GDWG00033.PIC.100827.jpg,drive-source/11ba62861d78836fe863/GDWG00033.PIC.100827.jpg,SOURCE_NOT_FOUND,ไม่พบใน Drive index
GDWG00034,DATA1_Images/GDWG00034.PIC.102757.jpg,drive-source/631c322bbc23b918ae26/GDWG00034.PIC.102757.jpg,SOURCE_NOT_FOUND,ไม่พบใน Drive index
GDWG00035,DATA1_Images/GDWG00035.PIC.102817.jpg,drive-source/b9740b4569cef6d95b0a/GDWG00035.PIC.102817.jpg,SOURCE_NOT_FOUND,ไม่พบใน Drive index
GDWG00036,DATA1_Images/GDWG00036.PIC.102835.jpg,drive-source/8f3fbd74f100b261356e/GDWG00036.PIC.102835.jpg,SOURCE_NOT_FOUND,ไม่พบใน Drive index
GDWG00037,DATA1_Images/GDWG00037.PIC.102925.jpg,drive-source/44a2790e6af8dc1448a8/GDWG00037.PIC.102925.jpg,SOURCE_NOT_FOUND,ไม่พบใน Drive index
GDWG00038,DATA1_Images/GDWG00038.PIC.102939.jpg,drive-source/475991a10ecf924513e4/GDWG00038.PIC.102939.jpg,SOURCE_NOT_FOUND,ไม่พบใน Drive index
GDWG00039,DATA1_Images/GDWG00039.PIC.102953.jpg,drive-source/f083c398ca18db5a5f84/GDWG00039.PIC.102953.jpg,SOURCE_NOT_FOUND,ไม่พบใน Drive index
GDWG00040,DATA1_Images/GDWG00040.PIC.103017.jpg,drive-source/81790b2410f56763a0ae/GDWG00040.PIC.103017.jpg,SOURCE_NOT_FOUND,ไม่พบใน Drive index
GDWG00041,DATA1_Images/GDWG00041.PIC.103227.jpg,drive-source/9b6e8dde2de65e4d29bc/GDWG00041.PIC.103227.jpg,SOURCE_NOT_FOUND,ไม่พบใน Drive index
GDWG00042,DATA1_Images/GDWG00042.PIC.103249.jpg,drive-source/cf422ba89660bfd00266/GDWG00042.PIC.103249.jpg,SOURCE_NOT_FOUND,ไม่พบใน Drive index
GDWG00043,DATA1_Images/GDWG00043.PIC.104437.jpg,drive-source/d9b7a087142d087ade05/GDWG00043.PIC.104437.jpg,SOURCE_NOT_FOUND,ไม่พบใน Drive index
GDWG00044,DATA1_Images/GDWG00044.PIC.104446.jpg,drive-source/cadca2b038d1030b8b25/GDWG00044.PIC.104446.jpg,SOURCE_NOT_FOUND,ไม่พบใน Drive index
GDWG00045,DATA1_Images/GDWG00045.PIC.092620.jpg,drive-source/cc68944d96a8e741c935/GDWG00045.PIC.092620.jpg,SOURCE_NOT_FOUND,ไม่พบใน Drive index
GDWG00049,DATA1_Images/GDWG00049.PIC.104512.jpg,drive-source/6544c41bc8a4fccb90ed/GDWG00049.PIC.104512.jpg,SOURCE_NOT_FOUND,ไม่พบใน Drive index
GDWG00054,DATA1_Images/GDWG00054.PIC.104610.jpg,drive-source/72177530fe88bb780830/GDWG00054.PIC.104610.jpg,SOURCE_NOT_FOUND,ไม่พบใน Drive index
GDWG00058,DATA1_Images/GDWG00058.PIC.104810.png,drive-source/79be317fbeb39ffa9304/GDWG00058.PIC.104810.png,SOURCE_NOT_FOUND,ไม่พบใน Drive index
GDWG00059,DATA1_Images/GDWG00059.PIC.104633.jpg,drive-source/5889356f1fd687d96854/GDWG00059.PIC.104633.jpg,SOURCE_NOT_FOUND,ไม่พบใน Drive index
GLA00002,DATA1_Images/GLA00002.PIC.073336.jpg,drive-source/683906826f96cdf5ed0e/GLA00002.PIC.073336.jpg,SOURCE_NOT_FOUND,ไม่พบใน Drive index
GLA00004,DATA1_Images/GLA00004.PIC.073250.jpg,drive-source/c2380737169294c0508c/GLA00004.PIC.073250.jpg,SOURCE_NOT_FOUND,ไม่พบใน Drive index
GLA00005,DATA1_Images/GLA00005.PIC.073224.jpg,drive-source/2da3842c7854ceff864d/GLA00005.PIC.073224.jpg,SOURCE_NOT_FOUND,ไม่พบใน Drive index
GLA00008,DATA1_Images/GLA00008.PIC.073157.jpg,drive-source/ca6f7e14270992b1667c/GLA00008.PIC.073157.jpg,SOURCE_NOT_FOUND,ไม่พบใน Drive index
GLA00009,DATA1_Images/GLA00009.PIC.073128.jpg,drive-source/3e75746a19289edd3ad9/GLA00009.PIC.073128.jpg,SOURCE_NOT_FOUND,ไม่พบใน Drive index
GLA00010,DATA1_Images/GLA00010.PIC.073111.jpg,drive-source/44f91749e80d12a4e297/GLA00010.PIC.073111.jpg,SOURCE_NOT_FOUND,ไม่พบใน Drive index
GLA00011,DATA1_Images/GLA00011.PIC.073102.jpg,drive-source/ccbef1509d4b39946fba/GLA00011.PIC.073102.jpg,SOURCE_NOT_FOUND,ไม่พบใน Drive index
GLA00012,DATA1_Images/GLA00012.PIC.073052.jpg,drive-source/ac49255aca34a9231d4a/GLA00012.PIC.073052.jpg,SOURCE_NOT_FOUND,ไม่พบใน Drive index
GLA00013,DATA1_Images/GLA00013.PIC.073035.jpg,drive-source/7edd408bb5b44681f7f0/GLA00013.PIC.073035.jpg,SOURCE_NOT_FOUND,ไม่พบใน Drive index
GLA00014,DATA1_Images/GLA00014.PIC.072549.jpg,drive-source/205c90538a819c6f9da0/GLA00014.PIC.072549.jpg,SOURCE_NOT_FOUND,ไม่พบใน Drive index
GLA00016,DATA1_Images/GLA00016.PIC.072528.jpg,drive-source/7ba0b8c570299b266457/GLA00016.PIC.072528.jpg,SOURCE_NOT_FOUND,ไม่พบใน Drive index
GLA00021,DATA1_Images/GLA00021.PIC.072447.jpg,drive-source/a1a29e29aeefc2c12a43/GLA00021.PIC.072447.jpg,SOURCE_NOT_FOUND,ไม่พบใน Drive index
GLA00022,DATA1_Images/GLA00022.PIC.072425.jpg,drive-source/c3f3a5a93eadde159b33/GLA00022.PIC.072425.jpg,SOURCE_NOT_FOUND,ไม่พบใน Drive index
GLA00025,DATA1_Images/GLA00025.PIC.070724.jpg,drive-source/2d37fb552c839154cf00/GLA00025.PIC.070724.jpg,SOURCE_NOT_FOUND,ไม่พบใน Drive index
GLA00026,DATA1_Images/GLA00026.PIC.070758.jpg,drive-source/408d096b08be12b87780/GLA00026.PIC.070758.jpg,SOURCE_NOT_FOUND,ไม่พบใน Drive index
GLA00027,DATA1_Images/GLA00027.PIC.070821.jpg,drive-source/e39b4cfa978437cc94a5/GLA00027.PIC.070821.jpg,SOURCE_NOT_FOUND,ไม่พบใน Drive index
GLA00028,DATA1_Images/GLA00028.PIC.070853.jpg,drive-source/d139e276cb267a287098/GLA00028.PIC.070853.jpg,SOURCE_NOT_FOUND,ไม่พบใน Drive index
GLA00029,DATA1_Images/GLA00029.PIC.070918.jpg,drive-source/ccfc6712cece473a1df0/GLA00029.PIC.070918.jpg,SOURCE_NOT_FOUND,ไม่พบใน Drive index
GLA00030,DATA1_Images/GLA00030.PIC.070941.jpg,drive-source/d537a89a51eedb37170d/GLA00030.PIC.070941.jpg,SOURCE_NOT_FOUND,ไม่พบใน Drive index
GLA00031,DATA1_Images/GLA00031.PIC.071042.jpg,drive-source/c4b435a59559f196e0e9/GLA00031.PIC.071042.jpg,SOURCE_NOT_FOUND,ไม่พบใน Drive index
GLA00032,DATA1_Images/GLA00032.PIC.071127.jpg,drive-source/abf1b767afaf17f5a543/GLA00032.PIC.071127.jpg,SOURCE_NOT_FOUND,ไม่พบใน Drive index
GLA00033,DATA1_Images/GLA00033.PIC.071232.jpg,drive-source/9869a49be217e4ee926e/GLA00033.PIC.071232.jpg,SOURCE_NOT_FOUND,ไม่พบใน Drive index
GLA00036,DATA1_Images/GLA00036.PIC.071702.jpg,drive-source/e2cf78c0542704925e12/GLA00036.PIC.071702.jpg,SOURCE_NOT_FOUND,ไม่พบใน Drive index
GLA00037,DATA1_Images/GLA00037.PIC.071722.jpg,drive-source/e11875d46ec0be4f48ef/GLA00037.PIC.071722.jpg,SOURCE_NOT_FOUND,ไม่พบใน Drive index
GLA00040,DATA1_Images/GLA00040.PIC.071744.jpg,drive-source/2cdb4292f0e7d90ab026/GLA00040.PIC.071744.jpg,SOURCE_NOT_FOUND,ไม่พบใน Drive index
GLA00043,DATA1_Images/GLA00043.PIC.071842.jpg,drive-source/c3afa7e601b55245791c/GLA00043.PIC.071842.jpg,SOURCE_NOT_FOUND,ไม่พบใน Drive index
GLA00044,DATA1_Images/GLA00044.PIC.072025.jpg,drive-source/3dbabf832e4bfaf3fcd3/GLA00044.PIC.072025.jpg,SOURCE_NOT_FOUND,ไม่พบใน Drive index
GLA00045,DATA1_Images/GLA00045.PIC.072050.jpg,drive-source/752287f8468b9a277ffc/GLA00045.PIC.072050.jpg,SOURCE_NOT_FOUND,ไม่พบใน Drive index
GLA00046,DATA1_Images/GLA00046.PIC.072109.jpg,drive-source/6f36898fd692b2ac430b/GLA00046.PIC.072109.jpg,SOURCE_NOT_FOUND,ไม่พบใน Drive index
GLA00047,DATA1_Images/GLA00047.PIC.072138.jpg,drive-source/ad8c39ee5dbfe44fd000/GLA00047.PIC.072138.jpg,SOURCE_NOT_FOUND,ไม่พบใน Drive index
GLA00048,DATA1_Images/GLA00048.PIC.072205.jpg,drive-source/987abf35718ad68447f5/GLA00048.PIC.072205.jpg,SOURCE_NOT_FOUND,ไม่พบใน Drive index
GLA00049,DATA1_Images/GLA00049.PIC.072222.jpg,drive-source/afa05bcf1a2bfccb4500/GLA00049.PIC.072222.jpg,SOURCE_NOT_FOUND,ไม่พบใน Drive index
GLA00050,DATA1_Images/GLA00050.PIC.072254.jpg,drive-source/d17db1c6f8ff26ac55c0/GLA00050.PIC.072254.jpg,SOURCE_NOT_FOUND,ไม่พบใน Drive index
GMNT00014,DATA1_Images/GMNT00014.PIC.042639.jpg,drive-source/1622344efbe93ef880f3/GMNT00014.PIC.042639.jpg,SOURCE_NOT_FOUND,ไม่พบใน Drive index
GSCBIG00003,DATA1_Images/GSCBIG00003.PIC.094621.jpg,drive-source/5912a897b9491dc4c1d2/GSCBIG00003.PIC.094621.jpg,SOURCE_NOT_FOUND,ไม่พบใน Drive index
GTRM00004,DATA1_Images/GTRM00004.PIC.005228.jpg,drive-source/94088d6e9179832d75fa/GTRM00004.PIC.005228.jpg,SOURCE_NOT_FOUND,ไม่พบใน Drive index
GVV00001,DATA1_Images/GVV00001.PIC.082131.jpg,drive-source/2c9f02e4ec01f9b6f08f/GVV00001.PIC.082131.jpg,SOURCE_NOT_FOUND,ไม่พบใน Drive index
GVV00002,DATA1_Images/GVV00002.PIC.082155.jpg,drive-source/ee5492ef0cd1ca3102bc/GVV00002.PIC.082155.jpg,SOURCE_NOT_FOUND,ไม่พบใน Drive index
GVV00003,DATA1_Images/GVV00003.PIC.082204.jpg,drive-source/d8990ae24956695d7117/GVV00003.PIC.082204.jpg,SOURCE_NOT_FOUND,ไม่พบใน Drive index
GVV00004,DATA1_Images/GVV00004.PIC.082312.jpg,drive-source/68ae8e50bbed0aef32ed/GVV00004.PIC.082312.jpg,SOURCE_NOT_FOUND,ไม่พบใน Drive index
GVV00005,DATA1_Images/GVV00005.PIC.082318.jpg,drive-source/2923f8a1e0312ed693f5/GVV00005.PIC.082318.jpg,SOURCE_NOT_FOUND,ไม่พบใน Drive index
GVV00010,DATA1_Images/GVV00010.PIC.082350.jpg,drive-source/669d5cd8219d9051f4c7/GVV00010.PIC.082350.jpg,SOURCE_NOT_FOUND,ไม่พบใน Drive index
GVV00011,DATA1_Images/GVV00011.PIC.082645.jpg,drive-source/6c78cbc0aa5bf1bc9993/GVV00011.PIC.082645.jpg,SOURCE_NOT_FOUND,ไม่พบใน Drive index
GVV00011-A,DATA1_Images/GVV00011-A.PIC.082652.jpg,drive-source/6ae281331097e1cf8890/GVV00011-A.PIC.082652.jpg,SOURCE_NOT_FOUND,ไม่พบใน Drive index
GVV00012,DATA1_Images/GVV00012.PIC.082659.jpg,drive-source/4b4ea75547ee2e360314/GVV00012.PIC.082659.jpg,SOURCE_NOT_FOUND,ไม่พบใน Drive index
GVV00013,DATA1_Images/GVV00013.PIC.082745.jpg,drive-source/ded01b840dcf5344b410/GVV00013.PIC.082745.jpg,SOURCE_NOT_FOUND,ไม่พบใน Drive index
GVV00014,DATA1_Images/GVV00014.PIC.082755.jpg,drive-source/fc5222526e44028f1335/GVV00014.PIC.082755.jpg,SOURCE_NOT_FOUND,ไม่พบใน Drive index
GVV00015,DATA1_Images/GVV00015.PIC.100845.jpg,drive-source/661a5721d6b3c319b9a2/GVV00015.PIC.100845.jpg,SOURCE_NOT_FOUND,ไม่พบใน Drive index
GVV00016,DATA1_Images/GVV00016.PIC.100906.jpg,drive-source/7f3403963019841a4351/GVV00016.PIC.100906.jpg,SOURCE_NOT_FOUND,ไม่พบใน Drive index
GVV00018,DATA1_Images/GVV00018.PIC.082433.jpg,drive-source/8351d421373f676f8178/GVV00018.PIC.082433.jpg,SOURCE_NOT_FOUND,ไม่พบใน Drive index
GVV00019,DATA1_Images/GVV00019.PIC.082442.jpg,drive-source/a4c49ea240a023643023/GVV00019.PIC.082442.jpg,SOURCE_NOT_FOUND,ไม่พบใน Drive index
GVV00020,DATA1_Images/GVV00020.PIC.081620.jpg,drive-source/27ced1268c9ebf20cc1d/GVV00020.PIC.081620.jpg,SOURCE_NOT_FOUND,ไม่พบใน Drive index
GVV00021,DATA1_Images/GVV00021.PIC.081604.jpg,drive-source/59cb6b27fa3a84448163/GVV00021.PIC.081604.jpg,SOURCE_NOT_FOUND,ไม่พบใน Drive index
GVV00022,DATA1_Images/GVV00022.PIC.081839.jpg,drive-source/f0772998593970121127/GVV00022.PIC.081839.jpg,SOURCE_NOT_FOUND,ไม่พบใน Drive index
GVV00023,DATA1_Images/GVV00023.PIC.081845.jpg,drive-source/b571ff9ef619bf2c1962/GVV00023.PIC.081845.jpg,SOURCE_NOT_FOUND,ไม่พบใน Drive index
GVV00025,DATA1_Images/GVV00025.PIC.081546.jpg,drive-source/2082387b6722266501b3/GVV00025.PIC.081546.jpg,SOURCE_NOT_FOUND,ไม่พบใน Drive index
GVV00027,DATA1_Images/GVV00027.PIC.081209.jpg,drive-source/cfbd962bb09014e46dad/GVV00027.PIC.081209.jpg,SOURCE_NOT_FOUND,ไม่พบใน Drive index
NMT00001,DATA1_Images/NMT00001.PIC.104637.jpg,drive-source/5bd316f9cbc52f985b01/NMT00001.PIC.104637.jpg,SOURCE_NOT_FOUND,ไม่พบใน Drive index
NMT00002,DATA1_Images/NMT00002.PIC.104644.jpg,drive-source/605be61b25993959b167/NMT00002.PIC.104644.jpg,SOURCE_NOT_FOUND,ไม่พบใน Drive index
NMT00003,DATA1_Images/NMT00003.PIC.104654.jpg,drive-source/9a91385c3d16cfafff28/NMT00003.PIC.104654.jpg,SOURCE_NOT_FOUND,ไม่พบใน Drive index
NMT00004,DATA1_Images/NMT00004.PIC.104705.jpg,drive-source/9c84ad826c7d3ff4d410/NMT00004.PIC.104705.jpg,SOURCE_NOT_FOUND,ไม่พบใน Drive index
NMT00005,DATA1_Images/NMT00005.PIC.104711.jpg,drive-source/82dc5e9563ddb8835fee/NMT00005.PIC.104711.jpg,SOURCE_NOT_FOUND,ไม่พบใน Drive index
NMT00006,DATA1_Images/NMT00006.PIC.104721.jpg,drive-source/e93c087591dc2848ee79/NMT00006.PIC.104721.jpg,SOURCE_NOT_FOUND,ไม่พบใน Drive index
NMT00007,DATA1_Images/NMT00007.PIC.104726.jpg,drive-source/b1fc5ddf43b4863302f8/NMT00007.PIC.104726.jpg,SOURCE_NOT_FOUND,ไม่พบใน Drive index
G3D00011,DATA1_Images/G3D00011.PIC.113905.jpg,drive-source/cbbea5df6970c3e9fd27/G3D00011.PIC.113905.jpg,UPLOADED,https://cyacvmjkqgnbihivsrtf.supabase.co/storage/v1/object/public/parts-images/drive-source/cbbea5df6970c3e9fd27/G3D00011.PIC.113905.jpg?v=cbbea5df6970c3e9fd27
G3D00012,DATA1_Images/G3D00012.PIC.082613.jpg,drive-source/d1cd6a0cab575afdac13/G3D00012.PIC.082613.jpg,UPLOADED,https://cyacvmjkqgnbihivsrtf.supabase.co/storage/v1/object/public/parts-images/drive-source/d1cd6a0cab575afdac13/G3D00012.PIC.082613.jpg?v=d1cd6a0cab575afdac13
G3D00013,DATA1_Images/G3D00013.PIC.082649.jpg,drive-source/54c3a866c61a063b5c81/G3D00013.PIC.082649.jpg,UPLOADED,https://cyacvmjkqgnbihivsrtf.supabase.co/storage/v1/object/public/parts-images/drive-source/54c3a866c61a063b5c81/G3D00013.PIC.082649.jpg?v=54c3a866c61a063b5c81
GA00001,DATA1_Images/GA00001.PIC.093229.jpg,drive-source/2b0acad2bbcf57bbda62/GA00001.PIC.093229.jpg,UPLOADED,https://cyacvmjkqgnbihivsrtf.supabase.co/storage/v1/object/public/parts-images/drive-source/2b0acad2bbcf57bbda62/GA00001.PIC.093229.jpg?v=2b0acad2bbcf57bbda62
GA00002,DATA1_Images/GA00002.PIC.093247.jpg,drive-source/27fed3fdcb9e68f8c46c/GA00002.PIC.093247.jpg,UPLOADED,https://cyacvmjkqgnbihivsrtf.supabase.co/storage/v1/object/public/parts-images/drive-source/27fed3fdcb9e68f8c46c/GA00002.PIC.093247.jpg?v=27fed3fdcb9e68f8c46c
GA00003,DATA1_Images/GA00003.PIC.093301.jpg,drive-source/8bf1781f949bff62e3ba/GA00003.PIC.093301.jpg,UPLOADED,https://cyacvmjkqgnbihivsrtf.supabase.co/storage/v1/object/public/parts-images/drive-source/8bf1781f949bff62e3ba/GA00003.PIC.093301.jpg?v=8bf1781f949bff62e3ba
GA00004,DATA1_Images/GA00004.PIC.093315.jpg,drive-source/e3241e84d0ac7157a608/GA00004.PIC.093315.jpg,UPLOADED,https://cyacvmjkqgnbihivsrtf.supabase.co/storage/v1/object/public/parts-images/drive-source/e3241e84d0ac7157a608/GA00004.PIC.093315.jpg?v=e3241e84d0ac7157a608
GA00005,DATA1_Images/GA00005.PIC.093329.jpg,drive-source/1c7e8364e443e2ef3fb9/GA00005.PIC.093329.jpg,UPLOADED,https://cyacvmjkqgnbihivsrtf.supabase.co/storage/v1/object/public/parts-images/drive-source/1c7e8364e443e2ef3fb9/GA00005.PIC.093329.jpg?v=1c7e8364e443e2ef3fb9
GA00006,DATA1_Images/GA00006.PIC.071137.jpg,drive-source/eae2200cddd26a0b9e68/GA00006.PIC.071137.jpg,UPLOADED,https://cyacvmjkqgnbihivsrtf.supabase.co/storage/v1/object/public/parts-images/drive-source/eae2200cddd26a0b9e68/GA00006.PIC.071137.jpg?v=eae2200cddd26a0b9e68
GA00007,DATA1_Images/GA00007.PIC.071144.jpg,drive-source/396c31ff7b7884350ae2/GA00007.PIC.071144.jpg,UPLOADED,https://cyacvmjkqgnbihivsrtf.supabase.co/storage/v1/object/public/parts-images/drive-source/396c31ff7b7884350ae2/GA00007.PIC.071144.jpg?v=396c31ff7b7884350ae2
GA00008,DATA1_Images/GA00008.PIC.071151.jpg,drive-source/0e0f7fbe14cfa67bf5b1/GA00008.PIC.071151.jpg,UPLOADED,https://cyacvmjkqgnbihivsrtf.supabase.co/storage/v1/object/public/parts-images/drive-source/0e0f7fbe14cfa67bf5b1/GA00008.PIC.071151.jpg?v=0e0f7fbe14cfa67bf5b1
GA00009,DATA1_Images/GA00009.PIC.071158.jpg,drive-source/ec7c0e4d1e5cc0ca421f/GA00009.PIC.071158.jpg,UPLOADED,https://cyacvmjkqgnbihivsrtf.supabase.co/storage/v1/object/public/parts-images/drive-source/ec7c0e4d1e5cc0ca421f/GA00009.PIC.071158.jpg?v=ec7c0e4d1e5cc0ca421f
GA00010,DATA1_Images/GA00010.PIC.071212.jpg,drive-source/90b4c6c5dc153cecc9bd/GA00010.PIC.071212.jpg,UPLOADED,https://cyacvmjkqgnbihivsrtf.supabase.co/storage/v1/object/public/parts-images/drive-source/90b4c6c5dc153cecc9bd/GA00010.PIC.071212.jpg?v=90b4c6c5dc153cecc9bd
GA00011,DATA1_Images/GA00011.PIC.071218.jpg,drive-source/38056eb439ff3017a7ec/GA00011.PIC.071218.jpg,UPLOADED,https://cyacvmjkqgnbihivsrtf.supabase.co/storage/v1/object/public/parts-images/drive-source/38056eb439ff3017a7ec/GA00011.PIC.071218.jpg?v=38056eb439ff3017a7ec
GA00012,DATA1_Images/GA00012.PIC.071225.jpg,drive-source/5e34671035a9450dd5df/GA00012.PIC.071225.jpg,UPLOADED,https://cyacvmjkqgnbihivsrtf.supabase.co/storage/v1/object/public/parts-images/drive-source/5e34671035a9450dd5df/GA00012.PIC.071225.jpg?v=5e34671035a9450dd5df
GA00013,DATA1_Images/GA00013.PIC.071331.jpg,drive-source/1f03936b1487b4271fae/GA00013.PIC.071331.jpg,UPLOADED,https://cyacvmjkqgnbihivsrtf.supabase.co/storage/v1/object/public/parts-images/drive-source/1f03936b1487b4271fae/GA00013.PIC.071331.jpg?v=1f03936b1487b4271fae
GA00014,DATA1_Images/GA00014.PIC.071318.jpg,drive-source/2135f37aef748fc3858f/GA00014.PIC.071318.jpg,UPLOADED,https://cyacvmjkqgnbihivsrtf.supabase.co/storage/v1/object/public/parts-images/drive-source/2135f37aef748fc3858f/GA00014.PIC.071318.jpg?v=2135f37aef748fc3858f
GA00015,DATA1_Images/GA00015.PIC.071339.jpg,drive-source/865d9076961ecf481d6e/GA00015.PIC.071339.jpg,UPLOADED,https://cyacvmjkqgnbihivsrtf.supabase.co/storage/v1/object/public/parts-images/drive-source/865d9076961ecf481d6e/GA00015.PIC.071339.jpg?v=865d9076961ecf481d6e
GA00016,DATA1_Images/GA00016.PIC.093128.jpg,drive-source/1b13bd7c07f278dbe435/GA00016.PIC.093128.jpg,UPLOADED,https://cyacvmjkqgnbihivsrtf.supabase.co/storage/v1/object/public/parts-images/drive-source/1b13bd7c07f278dbe435/GA00016.PIC.093128.jpg?v=1b13bd7c07f278dbe435
GA00017,DATA1_Images/GA00017.PIC.093159.jpg,drive-source/a6bb861243773100ed60/GA00017.PIC.093159.jpg,UPLOADED,https://cyacvmjkqgnbihivsrtf.supabase.co/storage/v1/object/public/parts-images/drive-source/a6bb861243773100ed60/GA00017.PIC.093159.jpg?v=a6bb861243773100ed60
GB00001,DATA1_Images/GB00001.PIC.071504.jpg,drive-source/7855aec469ce0a9686a0/GB00001.PIC.071504.jpg,UPLOADED,https://cyacvmjkqgnbihivsrtf.supabase.co/storage/v1/object/public/parts-images/drive-source/7855aec469ce0a9686a0/GB00001.PIC.071504.jpg?v=7855aec469ce0a9686a0
GB00002,DATA1_Images/GB00002.PIC.103251.jpg,drive-source/8856d7007002c8f5bbe7/GB00002.PIC.103251.jpg,UPLOADED,https://cyacvmjkqgnbihivsrtf.supabase.co/storage/v1/object/public/parts-images/drive-source/8856d7007002c8f5bbe7/GB00002.PIC.103251.jpg?v=8856d7007002c8f5bbe7
GB00004,DATA1_Images/GB00004.PIC.103307.jpg,drive-source/0b06440583a2773cc9c6/GB00004.PIC.103307.jpg,UPLOADED,https://cyacvmjkqgnbihivsrtf.supabase.co/storage/v1/object/public/parts-images/drive-source/0b06440583a2773cc9c6/GB00004.PIC.103307.jpg?v=0b06440583a2773cc9c6
GB00005,DATA1_Images/GB00005.PIC.011013.jpg,drive-source/e47059dd7c6307ba60f2/GB00005.PIC.011013.jpg,UPLOADED,https://cyacvmjkqgnbihivsrtf.supabase.co/storage/v1/object/public/parts-images/drive-source/e47059dd7c6307ba60f2/GB00005.PIC.011013.jpg?v=e47059dd7c6307ba60f2
GB00006,DATA1_Images/GB00006.PIC.103348.jpg,drive-source/4282ee0818cbd2b9cfb4/GB00006.PIC.103348.jpg,UPLOADED,https://cyacvmjkqgnbihivsrtf.supabase.co/storage/v1/object/public/parts-images/drive-source/4282ee0818cbd2b9cfb4/GB00006.PIC.103348.jpg?v=4282ee0818cbd2b9cfb4
GB00008,DATA1_Images/GB00008.PIC.103410.jpg,drive-source/4966d8011faedc951886/GB00008.PIC.103410.jpg,UPLOADED,https://cyacvmjkqgnbihivsrtf.supabase.co/storage/v1/object/public/parts-images/drive-source/4966d8011faedc951886/GB00008.PIC.103410.jpg?v=4966d8011faedc951886
GB00009,DATA1_Images/GB00009.PIC.011104.jpg,drive-source/713528e0479d3d8c390d/GB00009.PIC.011104.jpg,UPLOADED,https://cyacvmjkqgnbihivsrtf.supabase.co/storage/v1/object/public/parts-images/drive-source/713528e0479d3d8c390d/GB00009.PIC.011104.jpg?v=713528e0479d3d8c390d
GB00010,DATA1_Images/GB00010.PIC.011453.jpg,drive-source/64c1b5dc560bdadff7f3/GB00010.PIC.011453.jpg,UPLOADED,https://cyacvmjkqgnbihivsrtf.supabase.co/storage/v1/object/public/parts-images/drive-source/64c1b5dc560bdadff7f3/GB00010.PIC.011453.jpg?v=64c1b5dc560bdadff7f3
GB00011,DATA1_Images/GB00011.PIC.012214.jpg,drive-source/9a279895deb07bafc063/GB00011.PIC.012214.jpg,UPLOADED,https://cyacvmjkqgnbihivsrtf.supabase.co/storage/v1/object/public/parts-images/drive-source/9a279895deb07bafc063/GB00011.PIC.012214.jpg?v=9a279895deb07bafc063
GB00012,DATA1_Images/GB00012.PIC.011659.jpg,drive-source/386dacb0ee16e72903da/GB00012.PIC.011659.jpg,UPLOADED,https://cyacvmjkqgnbihivsrtf.supabase.co/storage/v1/object/public/parts-images/drive-source/386dacb0ee16e72903da/GB00012.PIC.011659.jpg?v=386dacb0ee16e72903da
GB00013,DATA1_Images/GB00013.PIC.011826.jpg,drive-source/2ba08845d488bbec2ce7/GB00013.PIC.011826.jpg,UPLOADED,https://cyacvmjkqgnbihivsrtf.supabase.co/storage/v1/object/public/parts-images/drive-source/2ba08845d488bbec2ce7/GB00013.PIC.011826.jpg?v=2ba08845d488bbec2ce7
GB00014,DATA1_Images/GB00014.PIC.011911.jpg,drive-source/2827e953d9eaedc7dfeb/GB00014.PIC.011911.jpg,UPLOADED,https://cyacvmjkqgnbihivsrtf.supabase.co/storage/v1/object/public/parts-images/drive-source/2827e953d9eaedc7dfeb/GB00014.PIC.011911.jpg?v=2827e953d9eaedc7dfeb
GB00015,DATA1_Images/GB00015.PIC.012020.jpg,drive-source/ddc1ea9167cbfcadcc6c/GB00015.PIC.012020.jpg,UPLOADED,https://cyacvmjkqgnbihivsrtf.supabase.co/storage/v1/object/public/parts-images/drive-source/ddc1ea9167cbfcadcc6c/GB00015.PIC.012020.jpg?v=ddc1ea9167cbfcadcc6c
GB00016,DATA1_Images/GB00016.PIC.012704.jpg,drive-source/3b61f3e722c40001d3df/GB00016.PIC.012704.jpg,UPLOADED,https://cyacvmjkqgnbihivsrtf.supabase.co/storage/v1/object/public/parts-images/drive-source/3b61f3e722c40001d3df/GB00016.PIC.012704.jpg?v=3b61f3e722c40001d3df
GB00017,DATA1_Images/GB00017.PIC.012826.jpg,drive-source/0553ae53bc9ac2f71adc/GB00017.PIC.012826.jpg,UPLOADED,https://cyacvmjkqgnbihivsrtf.supabase.co/storage/v1/object/public/parts-images/drive-source/0553ae53bc9ac2f71adc/GB00017.PIC.012826.jpg?v=0553ae53bc9ac2f71adc
GB00018,DATA1_Images/GB00018.PIC.105813.jpg,drive-source/4fabb0e35162830bc408/GB00018.PIC.105813.jpg,UPLOADED,https://cyacvmjkqgnbihivsrtf.supabase.co/storage/v1/object/public/parts-images/drive-source/4fabb0e35162830bc408/GB00018.PIC.105813.jpg?v=4fabb0e35162830bc408
GB00019,DATA1_Images/GB00019.PIC.012946.jpg,drive-source/1b848d75fb1d1910ce84/GB00019.PIC.012946.jpg,UPLOADED,https://cyacvmjkqgnbihivsrtf.supabase.co/storage/v1/object/public/parts-images/drive-source/1b848d75fb1d1910ce84/GB00019.PIC.012946.jpg?v=1b848d75fb1d1910ce84
GB00020,DATA1_Images/GB00020.PIC.022248.jpg,drive-source/e46351c69929cea63840/GB00020.PIC.022248.jpg,UPLOADED,https://cyacvmjkqgnbihivsrtf.supabase.co/storage/v1/object/public/parts-images/drive-source/e46351c69929cea63840/GB00020.PIC.022248.jpg?v=e46351c69929cea63840
GB00021,DATA1_Images/GB00021.PIC.013048.jpg,drive-source/141646f300b3f46f70e9/GB00021.PIC.013048.jpg,UPLOADED,https://cyacvmjkqgnbihivsrtf.supabase.co/storage/v1/object/public/parts-images/drive-source/141646f300b3f46f70e9/GB00021.PIC.013048.jpg?v=141646f300b3f46f70e9
GB00022,DATA1_Images/GB00022.PIC.013219.jpg,drive-source/231bd0f519e038a75025/GB00022.PIC.013219.jpg,UPLOADED,https://cyacvmjkqgnbihivsrtf.supabase.co/storage/v1/object/public/parts-images/drive-source/231bd0f519e038a75025/GB00022.PIC.013219.jpg?v=231bd0f519e038a75025
GB00023,DATA1_Images/GB00023.PIC.013259.jpg,drive-source/f565e4d7ed25c86ddeab/GB00023.PIC.013259.jpg,UPLOADED,https://cyacvmjkqgnbihivsrtf.supabase.co/storage/v1/object/public/parts-images/drive-source/f565e4d7ed25c86ddeab/GB00023.PIC.013259.jpg?v=f565e4d7ed25c86ddeab
GB00024,DATA1_Images/GB00024.PIC.105953.jpg,drive-source/007f0de660f62a6b1785/GB00024.PIC.105953.jpg,UPLOADED,https://cyacvmjkqgnbihivsrtf.supabase.co/storage/v1/object/public/parts-images/drive-source/007f0de660f62a6b1785/GB00024.PIC.105953.jpg?v=007f0de660f62a6b1785
GB00025,DATA1_Images/GB00025.PIC.013353.jpg,drive-source/72ac3f5ed4bdb040532f/GB00025.PIC.013353.jpg,UPLOADED,https://cyacvmjkqgnbihivsrtf.supabase.co/storage/v1/object/public/parts-images/drive-source/72ac3f5ed4bdb040532f/GB00025.PIC.013353.jpg?v=72ac3f5ed4bdb040532f
GB00026,DATA1_Images/GB00026.PIC.103450.jpg,drive-source/43b2fb3b389432ca99dc/GB00026.PIC.103450.jpg,UPLOADED,https://cyacvmjkqgnbihivsrtf.supabase.co/storage/v1/object/public/parts-images/drive-source/43b2fb3b389432ca99dc/GB00026.PIC.103450.jpg?v=43b2fb3b389432ca99dc
GB00027,DATA1_Images/GB00027.PIC.103458.jpg,drive-source/b461e232efa91d5dd49e/GB00027.PIC.103458.jpg,UPLOADED,https://cyacvmjkqgnbihivsrtf.supabase.co/storage/v1/object/public/parts-images/drive-source/b461e232efa91d5dd49e/GB00027.PIC.103458.jpg?v=b461e232efa91d5dd49e
GB00028,DATA1_Images/GB00028.PIC.103441.jpg,drive-source/2e15d9330d9e913018e4/GB00028.PIC.103441.jpg,UPLOADED,https://cyacvmjkqgnbihivsrtf.supabase.co/storage/v1/object/public/parts-images/drive-source/2e15d9330d9e913018e4/GB00028.PIC.103441.jpg?v=2e15d9330d9e913018e4
GB00029,DATA1_Images/GB00029.PIC.103427.jpg,drive-source/fba3bcc20736f6ae46bc/GB00029.PIC.103427.jpg,UPLOADED,https://cyacvmjkqgnbihivsrtf.supabase.co/storage/v1/object/public/parts-images/drive-source/fba3bcc20736f6ae46bc/GB00029.PIC.103427.jpg?v=fba3bcc20736f6ae46bc
GB00030,DATA1_Images/GB00030.PIC.022808.jpg,drive-source/2afed55db33b9bbe4aa0/GB00030.PIC.022808.jpg,UPLOADED,https://cyacvmjkqgnbihivsrtf.supabase.co/storage/v1/object/public/parts-images/drive-source/2afed55db33b9bbe4aa0/GB00030.PIC.022808.jpg?v=2afed55db33b9bbe4aa0
GB00032,DATA1_Images/GB00032.PIC.103623.jpg,drive-source/4434296327f990c5a6cb/GB00032.PIC.103623.jpg,UPLOADED,https://cyacvmjkqgnbihivsrtf.supabase.co/storage/v1/object/public/parts-images/drive-source/4434296327f990c5a6cb/GB00032.PIC.103623.jpg?v=4434296327f990c5a6cb
GB00034,DATA1_Images/GB00034.PIC.022847.jpg,drive-source/5a9391be7af71c94de08/GB00034.PIC.022847.jpg,UPLOADED,https://cyacvmjkqgnbihivsrtf.supabase.co/storage/v1/object/public/parts-images/drive-source/5a9391be7af71c94de08/GB00034.PIC.022847.jpg?v=5a9391be7af71c94de08
GB00035,DATA1_Images/GB00035.PIC.103635.jpg,drive-source/d6811c400b2557ea5021/GB00035.PIC.103635.jpg,UPLOADED,https://cyacvmjkqgnbihivsrtf.supabase.co/storage/v1/object/public/parts-images/drive-source/d6811c400b2557ea5021/GB00035.PIC.103635.jpg?v=d6811c400b2557ea5021
GB00036,DATA1_Images/GB00036.PIC.103651.jpg,drive-source/2de447b2cd896711049a/GB00036.PIC.103651.jpg,UPLOADED,https://cyacvmjkqgnbihivsrtf.supabase.co/storage/v1/object/public/parts-images/drive-source/2de447b2cd896711049a/GB00036.PIC.103651.jpg?v=2de447b2cd896711049a
GB00037,DATA1_Images/GB00037.PIC.103700.jpg,drive-source/a72e4812d66fdc252ce3/GB00037.PIC.103700.jpg,UPLOADED,https://cyacvmjkqgnbihivsrtf.supabase.co/storage/v1/object/public/parts-images/drive-source/a72e4812d66fdc252ce3/GB00037.PIC.103700.jpg?v=a72e4812d66fdc252ce3
GB00038,DATA1_Images/GB00038.PIC.022943.jpg,drive-source/4fa109a8e29d73e48192/GB00038.PIC.022943.jpg,UPLOADED,https://cyacvmjkqgnbihivsrtf.supabase.co/storage/v1/object/public/parts-images/drive-source/4fa109a8e29d73e48192/GB00038.PIC.022943.jpg?v=4fa109a8e29d73e48192
GB00039,DATA1_Images/GB00039.PIC.023042.jpg,drive-source/82843f7348ae43b80be6/GB00039.PIC.023042.jpg,UPLOADED,https://cyacvmjkqgnbihivsrtf.supabase.co/storage/v1/object/public/parts-images/drive-source/82843f7348ae43b80be6/GB00039.PIC.023042.jpg?v=82843f7348ae43b80be6
GB00040,DATA1_Images/GB00040.PIC.103708.jpg,drive-source/a7bf11613490260debec/GB00040.PIC.103708.jpg,UPLOADED,https://cyacvmjkqgnbihivsrtf.supabase.co/storage/v1/object/public/parts-images/drive-source/a7bf11613490260debec/GB00040.PIC.103708.jpg?v=a7bf11613490260debec
GB00041,DATA1_Images/GB00041.PIC.103721.png,drive-source/29caf806140e3ddc53fe/GB00041.PIC.103721.png,UPLOADED,https://cyacvmjkqgnbihivsrtf.supabase.co/storage/v1/object/public/parts-images/drive-source/29caf806140e3ddc53fe/GB00041.PIC.103721.png?v=29caf806140e3ddc53fe
GB00042,DATA1_Images/GB00042.PIC.103736.jpg,drive-source/aca736a8a54852a91789/GB00042.PIC.103736.jpg,UPLOADED,https://cyacvmjkqgnbihivsrtf.supabase.co/storage/v1/object/public/parts-images/drive-source/aca736a8a54852a91789/GB00042.PIC.103736.jpg?v=aca736a8a54852a91789
GB00043,DATA1_Images/GB00043.PIC.103746.png,drive-source/ec1b1ed1337bb949715c/GB00043.PIC.103746.png,UPLOADED,https://cyacvmjkqgnbihivsrtf.supabase.co/storage/v1/object/public/parts-images/drive-source/ec1b1ed1337bb949715c/GB00043.PIC.103746.png?v=ec1b1ed1337bb949715c
GB00044,DATA1_Images/GB00044.PIC.103754.jpg,drive-source/da51e60f2237fd4f527e/GB00044.PIC.103754.jpg,UPLOADED,https://cyacvmjkqgnbihivsrtf.supabase.co/storage/v1/object/public/parts-images/drive-source/da51e60f2237fd4f527e/GB00044.PIC.103754.jpg?v=da51e60f2237fd4f527e
GB00045,DATA1_Images/GB00045.PIC.103807.jpg,drive-source/cb0a2488bd803d46f926/GB00045.PIC.103807.jpg,UPLOADED,https://cyacvmjkqgnbihivsrtf.supabase.co/storage/v1/object/public/parts-images/drive-source/cb0a2488bd803d46f926/GB00045.PIC.103807.jpg?v=cb0a2488bd803d46f926
GB00046,DATA1_Images/GB00046.PIC.114730.jpg,drive-source/2dd664f500a4faa5df64/GB00046.PIC.114730.jpg,UPLOADED,https://cyacvmjkqgnbihivsrtf.supabase.co/storage/v1/object/public/parts-images/drive-source/2dd664f500a4faa5df64/GB00046.PIC.114730.jpg?v=2dd664f500a4faa5df64
GB00047,DATA1_Images/GB00047.PIC.023143.jpg,drive-source/cd775523610823c5f387/GB00047.PIC.023143.jpg,UPLOADED,https://cyacvmjkqgnbihivsrtf.supabase.co/storage/v1/object/public/parts-images/drive-source/cd775523610823c5f387/GB00047.PIC.023143.jpg?v=cd775523610823c5f387
GB00048,DATA1_Images/GB00048.PIC.103848.jpg,drive-source/5c96cbc5737761039379/GB00048.PIC.103848.jpg,UPLOADED,https://cyacvmjkqgnbihivsrtf.supabase.co/storage/v1/object/public/parts-images/drive-source/5c96cbc5737761039379/GB00048.PIC.103848.jpg?v=5c96cbc5737761039379
GB00049,DATA1_Images/GB00049.PIC.103840.jpg,drive-source/c255e076c5318efd780b/GB00049.PIC.103840.jpg,UPLOADED,https://cyacvmjkqgnbihivsrtf.supabase.co/storage/v1/object/public/parts-images/drive-source/c255e076c5318efd780b/GB00049.PIC.103840.jpg?v=c255e076c5318efd780b
GB00050,DATA1_Images/GB00050.PIC.023256.jpg,drive-source/6dc51588f3d1e92e6213/GB00050.PIC.023256.jpg,UPLOADED,https://cyacvmjkqgnbihivsrtf.supabase.co/storage/v1/object/public/parts-images/drive-source/6dc51588f3d1e92e6213/GB00050.PIC.023256.jpg?v=6dc51588f3d1e92e6213
GB00053,DATA1_Images/GB00053.PIC.023356.jpg,drive-source/59bdb29a5b5434930ad0/GB00053.PIC.023356.jpg,UPLOADED,https://cyacvmjkqgnbihivsrtf.supabase.co/storage/v1/object/public/parts-images/drive-source/59bdb29a5b5434930ad0/GB00053.PIC.023356.jpg?v=59bdb29a5b5434930ad0
GB00054,DATA1_Images/GB00054.PIC.103923.jpg,drive-source/6034a210012758c90fc9/GB00054.PIC.103923.jpg,UPLOADED,https://cyacvmjkqgnbihivsrtf.supabase.co/storage/v1/object/public/parts-images/drive-source/6034a210012758c90fc9/GB00054.PIC.103923.jpg?v=6034a210012758c90fc9
GB00055,DATA1_Images/GB00055.PIC.103935.jpg,drive-source/9c4e176eb163cac852fa/GB00055.PIC.103935.jpg,UPLOADED,https://cyacvmjkqgnbihivsrtf.supabase.co/storage/v1/object/public/parts-images/drive-source/9c4e176eb163cac852fa/GB00055.PIC.103935.jpg?v=9c4e176eb163cac852fa
GB00056,DATA1_Images/GB00056.PIC.103955.jpg,drive-source/a33b5905300d59864561/GB00056.PIC.103955.jpg,UPLOADED,https://cyacvmjkqgnbihivsrtf.supabase.co/storage/v1/object/public/parts-images/drive-source/a33b5905300d59864561/GB00056.PIC.103955.jpg?v=a33b5905300d59864561
GB00058,DATA1_Images/GB00058.PIC.104003.jpg,drive-source/6ef0d9d69413f902beee/GB00058.PIC.104003.jpg,UPLOADED,https://cyacvmjkqgnbihivsrtf.supabase.co/storage/v1/object/public/parts-images/drive-source/6ef0d9d69413f902beee/GB00058.PIC.104003.jpg?v=6ef0d9d69413f902beee
GB00060,DATA1_Images/GB00060.PIC.104023.jpg,drive-source/ddf95a5826f97a89d61b/GB00060.PIC.104023.jpg,UPLOADED,https://cyacvmjkqgnbihivsrtf.supabase.co/storage/v1/object/public/parts-images/drive-source/ddf95a5826f97a89d61b/GB00060.PIC.104023.jpg?v=ddf95a5826f97a89d61b
GB00062,DATA1_Images/GB00062.PIC.023546.jpg,drive-source/14fd0b9383271fcb4443/GB00062.PIC.023546.jpg,UPLOADED,https://cyacvmjkqgnbihivsrtf.supabase.co/storage/v1/object/public/parts-images/drive-source/14fd0b9383271fcb4443/GB00062.PIC.023546.jpg?v=14fd0b9383271fcb4443
GB00063,DATA1_Images/GB00063.PIC.023633.jpg,drive-source/adf15d43d25d74cd7bb9/GB00063.PIC.023633.jpg,UPLOADED,https://cyacvmjkqgnbihivsrtf.supabase.co/storage/v1/object/public/parts-images/drive-source/adf15d43d25d74cd7bb9/GB00063.PIC.023633.jpg?v=adf15d43d25d74cd7bb9
GB00064,DATA1_Images/GB00064.PIC.103553.jpg,drive-source/a781cf3f227a510d500c/GB00064.PIC.103553.jpg,UPLOADED,https://cyacvmjkqgnbihivsrtf.supabase.co/storage/v1/object/public/parts-images/drive-source/a781cf3f227a510d500c/GB00064.PIC.103553.jpg?v=a781cf3f227a510d500c
GB00065,DATA1_Images/GB00065.PIC.023716.jpg,drive-source/12aa4d7818ad03bae403/GB00065.PIC.023716.jpg,UPLOADED,https://cyacvmjkqgnbihivsrtf.supabase.co/storage/v1/object/public/parts-images/drive-source/12aa4d7818ad03bae403/GB00065.PIC.023716.jpg?v=12aa4d7818ad03bae403
GB00066,DATA1_Images/GB00066.PIC.023820.jpg,drive-source/599f9c24c72fc6ade225/GB00066.PIC.023820.jpg,UPLOADED,https://cyacvmjkqgnbihivsrtf.supabase.co/storage/v1/object/public/parts-images/drive-source/599f9c24c72fc6ade225/GB00066.PIC.023820.jpg?v=599f9c24c72fc6ade225
GB00067,DATA1_Images/GB00067.PIC.024024.jpg,drive-source/767c85badf1972ef31e3/GB00067.PIC.024024.jpg,UPLOADED,https://cyacvmjkqgnbihivsrtf.supabase.co/storage/v1/object/public/parts-images/drive-source/767c85badf1972ef31e3/GB00067.PIC.024024.jpg?v=767c85badf1972ef31e3
GB00068,DATA1_Images/GB00068.PIC.024130.jpg,drive-source/8fca141e4dbfd1b0c2e7/GB00068.PIC.024130.jpg,UPLOADED,https://cyacvmjkqgnbihivsrtf.supabase.co/storage/v1/object/public/parts-images/drive-source/8fca141e4dbfd1b0c2e7/GB00068.PIC.024130.jpg?v=8fca141e4dbfd1b0c2e7
GB00069,DATA1_Images/GB00069.PIC.024254.jpg,drive-source/dc642a4721db2494d891/GB00069.PIC.024254.jpg,UPLOADED,https://cyacvmjkqgnbihivsrtf.supabase.co/storage/v1/object/public/parts-images/drive-source/dc642a4721db2494d891/GB00069.PIC.024254.jpg?v=dc642a4721db2494d891
GB00070,DATA1_Images/GB00070.PIC.024354.jpg,drive-source/90222157a329b758ac81/GB00070.PIC.024354.jpg,UPLOADED,https://cyacvmjkqgnbihivsrtf.supabase.co/storage/v1/object/public/parts-images/drive-source/90222157a329b758ac81/GB00070.PIC.024354.jpg?v=90222157a329b758ac81
GB00071,DATA1_Images/GB00071.PIC.024513.jpg,drive-source/adc46d426d4ca12d9398/GB00071.PIC.024513.jpg,UPLOADED,https://cyacvmjkqgnbihivsrtf.supabase.co/storage/v1/object/public/parts-images/drive-source/adc46d426d4ca12d9398/GB00071.PIC.024513.jpg?v=adc46d426d4ca12d9398
GB00073,DATA1_Images/GB00073.PIC.024552.jpg,drive-source/988cff60f0649331831f/GB00073.PIC.024552.jpg,UPLOADED,https://cyacvmjkqgnbihivsrtf.supabase.co/storage/v1/object/public/parts-images/drive-source/988cff60f0649331831f/GB00073.PIC.024552.jpg?v=988cff60f0649331831f
GB00078,DATA1_Images/GB00078.PIC.110330.jpg,drive-source/7bb9622f74061e9fa87a/GB00078.PIC.110330.jpg,UPLOADED,https://cyacvmjkqgnbihivsrtf.supabase.co/storage/v1/object/public/parts-images/drive-source/7bb9622f74061e9fa87a/GB00078.PIC.110330.jpg?v=7bb9622f74061e9fa87a
GB00079,DATA1_Images/GB00079.PIC.110751.jpg,drive-source/f75cc3824a863c5764d9/GB00079.PIC.110751.jpg,UPLOADED,https://cyacvmjkqgnbihivsrtf.supabase.co/storage/v1/object/public/parts-images/drive-source/f75cc3824a863c5764d9/GB00079.PIC.110751.jpg?v=f75cc3824a863c5764d9
GB00080,DATA1_Images/GB00080.PIC.020432.jpg,drive-source/a666f88524a1c7a5821a/GB00080.PIC.020432.jpg,UPLOADED,https://cyacvmjkqgnbihivsrtf.supabase.co/storage/v1/object/public/parts-images/drive-source/a666f88524a1c7a5821a/GB00080.PIC.020432.jpg?v=a666f88524a1c7a5821a
GB00081,DATA1_Images/GB00081.PIC.111024.jpg,drive-source/3fab666ccbe9716acad2/GB00081.PIC.111024.jpg,UPLOADED,https://cyacvmjkqgnbihivsrtf.supabase.co/storage/v1/object/public/parts-images/drive-source/3fab666ccbe9716acad2/GB00081.PIC.111024.jpg?v=3fab666ccbe9716acad2
GB00082,DATA1_Images/GB00082.PIC.020524.jpg,drive-source/633817894d5128d67c99/GB00082.PIC.020524.jpg,UPLOADED,https://cyacvmjkqgnbihivsrtf.supabase.co/storage/v1/object/public/parts-images/drive-source/633817894d5128d67c99/GB00082.PIC.020524.jpg?v=633817894d5128d67c99
GB00083,DATA1_Images/GB00083.PIC.020548.jpg,drive-source/3ac7c0b14558cd79e3e9/GB00083.PIC.020548.jpg,UPLOADED,https://cyacvmjkqgnbihivsrtf.supabase.co/storage/v1/object/public/parts-images/drive-source/3ac7c0b14558cd79e3e9/GB00083.PIC.020548.jpg?v=3ac7c0b14558cd79e3e9
GB00084,DATA1_Images/GB00084.PIC.020643.jpg,drive-source/3b50cc42225add3f056b/GB00084.PIC.020643.jpg,UPLOADED,https://cyacvmjkqgnbihivsrtf.supabase.co/storage/v1/object/public/parts-images/drive-source/3b50cc42225add3f056b/GB00084.PIC.020643.jpg?v=3b50cc42225add3f056b
GB00085,DATA1_Images/GB00085.PIC.020742.jpg,drive-source/29a6fd2fdfeecfcc22ae/GB00085.PIC.020742.jpg,UPLOADED,https://cyacvmjkqgnbihivsrtf.supabase.co/storage/v1/object/public/parts-images/drive-source/29a6fd2fdfeecfcc22ae/GB00085.PIC.020742.jpg?v=29a6fd2fdfeecfcc22ae
GB00086,DATA1_Images/GB00086.PIC.022409.jpg,drive-source/bc6df38c95729d0286a8/GB00086.PIC.022409.jpg,UPLOADED,https://cyacvmjkqgnbihivsrtf.supabase.co/storage/v1/object/public/parts-images/drive-source/bc6df38c95729d0286a8/GB00086.PIC.022409.jpg?v=bc6df38c95729d0286a8
GB00087,DATA1_Images/GB00087.PIC.104359.jpg,drive-source/d89b9ad68f659604d27c/GB00087.PIC.104359.jpg,UPLOADED,https://cyacvmjkqgnbihivsrtf.supabase.co/storage/v1/object/public/parts-images/drive-source/d89b9ad68f659604d27c/GB00087.PIC.104359.jpg?v=d89b9ad68f659604d27c
GB00088,DATA1_Images/GB00088.PIC.020921.jpg,drive-source/3a74922db7e1ff771f2b/GB00088.PIC.020921.jpg,UPLOADED,https://cyacvmjkqgnbihivsrtf.supabase.co/storage/v1/object/public/parts-images/drive-source/3a74922db7e1ff771f2b/GB00088.PIC.020921.jpg?v=3a74922db7e1ff771f2b
GB00089,DATA1_Images/GB00089.PIC.021005.jpg,drive-source/02dfbdcf22b3253dbc44/GB00089.PIC.021005.jpg,UPLOADED,https://cyacvmjkqgnbihivsrtf.supabase.co/storage/v1/object/public/parts-images/drive-source/02dfbdcf22b3253dbc44/GB00089.PIC.021005.jpg?v=02dfbdcf22b3253dbc44
GB00090,DATA1_Images/GB00090.PIC.021041.jpg,drive-source/01b2631c05a514d06c87/GB00090.PIC.021041.jpg,UPLOADED,https://cyacvmjkqgnbihivsrtf.supabase.co/storage/v1/object/public/parts-images/drive-source/01b2631c05a514d06c87/GB00090.PIC.021041.jpg?v=01b2631c05a514d06c87
GB00091,DATA1_Images/GB00091.PIC.111221.jpg,drive-source/0ee9f57448961d34a255/GB00091.PIC.111221.jpg,UPLOADED,https://cyacvmjkqgnbihivsrtf.supabase.co/storage/v1/object/public/parts-images/drive-source/0ee9f57448961d34a255/GB00091.PIC.111221.jpg?v=0ee9f57448961d34a255
GB00092,DATA1_Images/GB00092.PIC.021132.jpg,drive-source/96c366e5ec86b4a6bffe/GB00092.PIC.021132.jpg,UPLOADED,https://cyacvmjkqgnbihivsrtf.supabase.co/storage/v1/object/public/parts-images/drive-source/96c366e5ec86b4a6bffe/GB00092.PIC.021132.jpg?v=96c366e5ec86b4a6bffe
GB00093,DATA1_Images/GB00093.PIC.111230.jpg,drive-source/e26583569cd06ae85a39/GB00093.PIC.111230.jpg,UPLOADED,https://cyacvmjkqgnbihivsrtf.supabase.co/storage/v1/object/public/parts-images/drive-source/e26583569cd06ae85a39/GB00093.PIC.111230.jpg?v=e26583569cd06ae85a39
GB00094,DATA1_Images/GB00094.PIC.021211.jpg,drive-source/4e42958fedcc2e416c48/GB00094.PIC.021211.jpg,UPLOADED,https://cyacvmjkqgnbihivsrtf.supabase.co/storage/v1/object/public/parts-images/drive-source/4e42958fedcc2e416c48/GB00094.PIC.021211.jpg?v=4e42958fedcc2e416c48
GB00095,DATA1_Images/GB00095.PIC.021307.jpg,drive-source/62c3d8f0eb041972a7c9/GB00095.PIC.021307.jpg,UPLOADED,https://cyacvmjkqgnbihivsrtf.supabase.co/storage/v1/object/public/parts-images/drive-source/62c3d8f0eb041972a7c9/GB00095.PIC.021307.jpg?v=62c3d8f0eb041972a7c9
GB00096,DATA1_Images/GB00096.PIC.111343.jpg,drive-source/c0a29eb93fac1f98b3f7/GB00096.PIC.111343.jpg,UPLOADED,https://cyacvmjkqgnbihivsrtf.supabase.co/storage/v1/object/public/parts-images/drive-source/c0a29eb93fac1f98b3f7/GB00096.PIC.111343.jpg?v=c0a29eb93fac1f98b3f7
GB00097,DATA1_Images/GB00097.PIC.021402.jpg,drive-source/202cbefbfb4b7a6ea921/GB00097.PIC.021402.jpg,UPLOADED,https://cyacvmjkqgnbihivsrtf.supabase.co/storage/v1/object/public/parts-images/drive-source/202cbefbfb4b7a6ea921/GB00097.PIC.021402.jpg?v=202cbefbfb4b7a6ea921
GB00098,DATA1_Images/GB00098.PIC.071534.jpg,drive-source/ecdbc5b68206f2365c56/GB00098.PIC.071534.jpg,UPLOADED,https://cyacvmjkqgnbihivsrtf.supabase.co/storage/v1/object/public/parts-images/drive-source/ecdbc5b68206f2365c56/GB00098.PIC.071534.jpg?v=ecdbc5b68206f2365c56
GB00099,DATA1_Images/GB00099.PIC.071544.jpg,drive-source/0cec90c304946bc34e70/GB00099.PIC.071544.jpg,UPLOADED,https://cyacvmjkqgnbihivsrtf.supabase.co/storage/v1/object/public/parts-images/drive-source/0cec90c304946bc34e70/GB00099.PIC.071544.jpg?v=0cec90c304946bc34e70
GB00100,DATA1_Images/GB00100.PIC.071557.jpg,drive-source/7da0acdf23c42faa8023/GB00100.PIC.071557.jpg,UPLOADED,https://cyacvmjkqgnbihivsrtf.supabase.co/storage/v1/object/public/parts-images/drive-source/7da0acdf23c42faa8023/GB00100.PIC.071557.jpg?v=7da0acdf23c42faa8023
GB00101,DATA1_Images/GB00101.PIC.071605.jpg,drive-source/9f7b3ed25b63ab9e27be/GB00101.PIC.071605.jpg,UPLOADED,https://cyacvmjkqgnbihivsrtf.supabase.co/storage/v1/object/public/parts-images/drive-source/9f7b3ed25b63ab9e27be/GB00101.PIC.071605.jpg?v=9f7b3ed25b63ab9e27be
GB00102,DATA1_Images/GB00102.PIC.071620.jpg,drive-source/120e8c615ba37927b861/GB00102.PIC.071620.jpg,UPLOADED,https://cyacvmjkqgnbihivsrtf.supabase.co/storage/v1/object/public/parts-images/drive-source/120e8c615ba37927b861/GB00102.PIC.071620.jpg?v=120e8c615ba37927b861
GB00103,DATA1_Images/GB00103.PIC.071628.jpg,drive-source/dfc4a537d4d92ab1e218/GB00103.PIC.071628.jpg,UPLOADED,https://cyacvmjkqgnbihivsrtf.supabase.co/storage/v1/object/public/parts-images/drive-source/dfc4a537d4d92ab1e218/GB00103.PIC.071628.jpg?v=dfc4a537d4d92ab1e218
GB00104,DATA1_Images/GB00104.PIC.071637.jpg,drive-source/baa7171330e86cb5ed6e/GB00104.PIC.071637.jpg,UPLOADED,https://cyacvmjkqgnbihivsrtf.supabase.co/storage/v1/object/public/parts-images/drive-source/baa7171330e86cb5ed6e/GB00104.PIC.071637.jpg?v=baa7171330e86cb5ed6e
GB00105,DATA1_Images/GB00105.PIC.071647.jpg,drive-source/092cea1f624b9c3d54d9/GB00105.PIC.071647.jpg,UPLOADED,https://cyacvmjkqgnbihivsrtf.supabase.co/storage/v1/object/public/parts-images/drive-source/092cea1f624b9c3d54d9/GB00105.PIC.071647.jpg?v=092cea1f624b9c3d54d9
GB00106,DATA1_Images/GB00106.PIC.072918.jpg,drive-source/645d88f41b00851e417b/GB00106.PIC.072918.jpg,UPLOADED,https://cyacvmjkqgnbihivsrtf.supabase.co/storage/v1/object/public/parts-images/drive-source/645d88f41b00851e417b/GB00106.PIC.072918.jpg?v=645d88f41b00851e417b
GB00107,DATA1_Images/GB00107.PIC.073255.jpg,drive-source/df2eb9029dfc826b0100/GB00107.PIC.073255.jpg,UPLOADED,https://cyacvmjkqgnbihivsrtf.supabase.co/storage/v1/object/public/parts-images/drive-source/df2eb9029dfc826b0100/GB00107.PIC.073255.jpg?v=df2eb9029dfc826b0100
GB00108,DATA1_Images/GB00108.PIC.073302.jpg,drive-source/72a509c3605a19829b6f/GB00108.PIC.073302.jpg,UPLOADED,https://cyacvmjkqgnbihivsrtf.supabase.co/storage/v1/object/public/parts-images/drive-source/72a509c3605a19829b6f/GB00108.PIC.073302.jpg?v=72a509c3605a19829b6f
GB00109,DATA1_Images/GB00109.PIC.073309.jpg,drive-source/f9f7264a85472986a659/GB00109.PIC.073309.jpg,UPLOADED,https://cyacvmjkqgnbihivsrtf.supabase.co/storage/v1/object/public/parts-images/drive-source/f9f7264a85472986a659/GB00109.PIC.073309.jpg?v=f9f7264a85472986a659
GBOX00002,DATA1_Images/GBOX00002.PIC.064720.png,drive-source/0adcf4776d8adee01be1/GBOX00002.PIC.064720.png,UPLOADED,https://cyacvmjkqgnbihivsrtf.supabase.co/storage/v1/object/public/parts-images/drive-source/0adcf4776d8adee01be1/GBOX00002.PIC.064720.png?v=0adcf4776d8adee01be1
GBOX00003,DATA1_Images/GBOX00003.PIC.064729.png,drive-source/49c208018d9e6135940a/GBOX00003.PIC.064729.png,UPLOADED,https://cyacvmjkqgnbihivsrtf.supabase.co/storage/v1/object/public/parts-images/drive-source/49c208018d9e6135940a/GBOX00003.PIC.064729.png?v=49c208018d9e6135940a
GBOX00004,DATA1_Images/GBOX00004.PIC.064738.png,drive-source/6aae525de0eea15739f2/GBOX00004.PIC.064738.png,UPLOADED,https://cyacvmjkqgnbihivsrtf.supabase.co/storage/v1/object/public/parts-images/drive-source/6aae525de0eea15739f2/GBOX00004.PIC.064738.png?v=6aae525de0eea15739f2
GBOX00005,DATA1_Images/GBOX00005.PIC.064746.jpg,drive-source/1409c665852305d2cbf7/GBOX00005.PIC.064746.jpg,UPLOADED,https://cyacvmjkqgnbihivsrtf.supabase.co/storage/v1/object/public/parts-images/drive-source/1409c665852305d2cbf7/GBOX00005.PIC.064746.jpg?v=1409c665852305d2cbf7
GBOX00006,DATA1_Images/GBOX00006.PIC.064752.jpg,drive-source/a16d7997608c0489241a/GBOX00006.PIC.064752.jpg,UPLOADED,https://cyacvmjkqgnbihivsrtf.supabase.co/storage/v1/object/public/parts-images/drive-source/a16d7997608c0489241a/GBOX00006.PIC.064752.jpg?v=a16d7997608c0489241a
GBOX00007,DATA1_Images/GBOX00007.PIC.064802.jpg,drive-source/ccdc2c9115095cc1a7cf/GBOX00007.PIC.064802.jpg,UPLOADED,https://cyacvmjkqgnbihivsrtf.supabase.co/storage/v1/object/public/parts-images/drive-source/ccdc2c9115095cc1a7cf/GBOX00007.PIC.064802.jpg?v=ccdc2c9115095cc1a7cf
GBOX00008,DATA1_Images/GBOX00008.PIC.064812.jpg,drive-source/6dfcf8a38223d19e2415/GBOX00008.PIC.064812.jpg,UPLOADED,https://cyacvmjkqgnbihivsrtf.supabase.co/storage/v1/object/public/parts-images/drive-source/6dfcf8a38223d19e2415/GBOX00008.PIC.064812.jpg?v=6dfcf8a38223d19e2415
GBOX00009,DATA1_Images/GBOX00009.PIC.064824.png,drive-source/5aacfbce393882ee4ecf/GBOX00009.PIC.064824.png,UPLOADED,https://cyacvmjkqgnbihivsrtf.supabase.co/storage/v1/object/public/parts-images/drive-source/5aacfbce393882ee4ecf/GBOX00009.PIC.064824.png?v=5aacfbce393882ee4ecf
GBTR00001,DATA1_Images/GBTR00001.PIC.071916.jpg,drive-source/cc6506e69de75d4f5142/GBTR00001.PIC.071916.jpg,UPLOADED,https://cyacvmjkqgnbihivsrtf.supabase.co/storage/v1/object/public/parts-images/drive-source/cc6506e69de75d4f5142/GBTR00001.PIC.071916.jpg?v=cc6506e69de75d4f5142
GBTR00002,DATA1_Images/GBTR00002.PIC.071926.jpg,drive-source/2cf2c1455c690ced406d/GBTR00002.PIC.071926.jpg,UPLOADED,https://cyacvmjkqgnbihivsrtf.supabase.co/storage/v1/object/public/parts-images/drive-source/2cf2c1455c690ced406d/GBTR00002.PIC.071926.jpg?v=2cf2c1455c690ced406d
GBTR00003,DATA1_Images/GBTR00003.PIC.071934.jpg,drive-source/116efb774871eda0907f/GBTR00003.PIC.071934.jpg,UPLOADED,https://cyacvmjkqgnbihivsrtf.supabase.co/storage/v1/object/public/parts-images/drive-source/116efb774871eda0907f/GBTR00003.PIC.071934.jpg?v=116efb774871eda0907f
GBTR00004,DATA1_Images/GBTR00004.PIC.071940.jpg,drive-source/d94a6d9a45be1fa475b0/GBTR00004.PIC.071940.jpg,UPLOADED,https://cyacvmjkqgnbihivsrtf.supabase.co/storage/v1/object/public/parts-images/drive-source/d94a6d9a45be1fa475b0/GBTR00004.PIC.071940.jpg?v=d94a6d9a45be1fa475b0
GBTR00005,DATA1_Images/GBTR00005.PIC.071949.jpg,drive-source/e8ad588298d7ca1efbe2/GBTR00005.PIC.071949.jpg,UPLOADED,https://cyacvmjkqgnbihivsrtf.supabase.co/storage/v1/object/public/parts-images/drive-source/e8ad588298d7ca1efbe2/GBTR00005.PIC.071949.jpg?v=e8ad588298d7ca1efbe2
GBTR00006,DATA1_Images/GBTR00006.PIC.071959.jpg,drive-source/96574e9098072d12c002/GBTR00006.PIC.071959.jpg,UPLOADED,https://cyacvmjkqgnbihivsrtf.supabase.co/storage/v1/object/public/parts-images/drive-source/96574e9098072d12c002/GBTR00006.PIC.071959.jpg?v=96574e9098072d12c002
GBTR00007,DATA1_Images/GBTR00007.PIC.072004.jpg,drive-source/04ec3d410d2df7c66b7f/GBTR00007.PIC.072004.jpg,UPLOADED,https://cyacvmjkqgnbihivsrtf.supabase.co/storage/v1/object/public/parts-images/drive-source/04ec3d410d2df7c66b7f/GBTR00007.PIC.072004.jpg?v=04ec3d410d2df7c66b7f
GBTR00008,DATA1_Images/GBTR00008.PIC.072011.jpg,drive-source/22cf0b928d1206ee2329/GBTR00008.PIC.072011.jpg,UPLOADED,https://cyacvmjkqgnbihivsrtf.supabase.co/storage/v1/object/public/parts-images/drive-source/22cf0b928d1206ee2329/GBTR00008.PIC.072011.jpg?v=22cf0b928d1206ee2329
GBTR00009,DATA1_Images/GBTR00009.PIC.072024.jpg,drive-source/cf9680b8e8a5746e41ab/GBTR00009.PIC.072024.jpg,UPLOADED,https://cyacvmjkqgnbihivsrtf.supabase.co/storage/v1/object/public/parts-images/drive-source/cf9680b8e8a5746e41ab/GBTR00009.PIC.072024.jpg?v=cf9680b8e8a5746e41ab
GBTR00010,DATA1_Images/GBTR00010.PIC.072036.jpg,drive-source/607c50908c2b5576b3b0/GBTR00010.PIC.072036.jpg,UPLOADED,https://cyacvmjkqgnbihivsrtf.supabase.co/storage/v1/object/public/parts-images/drive-source/607c50908c2b5576b3b0/GBTR00010.PIC.072036.jpg?v=607c50908c2b5576b3b0
GBTR00011,DATA1_Images/GBTR00011.PIC.072042.jpg,drive-source/8dff25e886ab4b0d76e7/GBTR00011.PIC.072042.jpg,UPLOADED,https://cyacvmjkqgnbihivsrtf.supabase.co/storage/v1/object/public/parts-images/drive-source/8dff25e886ab4b0d76e7/GBTR00011.PIC.072042.jpg?v=8dff25e886ab4b0d76e7
GBTR00012,DATA1_Images/GBTR00012.PIC.072048.jpg,drive-source/3a5eb7cb876c35e79436/GBTR00012.PIC.072048.jpg,UPLOADED,https://cyacvmjkqgnbihivsrtf.supabase.co/storage/v1/object/public/parts-images/drive-source/3a5eb7cb876c35e79436/GBTR00012.PIC.072048.jpg?v=3a5eb7cb876c35e79436
GBTR00013,DATA1_Images/GBTR00013.PIC.072054.jpg,drive-source/32ea60cfc9f16821df20/GBTR00013.PIC.072054.jpg,UPLOADED,https://cyacvmjkqgnbihivsrtf.supabase.co/storage/v1/object/public/parts-images/drive-source/32ea60cfc9f16821df20/GBTR00013.PIC.072054.jpg?v=32ea60cfc9f16821df20
GBTR00014,DATA1_Images/GBTR00014.PIC.072100.jpg,drive-source/85715f79b7b4ad90bfe8/GBTR00014.PIC.072100.jpg,UPLOADED,https://cyacvmjkqgnbihivsrtf.supabase.co/storage/v1/object/public/parts-images/drive-source/85715f79b7b4ad90bfe8/GBTR00014.PIC.072100.jpg?v=85715f79b7b4ad90bfe8
GBTR00015,DATA1_Images/GBTR00015.PIC.072106.jpg,drive-source/1c00d0d5600afd3305e9/GBTR00015.PIC.072106.jpg,UPLOADED,https://cyacvmjkqgnbihivsrtf.supabase.co/storage/v1/object/public/parts-images/drive-source/1c00d0d5600afd3305e9/GBTR00015.PIC.072106.jpg?v=1c00d0d5600afd3305e9
GBTR00016,DATA1_Images/GBTR00016.PIC.072112.png,drive-source/eebfacacfbc17354577b/GBTR00016.PIC.072112.png,UPLOADED,https://cyacvmjkqgnbihivsrtf.supabase.co/storage/v1/object/public/parts-images/drive-source/eebfacacfbc17354577b/GBTR00016.PIC.072112.png?v=eebfacacfbc17354577b
GBTR00017,DATA1_Images/GBTR00017.PIC.072124.jpg,drive-source/c7a75c5924a649ced9eb/GBTR00017.PIC.072124.jpg,UPLOADED,https://cyacvmjkqgnbihivsrtf.supabase.co/storage/v1/object/public/parts-images/drive-source/c7a75c5924a649ced9eb/GBTR00017.PIC.072124.jpg?v=c7a75c5924a649ced9eb
GBTR00018,DATA1_Images/GBTR00018.PIC.072133.jpg,drive-source/6c90eccdeabe982ea29d/GBTR00018.PIC.072133.jpg,UPLOADED,https://cyacvmjkqgnbihivsrtf.supabase.co/storage/v1/object/public/parts-images/drive-source/6c90eccdeabe982ea29d/GBTR00018.PIC.072133.jpg?v=6c90eccdeabe982ea29d
GBTR00019,DATA1_Images/GBTR00019.PIC.072139.jpg,drive-source/bfc9bf6a2e48542b42a3/GBTR00019.PIC.072139.jpg,UPLOADED,https://cyacvmjkqgnbihivsrtf.supabase.co/storage/v1/object/public/parts-images/drive-source/bfc9bf6a2e48542b42a3/GBTR00019.PIC.072139.jpg?v=bfc9bf6a2e48542b42a3
GBTR00020,DATA1_Images/GBTR00020.PIC.072145.jpg,drive-source/4dc4baaf873dbe5380e2/GBTR00020.PIC.072145.jpg,UPLOADED,https://cyacvmjkqgnbihivsrtf.supabase.co/storage/v1/object/public/parts-images/drive-source/4dc4baaf873dbe5380e2/GBTR00020.PIC.072145.jpg?v=4dc4baaf873dbe5380e2
GBTR00021,DATA1_Images/GBTR00021.PIC.065454.jpg,drive-source/e8e8ba6974b268f028c1/GBTR00021.PIC.065454.jpg,UPLOADED,https://cyacvmjkqgnbihivsrtf.supabase.co/storage/v1/object/public/parts-images/drive-source/e8e8ba6974b268f028c1/GBTR00021.PIC.065454.jpg?v=e8e8ba6974b268f028c1
GBTR00022,DATA1_Images/GBTR00022.PIC.072228.jpg,drive-source/3ed166bd84d9faf05bfd/GBTR00022.PIC.072228.jpg,UPLOADED,https://cyacvmjkqgnbihivsrtf.supabase.co/storage/v1/object/public/parts-images/drive-source/3ed166bd84d9faf05bfd/GBTR00022.PIC.072228.jpg?v=3ed166bd84d9faf05bfd
GBTR00023,DATA1_Images/GBTR00023.PIC.072303.jpg,drive-source/a7908e9ad0b4f2c574ea/GBTR00023.PIC.072303.jpg,UPLOADED,https://cyacvmjkqgnbihivsrtf.supabase.co/storage/v1/object/public/parts-images/drive-source/a7908e9ad0b4f2c574ea/GBTR00023.PIC.072303.jpg?v=a7908e9ad0b4f2c574ea
GBTR00024,DATA1_Images/GBTR00024.PIC.065132.jpg,drive-source/a74b39ec9ef1f74a93f2/GBTR00024.PIC.065132.jpg,UPLOADED,https://cyacvmjkqgnbihivsrtf.supabase.co/storage/v1/object/public/parts-images/drive-source/a74b39ec9ef1f74a93f2/GBTR00024.PIC.065132.jpg?v=a74b39ec9ef1f74a93f2
GBTR00025,DATA1_Images/GBTR00025.PIC.065148.jpg,drive-source/72a728ac93181d8b4c12/GBTR00025.PIC.065148.jpg,UPLOADED,https://cyacvmjkqgnbihivsrtf.supabase.co/storage/v1/object/public/parts-images/drive-source/72a728ac93181d8b4c12/GBTR00025.PIC.065148.jpg?v=72a728ac93181d8b4c12
GBTR00026,DATA1_Images/GBTR00026.PIC.065337.jpg,drive-source/3bde5464ff586414b1a0/GBTR00026.PIC.065337.jpg,UPLOADED,https://cyacvmjkqgnbihivsrtf.supabase.co/storage/v1/object/public/parts-images/drive-source/3bde5464ff586414b1a0/GBTR00026.PIC.065337.jpg?v=3bde5464ff586414b1a0
GCNT00001,DATA1_Images/GCNT00001.PIC.071553.jpg,drive-source/8bd5bd7e199c4bf1df97/GCNT00001.PIC.071553.jpg,UPLOADED,https://cyacvmjkqgnbihivsrtf.supabase.co/storage/v1/object/public/parts-images/drive-source/8bd5bd7e199c4bf1df97/GCNT00001.PIC.071553.jpg?v=8bd5bd7e199c4bf1df97
GCNT00002,DATA1_Images/GCNT00002.PIC.071601.jpg,drive-source/b2b8efe84b0deb18a468/GCNT00002.PIC.071601.jpg,UPLOADED,https://cyacvmjkqgnbihivsrtf.supabase.co/storage/v1/object/public/parts-images/drive-source/b2b8efe84b0deb18a468/GCNT00002.PIC.071601.jpg?v=b2b8efe84b0deb18a468
GCNT00003,DATA1_Images/GCNT00003.PIC.071612.jpg,drive-source/e01c41d902dead03d69f/GCNT00003.PIC.071612.jpg,UPLOADED,https://cyacvmjkqgnbihivsrtf.supabase.co/storage/v1/object/public/parts-images/drive-source/e01c41d902dead03d69f/GCNT00003.PIC.071612.jpg?v=e01c41d902dead03d69f
GCNT00004,DATA1_Images/GCNT00004.PIC.071620.jpg,drive-source/9400a12f5ebac4e8d51d/GCNT00004.PIC.071620.jpg,UPLOADED,https://cyacvmjkqgnbihivsrtf.supabase.co/storage/v1/object/public/parts-images/drive-source/9400a12f5ebac4e8d51d/GCNT00004.PIC.071620.jpg?v=9400a12f5ebac4e8d51d
GCNT00008,DATA1_Images/GCNT00008.PIC.071650.jpg,drive-source/737d3341d3a56e51f69a/GCNT00008.PIC.071650.jpg,UPLOADED,https://cyacvmjkqgnbihivsrtf.supabase.co/storage/v1/object/public/parts-images/drive-source/737d3341d3a56e51f69a/GCNT00008.PIC.071650.jpg?v=737d3341d3a56e51f69a
GCNT00009,DATA1_Images/GCNT00009.PIC.071657.jpg,drive-source/1573b6aa19f4ad20637a/GCNT00009.PIC.071657.jpg,UPLOADED,https://cyacvmjkqgnbihivsrtf.supabase.co/storage/v1/object/public/parts-images/drive-source/1573b6aa19f4ad20637a/GCNT00009.PIC.071657.jpg?v=1573b6aa19f4ad20637a
GCNT00010,DATA1_Images/GCNT00010.PIC.071751.jpg,drive-source/7847737d31dabf13f5ac/GCNT00010.PIC.071751.jpg,UPLOADED,https://cyacvmjkqgnbihivsrtf.supabase.co/storage/v1/object/public/parts-images/drive-source/7847737d31dabf13f5ac/GCNT00010.PIC.071751.jpg?v=7847737d31dabf13f5ac
GCNT00032,DATA1_Images/GCNT00032.PIC.071838.jpg,drive-source/c1780981ad2e8efe67a2/GCNT00032.PIC.071838.jpg,UPLOADED,https://cyacvmjkqgnbihivsrtf.supabase.co/storage/v1/object/public/parts-images/drive-source/c1780981ad2e8efe67a2/GCNT00032.PIC.071838.jpg?v=c1780981ad2e8efe67a2
GCPP00001,DATA1_Images/GCPP00001.PIC.075917.jpg,drive-source/b69e7caf48f1166f5b03/GCPP00001.PIC.075917.jpg,UPLOADED,https://cyacvmjkqgnbihivsrtf.supabase.co/storage/v1/object/public/parts-images/drive-source/b69e7caf48f1166f5b03/GCPP00001.PIC.075917.jpg?v=b69e7caf48f1166f5b03
GCPP00002,DATA1_Images/GCPP00002.PIC.080001.jpg,drive-source/1a78e30a1ee2f1451b06/GCPP00002.PIC.080001.jpg,UPLOADED,https://cyacvmjkqgnbihivsrtf.supabase.co/storage/v1/object/public/parts-images/drive-source/1a78e30a1ee2f1451b06/GCPP00002.PIC.080001.jpg?v=1a78e30a1ee2f1451b06
GCPP00003,DATA1_Images/GCPP00003.PIC.080011.jpg,drive-source/64aa4251b4a1317210d5/GCPP00003.PIC.080011.jpg,UPLOADED,https://cyacvmjkqgnbihivsrtf.supabase.co/storage/v1/object/public/parts-images/drive-source/64aa4251b4a1317210d5/GCPP00003.PIC.080011.jpg?v=64aa4251b4a1317210d5
GEL00001,DATA1_Images/GEL00001.PIC.045443.jpg,drive-source/07af208dbf8c1571ee40/GEL00001.PIC.045443.jpg,UPLOADED,https://cyacvmjkqgnbihivsrtf.supabase.co/storage/v1/object/public/parts-images/drive-source/07af208dbf8c1571ee40/GEL00001.PIC.045443.jpg?v=07af208dbf8c1571ee40
GEL00002,DATA1_Images/GEL00002.PIC.115012.jpg,drive-source/537a4ba6006dfadbb5c6/GEL00002.PIC.115012.jpg,UPLOADED,https://cyacvmjkqgnbihivsrtf.supabase.co/storage/v1/object/public/parts-images/drive-source/537a4ba6006dfadbb5c6/GEL00002.PIC.115012.jpg?v=537a4ba6006dfadbb5c6
GEL00003,DATA1_Images/GEL00003.PIC.070650.jpg,drive-source/81be842403df2498a113/GEL00003.PIC.070650.jpg,UPLOADED,https://cyacvmjkqgnbihivsrtf.supabase.co/storage/v1/object/public/parts-images/drive-source/81be842403df2498a113/GEL00003.PIC.070650.jpg?v=81be842403df2498a113
GEL00004,DATA1_Images/GEL00004.PIC.070900.jpg,drive-source/ce4b3a3c3d311b1a6d1f/GEL00004.PIC.070900.jpg,UPLOADED,https://cyacvmjkqgnbihivsrtf.supabase.co/storage/v1/object/public/parts-images/drive-source/ce4b3a3c3d311b1a6d1f/GEL00004.PIC.070900.jpg?v=ce4b3a3c3d311b1a6d1f
GEL00005,DATA1_Images/GEL00004.PIC.070900.jpg,drive-source/ce4b3a3c3d311b1a6d1f/GEL00004.PIC.070900.jpg,ALREADY_EXISTS,https://cyacvmjkqgnbihivsrtf.supabase.co/storage/v1/object/public/parts-images/drive-source/ce4b3a3c3d311b1a6d1f/GEL00004.PIC.070900.jpg?v=ce4b3a3c3d311b1a6d1f
GEL00006,DATA1_Images/GEL00004.PIC.070900.jpg,drive-source/ce4b3a3c3d311b1a6d1f/GEL00004.PIC.070900.jpg,ALREADY_EXISTS,https://cyacvmjkqgnbihivsrtf.supabase.co/storage/v1/object/public/parts-images/drive-source/ce4b3a3c3d311b1a6d1f/GEL00004.PIC.070900.jpg?v=ce4b3a3c3d311b1a6d1f
GEL00007,DATA1_Images/GEL00004.PIC.070900.jpg,drive-source/ce4b3a3c3d311b1a6d1f/GEL00004.PIC.070900.jpg,ALREADY_EXISTS,https://cyacvmjkqgnbihivsrtf.supabase.co/storage/v1/object/public/parts-images/drive-source/ce4b3a3c3d311b1a6d1f/GEL00004.PIC.070900.jpg?v=ce4b3a3c3d311b1a6d1f
GEL00008,DATA1_Images/GEL00004.PIC.070900.jpg,drive-source/ce4b3a3c3d311b1a6d1f/GEL00004.PIC.070900.jpg,ALREADY_EXISTS,https://cyacvmjkqgnbihivsrtf.supabase.co/storage/v1/object/public/parts-images/drive-source/ce4b3a3c3d311b1a6d1f/GEL00004.PIC.070900.jpg?v=ce4b3a3c3d311b1a6d1f
GEL00009,DATA1_Images/GEL00004.PIC.070900.jpg,drive-source/ce4b3a3c3d311b1a6d1f/GEL00004.PIC.070900.jpg,ALREADY_EXISTS,https://cyacvmjkqgnbihivsrtf.supabase.co/storage/v1/object/public/parts-images/drive-source/ce4b3a3c3d311b1a6d1f/GEL00004.PIC.070900.jpg?v=ce4b3a3c3d311b1a6d1f
GEL00010,DATA1_Images/GEL00004.PIC.070900.jpg,drive-source/ce4b3a3c3d311b1a6d1f/GEL00004.PIC.070900.jpg,ALREADY_EXISTS,https://cyacvmjkqgnbihivsrtf.supabase.co/storage/v1/object/public/parts-images/drive-source/ce4b3a3c3d311b1a6d1f/GEL00004.PIC.070900.jpg?v=ce4b3a3c3d311b1a6d1f
GEL00011,DATA1_Images/GEL00004.PIC.070900.jpg,drive-source/ce4b3a3c3d311b1a6d1f/GEL00004.PIC.070900.jpg,ALREADY_EXISTS,https://cyacvmjkqgnbihivsrtf.supabase.co/storage/v1/object/public/parts-images/drive-source/ce4b3a3c3d311b1a6d1f/GEL00004.PIC.070900.jpg?v=ce4b3a3c3d311b1a6d1f
GEL00012,DATA1_Images/GEL00004.PIC.070900.jpg,drive-source/ce4b3a3c3d311b1a6d1f/GEL00004.PIC.070900.jpg,ALREADY_EXISTS,https://cyacvmjkqgnbihivsrtf.supabase.co/storage/v1/object/public/parts-images/drive-source/ce4b3a3c3d311b1a6d1f/GEL00004.PIC.070900.jpg?v=ce4b3a3c3d311b1a6d1f
GEL00013,DATA1_Images/GEL00013.PIC.071743.jpg,drive-source/8f241ea193249d88deea/GEL00013.PIC.071743.jpg,UPLOADED,https://cyacvmjkqgnbihivsrtf.supabase.co/storage/v1/object/public/parts-images/drive-source/8f241ea193249d88deea/GEL00013.PIC.071743.jpg?v=8f241ea193249d88deea
GEL00014,DATA1_Images/GEL00013.PIC.071743.jpg,drive-source/8f241ea193249d88deea/GEL00013.PIC.071743.jpg,ALREADY_EXISTS,https://cyacvmjkqgnbihivsrtf.supabase.co/storage/v1/object/public/parts-images/drive-source/8f241ea193249d88deea/GEL00013.PIC.071743.jpg?v=8f241ea193249d88deea
GEL00015,DATA1_Images/GEL00013.PIC.071743.jpg,drive-source/8f241ea193249d88deea/GEL00013.PIC.071743.jpg,ALREADY_EXISTS,https://cyacvmjkqgnbihivsrtf.supabase.co/storage/v1/object/public/parts-images/drive-source/8f241ea193249d88deea/GEL00013.PIC.071743.jpg?v=8f241ea193249d88deea
GEL00016,DATA1_Images/GEL00013.PIC.071743.jpg,drive-source/8f241ea193249d88deea/GEL00013.PIC.071743.jpg,ALREADY_EXISTS,https://cyacvmjkqgnbihivsrtf.supabase.co/storage/v1/object/public/parts-images/drive-source/8f241ea193249d88deea/GEL00013.PIC.071743.jpg?v=8f241ea193249d88deea
GEL00017,DATA1_Images/GEL00013.PIC.071743.jpg,drive-source/8f241ea193249d88deea/GEL00013.PIC.071743.jpg,ALREADY_EXISTS,https://cyacvmjkqgnbihivsrtf.supabase.co/storage/v1/object/public/parts-images/drive-source/8f241ea193249d88deea/GEL00013.PIC.071743.jpg?v=8f241ea193249d88deea
GEL00018,DATA1_Images/GEL00013.PIC.071743.jpg,drive-source/8f241ea193249d88deea/GEL00013.PIC.071743.jpg,ALREADY_EXISTS,https://cyacvmjkqgnbihivsrtf.supabase.co/storage/v1/object/public/parts-images/drive-source/8f241ea193249d88deea/GEL00013.PIC.071743.jpg?v=8f241ea193249d88deea
GEL00019,DATA1_Images/GEL00013.PIC.071743.jpg,drive-source/8f241ea193249d88deea/GEL00013.PIC.071743.jpg,ALREADY_EXISTS,https://cyacvmjkqgnbihivsrtf.supabase.co/storage/v1/object/public/parts-images/drive-source/8f241ea193249d88deea/GEL00013.PIC.071743.jpg?v=8f241ea193249d88deea
GEL00020,DATA1_Images/GEL00013.PIC.071743.jpg,drive-source/8f241ea193249d88deea/GEL00013.PIC.071743.jpg,ALREADY_EXISTS,https://cyacvmjkqgnbihivsrtf.supabase.co/storage/v1/object/public/parts-images/drive-source/8f241ea193249d88deea/GEL00013.PIC.071743.jpg?v=8f241ea193249d88deea
GEL00021,DATA1_Images/GEL00013.PIC.071743.jpg,drive-source/8f241ea193249d88deea/GEL00013.PIC.071743.jpg,ALREADY_EXISTS,https://cyacvmjkqgnbihivsrtf.supabase.co/storage/v1/object/public/parts-images/drive-source/8f241ea193249d88deea/GEL00013.PIC.071743.jpg?v=8f241ea193249d88deea
GEL00022,DATA1_Images/GEL00013.PIC.071743.jpg,drive-source/8f241ea193249d88deea/GEL00013.PIC.071743.jpg,ALREADY_EXISTS,https://cyacvmjkqgnbihivsrtf.supabase.co/storage/v1/object/public/parts-images/drive-source/8f241ea193249d88deea/GEL00013.PIC.071743.jpg?v=8f241ea193249d88deea
GEL00023,DATA1_Images/GEL00013.PIC.071743.jpg,drive-source/8f241ea193249d88deea/GEL00013.PIC.071743.jpg,ALREADY_EXISTS,https://cyacvmjkqgnbihivsrtf.supabase.co/storage/v1/object/public/parts-images/drive-source/8f241ea193249d88deea/GEL00013.PIC.071743.jpg?v=8f241ea193249d88deea
GEL00024,DATA1_Images/GEL00013.PIC.071743.jpg,drive-source/8f241ea193249d88deea/GEL00013.PIC.071743.jpg,ALREADY_EXISTS,https://cyacvmjkqgnbihivsrtf.supabase.co/storage/v1/object/public/parts-images/drive-source/8f241ea193249d88deea/GEL00013.PIC.071743.jpg?v=8f241ea193249d88deea
GEL00025,DATA1_Images/GEL00013.PIC.071743.jpg,drive-source/8f241ea193249d88deea/GEL00013.PIC.071743.jpg,ALREADY_EXISTS,https://cyacvmjkqgnbihivsrtf.supabase.co/storage/v1/object/public/parts-images/drive-source/8f241ea193249d88deea/GEL00013.PIC.071743.jpg?v=8f241ea193249d88deea
GEL00026,DATA1_Images/GEL00013.PIC.071743.jpg,drive-source/8f241ea193249d88deea/GEL00013.PIC.071743.jpg,ALREADY_EXISTS,https://cyacvmjkqgnbihivsrtf.supabase.co/storage/v1/object/public/parts-images/drive-source/8f241ea193249d88deea/GEL00013.PIC.071743.jpg?v=8f241ea193249d88deea
GEL00027,DATA1_Images/GEL00013.PIC.071743.jpg,drive-source/8f241ea193249d88deea/GEL00013.PIC.071743.jpg,ALREADY_EXISTS,https://cyacvmjkqgnbihivsrtf.supabase.co/storage/v1/object/public/parts-images/drive-source/8f241ea193249d88deea/GEL00013.PIC.071743.jpg?v=8f241ea193249d88deea
GEL00028,DATA1_Images/GEL00013.PIC.071743.jpg,drive-source/8f241ea193249d88deea/GEL00013.PIC.071743.jpg,ALREADY_EXISTS,https://cyacvmjkqgnbihivsrtf.supabase.co/storage/v1/object/public/parts-images/drive-source/8f241ea193249d88deea/GEL00013.PIC.071743.jpg?v=8f241ea193249d88deea
GEL00029,DATA1_Images/GEL00013.PIC.071743.jpg,drive-source/8f241ea193249d88deea/GEL00013.PIC.071743.jpg,ALREADY_EXISTS,https://cyacvmjkqgnbihivsrtf.supabase.co/storage/v1/object/public/parts-images/drive-source/8f241ea193249d88deea/GEL00013.PIC.071743.jpg?v=8f241ea193249d88deea
GEL00030,DATA1_Images/GEL00013.PIC.071743.jpg,drive-source/8f241ea193249d88deea/GEL00013.PIC.071743.jpg,ALREADY_EXISTS,https://cyacvmjkqgnbihivsrtf.supabase.co/storage/v1/object/public/parts-images/drive-source/8f241ea193249d88deea/GEL00013.PIC.071743.jpg?v=8f241ea193249d88deea
GEL00031,DATA1_Images/GEL00013.PIC.071743.jpg,drive-source/8f241ea193249d88deea/GEL00013.PIC.071743.jpg,ALREADY_EXISTS,https://cyacvmjkqgnbihivsrtf.supabase.co/storage/v1/object/public/parts-images/drive-source/8f241ea193249d88deea/GEL00013.PIC.071743.jpg?v=8f241ea193249d88deea
GEL00032,DATA1_Images/GEL00032.PIC.072718.jpg,drive-source/dfb6d20111b67437ebd5/GEL00032.PIC.072718.jpg,UPLOADED,https://cyacvmjkqgnbihivsrtf.supabase.co/storage/v1/object/public/parts-images/drive-source/dfb6d20111b67437ebd5/GEL00032.PIC.072718.jpg?v=dfb6d20111b67437ebd5
GEL00033,DATA1_Images/GEL00033.PIC.072739.jpg,drive-source/c41c7aa740540ae6093f/GEL00033.PIC.072739.jpg,UPLOADED,https://cyacvmjkqgnbihivsrtf.supabase.co/storage/v1/object/public/parts-images/drive-source/c41c7aa740540ae6093f/GEL00033.PIC.072739.jpg?v=c41c7aa740540ae6093f
GEL00034,DATA1_Images/GEL00034.PIC.072859.jpg,drive-source/83a8980f3c8c1edbec4a/GEL00034.PIC.072859.jpg,UPLOADED,https://cyacvmjkqgnbihivsrtf.supabase.co/storage/v1/object/public/parts-images/drive-source/83a8980f3c8c1edbec4a/GEL00034.PIC.072859.jpg?v=83a8980f3c8c1edbec4a
GEL00035,DATA1_Images/GEL00035.PIC.072916.jpg,drive-source/21b20c85ed4e14e0188d/GEL00035.PIC.072916.jpg,UPLOADED,https://cyacvmjkqgnbihivsrtf.supabase.co/storage/v1/object/public/parts-images/drive-source/21b20c85ed4e14e0188d/GEL00035.PIC.072916.jpg?v=21b20c85ed4e14e0188d
GEL00036,DATA1_Images/GEL00036.PIC.073303.png,drive-source/ba04d2249d8db5ff1312/GEL00036.PIC.073303.png,UPLOADED,https://cyacvmjkqgnbihivsrtf.supabase.co/storage/v1/object/public/parts-images/drive-source/ba04d2249d8db5ff1312/GEL00036.PIC.073303.png?v=ba04d2249d8db5ff1312
GEL00037,DATA1_Images/GEL00004.PIC.070900.jpg,drive-source/ce4b3a3c3d311b1a6d1f/GEL00004.PIC.070900.jpg,ALREADY_EXISTS,https://cyacvmjkqgnbihivsrtf.supabase.co/storage/v1/object/public/parts-images/drive-source/ce4b3a3c3d311b1a6d1f/GEL00004.PIC.070900.jpg?v=ce4b3a3c3d311b1a6d1f
GEL00038,DATA1_Images/GEL00004.PIC.070900.jpg,drive-source/ce4b3a3c3d311b1a6d1f/GEL00004.PIC.070900.jpg,ALREADY_EXISTS,https://cyacvmjkqgnbihivsrtf.supabase.co/storage/v1/object/public/parts-images/drive-source/ce4b3a3c3d311b1a6d1f/GEL00004.PIC.070900.jpg?v=ce4b3a3c3d311b1a6d1f
GEL00039,DATA1_Images/GEL00004.PIC.070900.jpg,drive-source/ce4b3a3c3d311b1a6d1f/GEL00004.PIC.070900.jpg,ALREADY_EXISTS,https://cyacvmjkqgnbihivsrtf.supabase.co/storage/v1/object/public/parts-images/drive-source/ce4b3a3c3d311b1a6d1f/GEL00004.PIC.070900.jpg?v=ce4b3a3c3d311b1a6d1f
GEL00040,DATA1_Images/GEL00040.PIC.114924.jpg,drive-source/3311152fa6a6e77a745e/GEL00040.PIC.114924.jpg,UPLOADED,https://cyacvmjkqgnbihivsrtf.supabase.co/storage/v1/object/public/parts-images/drive-source/3311152fa6a6e77a745e/GEL00040.PIC.114924.jpg?v=3311152fa6a6e77a745e
GEL00041,DATA1_Images/GEL00041.PIC.114936.jpg,drive-source/533acbb9ea3612ba1ca4/GEL00041.PIC.114936.jpg,UPLOADED,https://cyacvmjkqgnbihivsrtf.supabase.co/storage/v1/object/public/parts-images/drive-source/533acbb9ea3612ba1ca4/GEL00041.PIC.114936.jpg?v=533acbb9ea3612ba1ca4
GEL00042,DATA1_Images/GEL00042.PIC.114943.jpg,drive-source/7e369d497984e436cb47/GEL00042.PIC.114943.jpg,UPLOADED,https://cyacvmjkqgnbihivsrtf.supabase.co/storage/v1/object/public/parts-images/drive-source/7e369d497984e436cb47/GEL00042.PIC.114943.jpg?v=7e369d497984e436cb47
GEL00043,DATA1_Images/GEL00043.PIC.114916.jpg,drive-source/2e65873e63abcf1f78b6/GEL00043.PIC.114916.jpg,UPLOADED,https://cyacvmjkqgnbihivsrtf.supabase.co/storage/v1/object/public/parts-images/drive-source/2e65873e63abcf1f78b6/GEL00043.PIC.114916.jpg?v=2e65873e63abcf1f78b6
GEL00044,DATA1_Images/GEL00044.PIC.114907.jpg,drive-source/fafb3f2badf8b2aaa5c8/GEL00044.PIC.114907.jpg,UPLOADED,https://cyacvmjkqgnbihivsrtf.supabase.co/storage/v1/object/public/parts-images/drive-source/fafb3f2badf8b2aaa5c8/GEL00044.PIC.114907.jpg?v=fafb3f2badf8b2aaa5c8
GEL00045,DATA1_Images/GEL00045.PIC.114858.jpg,drive-source/31181e19a99a2abd828c/GEL00045.PIC.114858.jpg,UPLOADED,https://cyacvmjkqgnbihivsrtf.supabase.co/storage/v1/object/public/parts-images/drive-source/31181e19a99a2abd828c/GEL00045.PIC.114858.jpg?v=31181e19a99a2abd828c
GEL00046,DATA1_Images/GEL00046.PIC.114850.jpg,drive-source/03d56093a602dec09479/GEL00046.PIC.114850.jpg,UPLOADED,https://cyacvmjkqgnbihivsrtf.supabase.co/storage/v1/object/public/parts-images/drive-source/03d56093a602dec09479/GEL00046.PIC.114850.jpg?v=03d56093a602dec09479
GEL00047,DATA1_Images/GEL00047.PIC.041436.jpg,drive-source/01c15dfb1f727af6887d/GEL00047.PIC.041436.jpg,UPLOADED,https://cyacvmjkqgnbihivsrtf.supabase.co/storage/v1/object/public/parts-images/drive-source/01c15dfb1f727af6887d/GEL00047.PIC.041436.jpg?v=01c15dfb1f727af6887d
GEL00048,DATA1_Images/GEL00048.PIC.074657.jpg,drive-source/53cb42ba75e7504d45b1/GEL00048.PIC.074657.jpg,UPLOADED,https://cyacvmjkqgnbihivsrtf.supabase.co/storage/v1/object/public/parts-images/drive-source/53cb42ba75e7504d45b1/GEL00048.PIC.074657.jpg?v=53cb42ba75e7504d45b1
GEL00049,DATA1_Images/GEL00049.PIC.074710.jpg,drive-source/8e82a7f47877043d42bc/GEL00049.PIC.074710.jpg,UPLOADED,https://cyacvmjkqgnbihivsrtf.supabase.co/storage/v1/object/public/parts-images/drive-source/8e82a7f47877043d42bc/GEL00049.PIC.074710.jpg?v=8e82a7f47877043d42bc
GEL00050,DATA1_Images/GEL00050.PIC.074721.jpg,drive-source/834b2f9a09e7733e650f/GEL00050.PIC.074721.jpg,UPLOADED,https://cyacvmjkqgnbihivsrtf.supabase.co/storage/v1/object/public/parts-images/drive-source/834b2f9a09e7733e650f/GEL00050.PIC.074721.jpg?v=834b2f9a09e7733e650f
GEL00051,DATA1_Images/GEL00051.PIC.074731.jpg,drive-source/f95cfaa653e9db683f13/GEL00051.PIC.074731.jpg,UPLOADED,https://cyacvmjkqgnbihivsrtf.supabase.co/storage/v1/object/public/parts-images/drive-source/f95cfaa653e9db683f13/GEL00051.PIC.074731.jpg?v=f95cfaa653e9db683f13
GEL00052,DATA1_Images/GEL00052.PIC.074745.jpg,drive-source/16b4fe795138e9b4b331/GEL00052.PIC.074745.jpg,UPLOADED,https://cyacvmjkqgnbihivsrtf.supabase.co/storage/v1/object/public/parts-images/drive-source/16b4fe795138e9b4b331/GEL00052.PIC.074745.jpg?v=16b4fe795138e9b4b331
GEL00053,DATA1_Images/GEL00052.PIC.074745.jpg,drive-source/16b4fe795138e9b4b331/GEL00052.PIC.074745.jpg,ALREADY_EXISTS,https://cyacvmjkqgnbihivsrtf.supabase.co/storage/v1/object/public/parts-images/drive-source/16b4fe795138e9b4b331/GEL00052.PIC.074745.jpg?v=16b4fe795138e9b4b331
GEL00054,DATA1_Images/GEL00052.PIC.074745.jpg,drive-source/16b4fe795138e9b4b331/GEL00052.PIC.074745.jpg,ALREADY_EXISTS,https://cyacvmjkqgnbihivsrtf.supabase.co/storage/v1/object/public/parts-images/drive-source/16b4fe795138e9b4b331/GEL00052.PIC.074745.jpg?v=16b4fe795138e9b4b331
GEL00055,DATA1_Images/GEL00052.PIC.074745.jpg,drive-source/16b4fe795138e9b4b331/GEL00052.PIC.074745.jpg,ALREADY_EXISTS,https://cyacvmjkqgnbihivsrtf.supabase.co/storage/v1/object/public/parts-images/drive-source/16b4fe795138e9b4b331/GEL00052.PIC.074745.jpg?v=16b4fe795138e9b4b331
GEL00056,DATA1_Images/GEL00052.PIC.074745.jpg,drive-source/16b4fe795138e9b4b331/GEL00052.PIC.074745.jpg,ALREADY_EXISTS,https://cyacvmjkqgnbihivsrtf.supabase.co/storage/v1/object/public/parts-images/drive-source/16b4fe795138e9b4b331/GEL00052.PIC.074745.jpg?v=16b4fe795138e9b4b331
GEL00057,DATA1_Images/GEL00052.PIC.074745.jpg,drive-source/16b4fe795138e9b4b331/GEL00052.PIC.074745.jpg,ALREADY_EXISTS,https://cyacvmjkqgnbihivsrtf.supabase.co/storage/v1/object/public/parts-images/drive-source/16b4fe795138e9b4b331/GEL00052.PIC.074745.jpg?v=16b4fe795138e9b4b331
GEL00058,DATA1_Images/GEL00052.PIC.074745.jpg,drive-source/16b4fe795138e9b4b331/GEL00052.PIC.074745.jpg,ALREADY_EXISTS,https://cyacvmjkqgnbihivsrtf.supabase.co/storage/v1/object/public/parts-images/drive-source/16b4fe795138e9b4b331/GEL00052.PIC.074745.jpg?v=16b4fe795138e9b4b331
GEL00059,DATA1_Images/GEL00052.PIC.074745.jpg,drive-source/16b4fe795138e9b4b331/GEL00052.PIC.074745.jpg,ALREADY_EXISTS,https://cyacvmjkqgnbihivsrtf.supabase.co/storage/v1/object/public/parts-images/drive-source/16b4fe795138e9b4b331/GEL00052.PIC.074745.jpg?v=16b4fe795138e9b4b331
GEL00060,DATA1_Images/GEL00052.PIC.074745.jpg,drive-source/16b4fe795138e9b4b331/GEL00052.PIC.074745.jpg,ALREADY_EXISTS,https://cyacvmjkqgnbihivsrtf.supabase.co/storage/v1/object/public/parts-images/drive-source/16b4fe795138e9b4b331/GEL00052.PIC.074745.jpg?v=16b4fe795138e9b4b331
GEL00061,DATA1_Images/GEL00052.PIC.074745.jpg,drive-source/16b4fe795138e9b4b331/GEL00052.PIC.074745.jpg,ALREADY_EXISTS,https://cyacvmjkqgnbihivsrtf.supabase.co/storage/v1/object/public/parts-images/drive-source/16b4fe795138e9b4b331/GEL00052.PIC.074745.jpg?v=16b4fe795138e9b4b331
GEL00062,DATA1_Images/GEL00052.PIC.074745.jpg,drive-source/16b4fe795138e9b4b331/GEL00052.PIC.074745.jpg,ALREADY_EXISTS,https://cyacvmjkqgnbihivsrtf.supabase.co/storage/v1/object/public/parts-images/drive-source/16b4fe795138e9b4b331/GEL00052.PIC.074745.jpg?v=16b4fe795138e9b4b331
GEL00063,DATA1_Images/GEL00052.PIC.074745.jpg,drive-source/16b4fe795138e9b4b331/GEL00052.PIC.074745.jpg,ALREADY_EXISTS,https://cyacvmjkqgnbihivsrtf.supabase.co/storage/v1/object/public/parts-images/drive-source/16b4fe795138e9b4b331/GEL00052.PIC.074745.jpg?v=16b4fe795138e9b4b331
GEL00065,DATA1_Images/GEL00065.PIC.074857.jpg,drive-source/57b59bc1b3e30053d384/GEL00065.PIC.074857.jpg,UPLOADED,https://cyacvmjkqgnbihivsrtf.supabase.co/storage/v1/object/public/parts-images/drive-source/57b59bc1b3e30053d384/GEL00065.PIC.074857.jpg?v=57b59bc1b3e30053d384
GEL00066,DATA1_Images/GEL00065.PIC.074857.jpg,drive-source/57b59bc1b3e30053d384/GEL00065.PIC.074857.jpg,ALREADY_EXISTS,https://cyacvmjkqgnbihivsrtf.supabase.co/storage/v1/object/public/parts-images/drive-source/57b59bc1b3e30053d384/GEL00065.PIC.074857.jpg?v=57b59bc1b3e30053d384
GEL00067,DATA1_Images/GEL00065.PIC.074857.jpg,drive-source/57b59bc1b3e30053d384/GEL00065.PIC.074857.jpg,ALREADY_EXISTS,https://cyacvmjkqgnbihivsrtf.supabase.co/storage/v1/object/public/parts-images/drive-source/57b59bc1b3e30053d384/GEL00065.PIC.074857.jpg?v=57b59bc1b3e30053d384
GEL00068,DATA1_Images/GEL00065.PIC.074857.jpg,drive-source/57b59bc1b3e30053d384/GEL00065.PIC.074857.jpg,ALREADY_EXISTS,https://cyacvmjkqgnbihivsrtf.supabase.co/storage/v1/object/public/parts-images/drive-source/57b59bc1b3e30053d384/GEL00065.PIC.074857.jpg?v=57b59bc1b3e30053d384
GFT00001,DATA1_Images/GFT00001.PIC.074127.png,drive-source/db3176b1daaae6bd1d7b/GFT00001.PIC.074127.png,UPLOADED,https://cyacvmjkqgnbihivsrtf.supabase.co/storage/v1/object/public/parts-images/drive-source/db3176b1daaae6bd1d7b/GFT00001.PIC.074127.png?v=db3176b1daaae6bd1d7b
GFT00001-A,DATA1_Images/GFT00001-A.PIC.074223.png,drive-source/319dc08403a737ed801a/GFT00001-A.PIC.074223.png,UPLOADED,https://cyacvmjkqgnbihivsrtf.supabase.co/storage/v1/object/public/parts-images/drive-source/319dc08403a737ed801a/GFT00001-A.PIC.074223.png?v=319dc08403a737ed801a
GFT00003,DATA1_Images/GFT00003.PIC.074231.png,drive-source/5e2b3bb9a754a7e6cbb5/GFT00003.PIC.074231.png,UPLOADED,https://cyacvmjkqgnbihivsrtf.supabase.co/storage/v1/object/public/parts-images/drive-source/5e2b3bb9a754a7e6cbb5/GFT00003.PIC.074231.png?v=5e2b3bb9a754a7e6cbb5
GFT00004,DATA1_Images/GFT00004.PIC.074236.jpg,drive-source/b3f83d8ceab8e87be0f7/GFT00004.PIC.074236.jpg,UPLOADED,https://cyacvmjkqgnbihivsrtf.supabase.co/storage/v1/object/public/parts-images/drive-source/b3f83d8ceab8e87be0f7/GFT00004.PIC.074236.jpg?v=b3f83d8ceab8e87be0f7
GFT00005,DATA1_Images/GFT00005.PIC.074243.jpg,drive-source/8506535e97eecac5310f/GFT00005.PIC.074243.jpg,UPLOADED,https://cyacvmjkqgnbihivsrtf.supabase.co/storage/v1/object/public/parts-images/drive-source/8506535e97eecac5310f/GFT00005.PIC.074243.jpg?v=8506535e97eecac5310f
GFT00006,DATA1_Images/GFT00006.PIC.074251.jpg,drive-source/5d8bfc68679386238b22/GFT00006.PIC.074251.jpg,UPLOADED,https://cyacvmjkqgnbihivsrtf.supabase.co/storage/v1/object/public/parts-images/drive-source/5d8bfc68679386238b22/GFT00006.PIC.074251.jpg?v=5d8bfc68679386238b22
GFT00008,DATA1_Images/GFT00008.PIC.074318.jpg,drive-source/6cc3694e903ad0f224b7/GFT00008.PIC.074318.jpg,UPLOADED,https://cyacvmjkqgnbihivsrtf.supabase.co/storage/v1/object/public/parts-images/drive-source/6cc3694e903ad0f224b7/GFT00008.PIC.074318.jpg?v=6cc3694e903ad0f224b7
GFT00009,DATA1_Images/GFT00009.PIC.074810.jpg,drive-source/7a511e124e889624c4d2/GFT00009.PIC.074810.jpg,UPLOADED,https://cyacvmjkqgnbihivsrtf.supabase.co/storage/v1/object/public/parts-images/drive-source/7a511e124e889624c4d2/GFT00009.PIC.074810.jpg?v=7a511e124e889624c4d2
GFT00012,DATA1_Images/GFT00012.PIC.074509.jpg,drive-source/b5d1d740c6da06a734d3/GFT00012.PIC.074509.jpg,UPLOADED,https://cyacvmjkqgnbihivsrtf.supabase.co/storage/v1/object/public/parts-images/drive-source/b5d1d740c6da06a734d3/GFT00012.PIC.074509.jpg?v=b5d1d740c6da06a734d3
GFT00013,DATA1_Images/GFT00013.PIC.074623.jpg,drive-source/2e6bfb1d2de53a7369ca/GFT00013.PIC.074623.jpg,UPLOADED,https://cyacvmjkqgnbihivsrtf.supabase.co/storage/v1/object/public/parts-images/drive-source/2e6bfb1d2de53a7369ca/GFT00013.PIC.074623.jpg?v=2e6bfb1d2de53a7369ca
GFT00014,DATA1_Images/GFT00014.PIC.074519.jpg,drive-source/a9db9b2bd4f19f94aa68/GFT00014.PIC.074519.jpg,UPLOADED,https://cyacvmjkqgnbihivsrtf.supabase.co/storage/v1/object/public/parts-images/drive-source/a9db9b2bd4f19f94aa68/GFT00014.PIC.074519.jpg?v=a9db9b2bd4f19f94aa68
GFT00015,DATA1_Images/GFT00015.PIC.074635.jpg,drive-source/6b4c5cff0044439f30d4/GFT00015.PIC.074635.jpg,UPLOADED,https://cyacvmjkqgnbihivsrtf.supabase.co/storage/v1/object/public/parts-images/drive-source/6b4c5cff0044439f30d4/GFT00015.PIC.074635.jpg?v=6b4c5cff0044439f30d4
GFTT00001,DATA1_Images/GFTT00001.PIC.112236.jpg,drive-source/6590cd31ae11c5f7422f/GFTT00001.PIC.112236.jpg,UPLOADED,https://cyacvmjkqgnbihivsrtf.supabase.co/storage/v1/object/public/parts-images/drive-source/6590cd31ae11c5f7422f/GFTT00001.PIC.112236.jpg?v=6590cd31ae11c5f7422f
GFTT00002,DATA1_Images/GFTT00002.PIC.112307.jpg,drive-source/f571336b2ad9a388c2fd/GFTT00002.PIC.112307.jpg,UPLOADED,https://cyacvmjkqgnbihivsrtf.supabase.co/storage/v1/object/public/parts-images/drive-source/f571336b2ad9a388c2fd/GFTT00002.PIC.112307.jpg?v=f571336b2ad9a388c2fd
GFTT00003,DATA1_Images/GFTT00003.PIC.113347.jpg,drive-source/2d41b07254c3b7d2b55e/GFTT00003.PIC.113347.jpg,UPLOADED,https://cyacvmjkqgnbihivsrtf.supabase.co/storage/v1/object/public/parts-images/drive-source/2d41b07254c3b7d2b55e/GFTT00003.PIC.113347.jpg?v=2d41b07254c3b7d2b55e
GFUSE00001,DATA1_Images/GFUSE00001.PIC.072859.jpg,drive-source/ffa72ab11912cfed4570/GFUSE00001.PIC.072859.jpg,UPLOADED,https://cyacvmjkqgnbihivsrtf.supabase.co/storage/v1/object/public/parts-images/drive-source/ffa72ab11912cfed4570/GFUSE00001.PIC.072859.jpg?v=ffa72ab11912cfed4570
GFUSE00002,DATA1_Images/GFUSE00002.PIC.072943.jpg,drive-source/a59af87b9935809ef1ea/GFUSE00002.PIC.072943.jpg,UPLOADED,https://cyacvmjkqgnbihivsrtf.supabase.co/storage/v1/object/public/parts-images/drive-source/a59af87b9935809ef1ea/GFUSE00002.PIC.072943.jpg?v=a59af87b9935809ef1ea
GFUSE00003,DATA1_Images/GFUSE00003.PIC.073000.jpg,drive-source/9ecd6c24c435c0a9d600/GFUSE00003.PIC.073000.jpg,UPLOADED,https://cyacvmjkqgnbihivsrtf.supabase.co/storage/v1/object/public/parts-images/drive-source/9ecd6c24c435c0a9d600/GFUSE00003.PIC.073000.jpg?v=9ecd6c24c435c0a9d600
GFUSE00004,DATA1_Images/GFUSE00004.PIC.073016.jpg,drive-source/69a488bdb3b0a7fa75a0/GFUSE00004.PIC.073016.jpg,UPLOADED,https://cyacvmjkqgnbihivsrtf.supabase.co/storage/v1/object/public/parts-images/drive-source/69a488bdb3b0a7fa75a0/GFUSE00004.PIC.073016.jpg?v=69a488bdb3b0a7fa75a0
GFUSE00005,DATA1_Images/GFUSE00005.PIC.073025.jpg,drive-source/667a6a1b52546681f7e9/GFUSE00005.PIC.073025.jpg,UPLOADED,https://cyacvmjkqgnbihivsrtf.supabase.co/storage/v1/object/public/parts-images/drive-source/667a6a1b52546681f7e9/GFUSE00005.PIC.073025.jpg?v=667a6a1b52546681f7e9
GFUSE00006,DATA1_Images/GFUSE00006.PIC.073033.jpg,drive-source/0502cfc356a38a1e8d3f/GFUSE00006.PIC.073033.jpg,UPLOADED,https://cyacvmjkqgnbihivsrtf.supabase.co/storage/v1/object/public/parts-images/drive-source/0502cfc356a38a1e8d3f/GFUSE00006.PIC.073033.jpg?v=0502cfc356a38a1e8d3f
GFUSE00019,DATA1_Images/GFUSE00019.PIC.072652.jpg,drive-source/35ef55b458461750763d/GFUSE00019.PIC.072652.jpg,UPLOADED,https://cyacvmjkqgnbihivsrtf.supabase.co/storage/v1/object/public/parts-images/drive-source/35ef55b458461750763d/GFUSE00019.PIC.072652.jpg?v=35ef55b458461750763d
GFUSE00020,DATA1_Images/GFUSE00020.PIC.072743.png,drive-source/ca3a37469fd4f5100fa8/GFUSE00020.PIC.072743.png,UPLOADED,https://cyacvmjkqgnbihivsrtf.supabase.co/storage/v1/object/public/parts-images/drive-source/ca3a37469fd4f5100fa8/GFUSE00020.PIC.072743.png?v=ca3a37469fd4f5100fa8
GFUSE00021,DATA1_Images/GFUSE00021.PIC.072758.jpg,drive-source/bc61fa9454a4b6a7624b/GFUSE00021.PIC.072758.jpg,UPLOADED,https://cyacvmjkqgnbihivsrtf.supabase.co/storage/v1/object/public/parts-images/drive-source/bc61fa9454a4b6a7624b/GFUSE00021.PIC.072758.jpg?v=bc61fa9454a4b6a7624b
GFUSE00025,DATA1_Images/GFUSE00025.PIC.072528.jpg,drive-source/4b8f1c6da33286ea0b9c/GFUSE00025.PIC.072528.jpg,UPLOADED,https://cyacvmjkqgnbihivsrtf.supabase.co/storage/v1/object/public/parts-images/drive-source/4b8f1c6da33286ea0b9c/GFUSE00025.PIC.072528.jpg?v=4b8f1c6da33286ea0b9c
GLA00041,DATA1_Images/GLA00041.PIC.071807.jpg,drive-source/016db725bd9d52884480/GLA00041.PIC.071807.jpg,UPLOADED,https://cyacvmjkqgnbihivsrtf.supabase.co/storage/v1/object/public/parts-images/drive-source/016db725bd9d52884480/GLA00041.PIC.071807.jpg?v=016db725bd9d52884480
GLABIG00001,DATA1_Images/GLABIG00001.PIC.004507.jpg,drive-source/2fd8c6bd41feee21c06e/GLABIG00001.PIC.004507.jpg,UPLOADED,https://cyacvmjkqgnbihivsrtf.supabase.co/storage/v1/object/public/parts-images/drive-source/2fd8c6bd41feee21c06e/GLABIG00001.PIC.004507.jpg?v=2fd8c6bd41feee21c06e
GLABIG00002,DATA1_Images/GLABIG00002.PIC.004545.jpg,drive-source/9d8c3194763d2fde111c/GLABIG00002.PIC.004545.jpg,UPLOADED,https://cyacvmjkqgnbihivsrtf.supabase.co/storage/v1/object/public/parts-images/drive-source/9d8c3194763d2fde111c/GLABIG00002.PIC.004545.jpg?v=9d8c3194763d2fde111c
GMP00001,DATA1_Images/GMP00001.PIC.110927.jpg,drive-source/407861158fde91c2326c/GMP00001.PIC.110927.jpg,UPLOADED,https://cyacvmjkqgnbihivsrtf.supabase.co/storage/v1/object/public/parts-images/drive-source/407861158fde91c2326c/GMP00001.PIC.110927.jpg?v=407861158fde91c2326c
GMP00003,DATA1_Images/GMP00003.PIC.110920.jpg,drive-source/b8416feedd063a6d2fa7/GMP00003.PIC.110920.jpg,UPLOADED,https://cyacvmjkqgnbihivsrtf.supabase.co/storage/v1/object/public/parts-images/drive-source/b8416feedd063a6d2fa7/GMP00003.PIC.110920.jpg?v=b8416feedd063a6d2fa7
GMP00004,DATA1_Images/GMP00004.PIC.110908.jpg,drive-source/8569e8074cc512cc6e8b/GMP00004.PIC.110908.jpg,UPLOADED,https://cyacvmjkqgnbihivsrtf.supabase.co/storage/v1/object/public/parts-images/drive-source/8569e8074cc512cc6e8b/GMP00004.PIC.110908.jpg?v=8569e8074cc512cc6e8b
GMP00005,DATA1_Images/GMP00005.PIC.110858.jpg,drive-source/facd7f6a7dab337e29d1/GMP00005.PIC.110858.jpg,UPLOADED,https://cyacvmjkqgnbihivsrtf.supabase.co/storage/v1/object/public/parts-images/drive-source/facd7f6a7dab337e29d1/GMP00005.PIC.110858.jpg?v=facd7f6a7dab337e29d1
GMP00006,DATA1_Images/GMP00006.PIC.110847.jpg,drive-source/5605e30f01d543b067e6/GMP00006.PIC.110847.jpg,UPLOADED,https://cyacvmjkqgnbihivsrtf.supabase.co/storage/v1/object/public/parts-images/drive-source/5605e30f01d543b067e6/GMP00006.PIC.110847.jpg?v=5605e30f01d543b067e6
GMP00007,DATA1_Images/GMP00007.PIC.110840.jpg,drive-source/c55a039134bd21153261/GMP00007.PIC.110840.jpg,UPLOADED,https://cyacvmjkqgnbihivsrtf.supabase.co/storage/v1/object/public/parts-images/drive-source/c55a039134bd21153261/GMP00007.PIC.110840.jpg?v=c55a039134bd21153261
GMP00008,DATA1_Images/GMP00008.PIC.110831.jpg,drive-source/79eee605528fe5af49cb/GMP00008.PIC.110831.jpg,UPLOADED,https://cyacvmjkqgnbihivsrtf.supabase.co/storage/v1/object/public/parts-images/drive-source/79eee605528fe5af49cb/GMP00008.PIC.110831.jpg?v=79eee605528fe5af49cb
GMSDS00002,DATA1_Images/GMSDS00002.PIC.114208.jpg,drive-source/86ea29e4ef7c3664e3bd/GMSDS00002.PIC.114208.jpg,UPLOADED,https://cyacvmjkqgnbihivsrtf.supabase.co/storage/v1/object/public/parts-images/drive-source/86ea29e4ef7c3664e3bd/GMSDS00002.PIC.114208.jpg?v=86ea29e4ef7c3664e3bd
GMSDS00003,DATA1_Images/GMSDS00003.PIC.114215.jpg,drive-source/54a2cf65da22800646a2/GMSDS00003.PIC.114215.jpg,UPLOADED,https://cyacvmjkqgnbihivsrtf.supabase.co/storage/v1/object/public/parts-images/drive-source/54a2cf65da22800646a2/GMSDS00003.PIC.114215.jpg?v=54a2cf65da22800646a2
GPLUG00001,DATA1_Images/GPLUG00001.PIC.061444.jpg,drive-source/0ec1dbbe4ad6ac8c1a58/GPLUG00001.PIC.061444.jpg,UPLOADED,https://cyacvmjkqgnbihivsrtf.supabase.co/storage/v1/object/public/parts-images/drive-source/0ec1dbbe4ad6ac8c1a58/GPLUG00001.PIC.061444.jpg?v=0ec1dbbe4ad6ac8c1a58
GPLUG00002,DATA1_Images/GPLUG00002.PIC.061500.png,drive-source/9b10273ae1206baabc21/GPLUG00002.PIC.061500.png,UPLOADED,https://cyacvmjkqgnbihivsrtf.supabase.co/storage/v1/object/public/parts-images/drive-source/9b10273ae1206baabc21/GPLUG00002.PIC.061500.png?v=9b10273ae1206baabc21
GPLUG00003,DATA1_Images/GPLUG00003.PIC.061614.jpg,drive-source/6a7c82d9670317862098/GPLUG00003.PIC.061614.jpg,UPLOADED,https://cyacvmjkqgnbihivsrtf.supabase.co/storage/v1/object/public/parts-images/drive-source/6a7c82d9670317862098/GPLUG00003.PIC.061614.jpg?v=6a7c82d9670317862098
GPLUG00003-A,DATA1_Images/GPLUG00003-A.PIC.061624.jpg,drive-source/bebe3f3d6c2db2d6c7f2/GPLUG00003-A.PIC.061624.jpg,UPLOADED,https://cyacvmjkqgnbihivsrtf.supabase.co/storage/v1/object/public/parts-images/drive-source/bebe3f3d6c2db2d6c7f2/GPLUG00003-A.PIC.061624.jpg?v=bebe3f3d6c2db2d6c7f2
GPLUG00004,DATA1_Images/GPLUG00004.PIC.061656.jpg,drive-source/22fb923c63517b7e54de/GPLUG00004.PIC.061656.jpg,UPLOADED,https://cyacvmjkqgnbihivsrtf.supabase.co/storage/v1/object/public/parts-images/drive-source/22fb923c63517b7e54de/GPLUG00004.PIC.061656.jpg?v=22fb923c63517b7e54de
GPLUG00005,DATA1_Images/GPLUG00005.PIC.061713.jpg,drive-source/fd4e24f259cfbc192acd/GPLUG00005.PIC.061713.jpg,UPLOADED,https://cyacvmjkqgnbihivsrtf.supabase.co/storage/v1/object/public/parts-images/drive-source/fd4e24f259cfbc192acd/GPLUG00005.PIC.061713.jpg?v=fd4e24f259cfbc192acd
GPLUG00006,DATA1_Images/GPLUG00006.PIC.061726.jpg,drive-source/8344ac326d51211e22fa/GPLUG00006.PIC.061726.jpg,UPLOADED,https://cyacvmjkqgnbihivsrtf.supabase.co/storage/v1/object/public/parts-images/drive-source/8344ac326d51211e22fa/GPLUG00006.PIC.061726.jpg?v=8344ac326d51211e22fa
GPLUG00007,DATA1_Images/GPLUG00007.PIC.061736.jpg,drive-source/2f4ac6cc9e271cb93c7a/GPLUG00007.PIC.061736.jpg,UPLOADED,https://cyacvmjkqgnbihivsrtf.supabase.co/storage/v1/object/public/parts-images/drive-source/2f4ac6cc9e271cb93c7a/GPLUG00007.PIC.061736.jpg?v=2f4ac6cc9e271cb93c7a
GPLUG00008,DATA1_Images/GPLUG00008.PIC.061748.jpg,drive-source/3e7691d72b8373269352/GPLUG00008.PIC.061748.jpg,UPLOADED,https://cyacvmjkqgnbihivsrtf.supabase.co/storage/v1/object/public/parts-images/drive-source/3e7691d72b8373269352/GPLUG00008.PIC.061748.jpg?v=3e7691d72b8373269352
GPLUG00009,DATA1_Images/GPLUG00009.PIC.061754.jpg,drive-source/7c69adf6ae1e79fa58b9/GPLUG00009.PIC.061754.jpg,UPLOADED,https://cyacvmjkqgnbihivsrtf.supabase.co/storage/v1/object/public/parts-images/drive-source/7c69adf6ae1e79fa58b9/GPLUG00009.PIC.061754.jpg?v=7c69adf6ae1e79fa58b9
GPP00001,DATA1_Images/GPP00001.PIC.080118.jpg,drive-source/bcf4915436a3d72da80e/GPP00001.PIC.080118.jpg,UPLOADED,https://cyacvmjkqgnbihivsrtf.supabase.co/storage/v1/object/public/parts-images/drive-source/bcf4915436a3d72da80e/GPP00001.PIC.080118.jpg?v=bcf4915436a3d72da80e
GPP00002,DATA1_Images/GPP00002.PIC.110811.jpg,drive-source/9a7ea6cdefd71ec0c746/GPP00002.PIC.110811.jpg,UPLOADED,https://cyacvmjkqgnbihivsrtf.supabase.co/storage/v1/object/public/parts-images/drive-source/9a7ea6cdefd71ec0c746/GPP00002.PIC.110811.jpg?v=9a7ea6cdefd71ec0c746
GSCBIG00001,DATA1_Images/GSCBIG00001.PIC.070002.jpg,drive-source/2c215028af17c5504b4a/GSCBIG00001.PIC.070002.jpg,UPLOADED,https://cyacvmjkqgnbihivsrtf.supabase.co/storage/v1/object/public/parts-images/drive-source/2c215028af17c5504b4a/GSCBIG00001.PIC.070002.jpg?v=2c215028af17c5504b4a
GSCBIG00002,DATA1_Images/GSCBIG00002.PIC.070036.jpg,drive-source/3ef0f0cfb2baed90a78e/GSCBIG00002.PIC.070036.jpg,UPLOADED,https://cyacvmjkqgnbihivsrtf.supabase.co/storage/v1/object/public/parts-images/drive-source/3ef0f0cfb2baed90a78e/GSCBIG00002.PIC.070036.jpg?v=3ef0f0cfb2baed90a78e
GSCBIG00004,DATA1_Images/GSCBIG00004.PIC.070013.jpg,drive-source/c11ebe4af82cca911db5/GSCBIG00004.PIC.070013.jpg,UPLOADED,https://cyacvmjkqgnbihivsrtf.supabase.co/storage/v1/object/public/parts-images/drive-source/c11ebe4af82cca911db5/GSCBIG00004.PIC.070013.jpg?v=c11ebe4af82cca911db5
GSCBIG00005,DATA1_Images/GSCBIG00005.PIC.070610.jpg,drive-source/fefb6c630d0252c1ff5d/GSCBIG00005.PIC.070610.jpg,UPLOADED,https://cyacvmjkqgnbihivsrtf.supabase.co/storage/v1/object/public/parts-images/drive-source/fefb6c630d0252c1ff5d/GSCBIG00005.PIC.070610.jpg?v=fefb6c630d0252c1ff5d
GSCBIG00006,DATA1_Images/GSCBIG00006.PIC.070618.jpg,drive-source/ced23227b8d28f14e003/GSCBIG00006.PIC.070618.jpg,UPLOADED,https://cyacvmjkqgnbihivsrtf.supabase.co/storage/v1/object/public/parts-images/drive-source/ced23227b8d28f14e003/GSCBIG00006.PIC.070618.jpg?v=ced23227b8d28f14e003
GSCBIG00007,DATA1_Images/GSCBIG00007.PIC.070624.jpg,drive-source/e432f7d136420c4042d9/GSCBIG00007.PIC.070624.jpg,UPLOADED,https://cyacvmjkqgnbihivsrtf.supabase.co/storage/v1/object/public/parts-images/drive-source/e432f7d136420c4042d9/GSCBIG00007.PIC.070624.jpg?v=e432f7d136420c4042d9
GSCBIG00008,DATA1_Images/GSCBIG00008.PIC.070027.jpg,drive-source/36705d50b2be156a9f37/GSCBIG00008.PIC.070027.jpg,UPLOADED,https://cyacvmjkqgnbihivsrtf.supabase.co/storage/v1/object/public/parts-images/drive-source/36705d50b2be156a9f37/GSCBIG00008.PIC.070027.jpg?v=36705d50b2be156a9f37
GSCBIG00009,DATA1_Images/GSCBIG00009.PIC.070603.jpg,drive-source/94a72918c0f3fb2eae3c/GSCBIG00009.PIC.070603.jpg,UPLOADED,https://cyacvmjkqgnbihivsrtf.supabase.co/storage/v1/object/public/parts-images/drive-source/94a72918c0f3fb2eae3c/GSCBIG00009.PIC.070603.jpg?v=94a72918c0f3fb2eae3c
GSCBIG00010,DATA1_Images/GSCBIG00010.PIC.070552.jpg,drive-source/7fa121a533833329effa/GSCBIG00010.PIC.070552.jpg,UPLOADED,https://cyacvmjkqgnbihivsrtf.supabase.co/storage/v1/object/public/parts-images/drive-source/7fa121a533833329effa/GSCBIG00010.PIC.070552.jpg?v=7fa121a533833329effa
GSCBIG00011,DATA1_Images/GSCBIG00011.PIC.070540.jpg,drive-source/b647937e7e3eb5294699/GSCBIG00011.PIC.070540.jpg,UPLOADED,https://cyacvmjkqgnbihivsrtf.supabase.co/storage/v1/object/public/parts-images/drive-source/b647937e7e3eb5294699/GSCBIG00011.PIC.070540.jpg?v=b647937e7e3eb5294699
GSCBIG00012,DATA1_Images/GSCBIG00012.PIC.070533.jpg,drive-source/e93c6f927f8ee8f20faf/GSCBIG00012.PIC.070533.jpg,UPLOADED,https://cyacvmjkqgnbihivsrtf.supabase.co/storage/v1/object/public/parts-images/drive-source/e93c6f927f8ee8f20faf/GSCBIG00012.PIC.070533.jpg?v=e93c6f927f8ee8f20faf
GSCBIG00013,DATA1_Images/GSCBIG00013.PIC.070234.jpg,drive-source/2b274c5071a2226c4140/GSCBIG00013.PIC.070234.jpg,UPLOADED,https://cyacvmjkqgnbihivsrtf.supabase.co/storage/v1/object/public/parts-images/drive-source/2b274c5071a2226c4140/GSCBIG00013.PIC.070234.jpg?v=2b274c5071a2226c4140
GSCBIG00014,DATA1_Images/GSCBIG00014.PIC.070640.jpg,drive-source/3450b85a511a10ecfd60/GSCBIG00014.PIC.070640.jpg,UPLOADED,https://cyacvmjkqgnbihivsrtf.supabase.co/storage/v1/object/public/parts-images/drive-source/3450b85a511a10ecfd60/GSCBIG00014.PIC.070640.jpg?v=3450b85a511a10ecfd60
GSCBIG00015,DATA1_Images/GSCBIG00015.PIC.070648.jpg,drive-source/16a2eeadd7a59d7303b4/GSCBIG00015.PIC.070648.jpg,UPLOADED,https://cyacvmjkqgnbihivsrtf.supabase.co/storage/v1/object/public/parts-images/drive-source/16a2eeadd7a59d7303b4/GSCBIG00015.PIC.070648.jpg?v=16a2eeadd7a59d7303b4
GSCBIG00016,DATA1_Images/GSCBIG00016.PIC.070654.jpg,drive-source/77cfaeb8c2e4e0b3ac97/GSCBIG00016.PIC.070654.jpg,UPLOADED,https://cyacvmjkqgnbihivsrtf.supabase.co/storage/v1/object/public/parts-images/drive-source/77cfaeb8c2e4e0b3ac97/GSCBIG00016.PIC.070654.jpg?v=77cfaeb8c2e4e0b3ac97
GSCBIG00017,DATA1_Images/GSCBIG00017.PIC.070702.jpg,drive-source/907efec786d7ecd7b81c/GSCBIG00017.PIC.070702.jpg,UPLOADED,https://cyacvmjkqgnbihivsrtf.supabase.co/storage/v1/object/public/parts-images/drive-source/907efec786d7ecd7b81c/GSCBIG00017.PIC.070702.jpg?v=907efec786d7ecd7b81c
GSCBIG00018,DATA1_Images/GSCBIG00018.PIC.070709.jpg,drive-source/86f71e82503e203b293d/GSCBIG00018.PIC.070709.jpg,UPLOADED,https://cyacvmjkqgnbihivsrtf.supabase.co/storage/v1/object/public/parts-images/drive-source/86f71e82503e203b293d/GSCBIG00018.PIC.070709.jpg?v=86f71e82503e203b293d
GSCBIG00019,DATA1_Images/GSCBIG00019.PIC.070726.jpg,drive-source/c54588e0cf8911167980/GSCBIG00019.PIC.070726.jpg,UPLOADED,https://cyacvmjkqgnbihivsrtf.supabase.co/storage/v1/object/public/parts-images/drive-source/c54588e0cf8911167980/GSCBIG00019.PIC.070726.jpg?v=c54588e0cf8911167980
GSCBIG00020,DATA1_Images/GSCBIG00020.PIC.070817.jpg,drive-source/494a6ecac09ad3028db7/GSCBIG00020.PIC.070817.jpg,UPLOADED,https://cyacvmjkqgnbihivsrtf.supabase.co/storage/v1/object/public/parts-images/drive-source/494a6ecac09ad3028db7/GSCBIG00020.PIC.070817.jpg?v=494a6ecac09ad3028db7
GSCBIG00021,DATA1_Images/GSCBIG00021.PIC.070826.jpg,drive-source/5093cee5758958dccff0/GSCBIG00021.PIC.070826.jpg,UPLOADED,https://cyacvmjkqgnbihivsrtf.supabase.co/storage/v1/object/public/parts-images/drive-source/5093cee5758958dccff0/GSCBIG00021.PIC.070826.jpg?v=5093cee5758958dccff0
GSCBIG00022,DATA1_Images/GSCBIG00022.PIC.070832.jpg,drive-source/8ecf8434194ed0aae904/GSCBIG00022.PIC.070832.jpg,UPLOADED,https://cyacvmjkqgnbihivsrtf.supabase.co/storage/v1/object/public/parts-images/drive-source/8ecf8434194ed0aae904/GSCBIG00022.PIC.070832.jpg?v=8ecf8434194ed0aae904
GSCBIG00023,DATA1_Images/GSCBIG00023.PIC.070839.jpg,drive-source/4f5593a151b876f43611/GSCBIG00023.PIC.070839.jpg,UPLOADED,https://cyacvmjkqgnbihivsrtf.supabase.co/storage/v1/object/public/parts-images/drive-source/4f5593a151b876f43611/GSCBIG00023.PIC.070839.jpg?v=4f5593a151b876f43611
GSCBIG00024,DATA1_Images/GSCBIG00024.PIC.070909.jpg,drive-source/1696f2dbf0a78425e042/GSCBIG00024.PIC.070909.jpg,UPLOADED,https://cyacvmjkqgnbihivsrtf.supabase.co/storage/v1/object/public/parts-images/drive-source/1696f2dbf0a78425e042/GSCBIG00024.PIC.070909.jpg?v=1696f2dbf0a78425e042
GSCBIG00025,DATA1_Images/GSCBIG00025.PIC.071438.jpg,drive-source/d30d9a3d78f9763e7240/GSCBIG00025.PIC.071438.jpg,UPLOADED,https://cyacvmjkqgnbihivsrtf.supabase.co/storage/v1/object/public/parts-images/drive-source/d30d9a3d78f9763e7240/GSCBIG00025.PIC.071438.jpg?v=d30d9a3d78f9763e7240
GSCBIG00026,DATA1_Images/GSCBIG00026.PIC.071446.jpg,drive-source/b11b491bbc237ff0e991/GSCBIG00026.PIC.071446.jpg,UPLOADED,https://cyacvmjkqgnbihivsrtf.supabase.co/storage/v1/object/public/parts-images/drive-source/b11b491bbc237ff0e991/GSCBIG00026.PIC.071446.jpg?v=b11b491bbc237ff0e991
GSCBIG00027,DATA1_Images/GSCBIG00027.PIC.071429.jpg,drive-source/ff2ef9963d9a6a69cb2d/GSCBIG00027.PIC.071429.jpg,UPLOADED,https://cyacvmjkqgnbihivsrtf.supabase.co/storage/v1/object/public/parts-images/drive-source/ff2ef9963d9a6a69cb2d/GSCBIG00027.PIC.071429.jpg?v=ff2ef9963d9a6a69cb2d
GSCBIG00028,DATA1_Images/GSCBIG00028.PIC.071422.jpg,drive-source/9d1f6e9d67c71a3a3200/GSCBIG00028.PIC.071422.jpg,UPLOADED,https://cyacvmjkqgnbihivsrtf.supabase.co/storage/v1/object/public/parts-images/drive-source/9d1f6e9d67c71a3a3200/GSCBIG00028.PIC.071422.jpg?v=9d1f6e9d67c71a3a3200
GSCBIG00029,DATA1_Images/GSCBIG00029.PIC.071411.jpg,drive-source/6debdc70bace7b0f9a50/GSCBIG00029.PIC.071411.jpg,UPLOADED,https://cyacvmjkqgnbihivsrtf.supabase.co/storage/v1/object/public/parts-images/drive-source/6debdc70bace7b0f9a50/GSCBIG00029.PIC.071411.jpg?v=6debdc70bace7b0f9a50
GSCBIG00030,DATA1_Images/GSCBIG00030.PIC.071401.jpg,drive-source/4da9616f9ca8d9aaa5cc/GSCBIG00030.PIC.071401.jpg,UPLOADED,https://cyacvmjkqgnbihivsrtf.supabase.co/storage/v1/object/public/parts-images/drive-source/4da9616f9ca8d9aaa5cc/GSCBIG00030.PIC.071401.jpg?v=4da9616f9ca8d9aaa5cc
GSCBIG00031,DATA1_Images/GSCBIG00031.PIC.071351.jpg,drive-source/8aeb59bf9095cf1b2faa/GSCBIG00031.PIC.071351.jpg,UPLOADED,https://cyacvmjkqgnbihivsrtf.supabase.co/storage/v1/object/public/parts-images/drive-source/8aeb59bf9095cf1b2faa/GSCBIG00031.PIC.071351.jpg?v=8aeb59bf9095cf1b2faa
GSCBIG00032,DATA1_Images/GSCBIG00032.PIC.071342.jpg,drive-source/68fb51faace93275e302/GSCBIG00032.PIC.071342.jpg,UPLOADED,https://cyacvmjkqgnbihivsrtf.supabase.co/storage/v1/object/public/parts-images/drive-source/68fb51faace93275e302/GSCBIG00032.PIC.071342.jpg?v=68fb51faace93275e302
GSCBIG00033,DATA1_Images/GSCBIG00033.PIC.071331.jpg,drive-source/e5c1fad26086d514a83c/GSCBIG00033.PIC.071331.jpg,UPLOADED,https://cyacvmjkqgnbihivsrtf.supabase.co/storage/v1/object/public/parts-images/drive-source/e5c1fad26086d514a83c/GSCBIG00033.PIC.071331.jpg?v=e5c1fad26086d514a83c
GSCBIG00034,DATA1_Images/GSCBIG00034.PIC.071321.jpg,drive-source/9177574fbd14af362865/GSCBIG00034.PIC.071321.jpg,UPLOADED,https://cyacvmjkqgnbihivsrtf.supabase.co/storage/v1/object/public/parts-images/drive-source/9177574fbd14af362865/GSCBIG00034.PIC.071321.jpg?v=9177574fbd14af362865
GSCBIG00035,DATA1_Images/GSCBIG00035.PIC.071310.jpg,drive-source/c2792b6995edc4ce68a8/GSCBIG00035.PIC.071310.jpg,UPLOADED,https://cyacvmjkqgnbihivsrtf.supabase.co/storage/v1/object/public/parts-images/drive-source/c2792b6995edc4ce68a8/GSCBIG00035.PIC.071310.jpg?v=c2792b6995edc4ce68a8
GSCBIG00036,DATA1_Images/GSCBIG00036.PIC.071253.jpg,drive-source/48135402c5db0e248b03/GSCBIG00036.PIC.071253.jpg,UPLOADED,https://cyacvmjkqgnbihivsrtf.supabase.co/storage/v1/object/public/parts-images/drive-source/48135402c5db0e248b03/GSCBIG00036.PIC.071253.jpg?v=48135402c5db0e248b03
GSCBIG00037,DATA1_Images/GSCBIG00037.PIC.071243.jpg,drive-source/dcbaa720060bb71a773b/GSCBIG00037.PIC.071243.jpg,UPLOADED,https://cyacvmjkqgnbihivsrtf.supabase.co/storage/v1/object/public/parts-images/drive-source/dcbaa720060bb71a773b/GSCBIG00037.PIC.071243.jpg?v=dcbaa720060bb71a773b
GSCBIG00038,DATA1_Images/GSCBIG00038.PIC.071233.jpg,drive-source/28c9b3ae0c590077e00b/GSCBIG00038.PIC.071233.jpg,UPLOADED,https://cyacvmjkqgnbihivsrtf.supabase.co/storage/v1/object/public/parts-images/drive-source/28c9b3ae0c590077e00b/GSCBIG00038.PIC.071233.jpg?v=28c9b3ae0c590077e00b
GSCBIG00039,DATA1_Images/GSCBIG00039.PIC.071223.jpg,drive-source/3b81eb99f9d1ef1a4cca/GSCBIG00039.PIC.071223.jpg,UPLOADED,https://cyacvmjkqgnbihivsrtf.supabase.co/storage/v1/object/public/parts-images/drive-source/3b81eb99f9d1ef1a4cca/GSCBIG00039.PIC.071223.jpg?v=3b81eb99f9d1ef1a4cca
GSCBIG00040,DATA1_Images/GSCBIG00040.PIC.071214.jpg,drive-source/58b18c07dc92cf464ded/GSCBIG00040.PIC.071214.jpg,UPLOADED,https://cyacvmjkqgnbihivsrtf.supabase.co/storage/v1/object/public/parts-images/drive-source/58b18c07dc92cf464ded/GSCBIG00040.PIC.071214.jpg?v=58b18c07dc92cf464ded
GSCBIG00041,DATA1_Images/GSCBIG00041.PIC.071203.jpg,drive-source/88d373b46109575585cc/GSCBIG00041.PIC.071203.jpg,UPLOADED,https://cyacvmjkqgnbihivsrtf.supabase.co/storage/v1/object/public/parts-images/drive-source/88d373b46109575585cc/GSCBIG00041.PIC.071203.jpg?v=88d373b46109575585cc
GSCBIG00042,DATA1_Images/GSCBIG00042.PIC.071151.jpg,drive-source/bc061caf845e0b700529/GSCBIG00042.PIC.071151.jpg,UPLOADED,https://cyacvmjkqgnbihivsrtf.supabase.co/storage/v1/object/public/parts-images/drive-source/bc061caf845e0b700529/GSCBIG00042.PIC.071151.jpg?v=bc061caf845e0b700529
GSCBIG00043,DATA1_Images/GSCBIG00043.PIC.071141.jpg,drive-source/8e50f700751f1a560308/GSCBIG00043.PIC.071141.jpg,UPLOADED,https://cyacvmjkqgnbihivsrtf.supabase.co/storage/v1/object/public/parts-images/drive-source/8e50f700751f1a560308/GSCBIG00043.PIC.071141.jpg?v=8e50f700751f1a560308
GSCBIG00044,DATA1_Images/GSCBIG00044.PIC.071052.jpg,drive-source/caaeadea4e6475a810f0/GSCBIG00044.PIC.071052.jpg,UPLOADED,https://cyacvmjkqgnbihivsrtf.supabase.co/storage/v1/object/public/parts-images/drive-source/caaeadea4e6475a810f0/GSCBIG00044.PIC.071052.jpg?v=caaeadea4e6475a810f0
GSCBIG00045,DATA1_Images/GSCBIG00045.PIC.071025.jpg,drive-source/2148513efa82b41bb463/GSCBIG00045.PIC.071025.jpg,UPLOADED,https://cyacvmjkqgnbihivsrtf.supabase.co/storage/v1/object/public/parts-images/drive-source/2148513efa82b41bb463/GSCBIG00045.PIC.071025.jpg?v=2148513efa82b41bb463
GSCBIG00046,DATA1_Images/GSCBIG00046.PIC.071033.jpg,drive-source/00d25dc4d0697c0cf6ff/GSCBIG00046.PIC.071033.jpg,UPLOADED,https://cyacvmjkqgnbihivsrtf.supabase.co/storage/v1/object/public/parts-images/drive-source/00d25dc4d0697c0cf6ff/GSCBIG00046.PIC.071033.jpg?v=00d25dc4d0697c0cf6ff
GSCBIG00047,DATA1_Images/GSCBIG00047.PIC.071010.jpg,drive-source/ab1b736497d915ddba82/GSCBIG00047.PIC.071010.jpg,UPLOADED,https://cyacvmjkqgnbihivsrtf.supabase.co/storage/v1/object/public/parts-images/drive-source/ab1b736497d915ddba82/GSCBIG00047.PIC.071010.jpg?v=ab1b736497d915ddba82
GSCBIG00048,DATA1_Images/GSCBIG00048.PIC.071005.jpg,drive-source/44a7d3edce37d80bea6d/GSCBIG00048.PIC.071005.jpg,UPLOADED,https://cyacvmjkqgnbihivsrtf.supabase.co/storage/v1/object/public/parts-images/drive-source/44a7d3edce37d80bea6d/GSCBIG00048.PIC.071005.jpg?v=44a7d3edce37d80bea6d
GSCBIG00049,DATA1_Images/GSCBIG00049.PIC.070951.jpg,drive-source/555aa3a32bb9f59731b7/GSCBIG00049.PIC.070951.jpg,UPLOADED,https://cyacvmjkqgnbihivsrtf.supabase.co/storage/v1/object/public/parts-images/drive-source/555aa3a32bb9f59731b7/GSCBIG00049.PIC.070951.jpg?v=555aa3a32bb9f59731b7
GSCBIG00050,DATA1_Images/GSCBIG00050.PIC.070939.jpg,drive-source/8431983080b04afc6572/GSCBIG00050.PIC.070939.jpg,UPLOADED,https://cyacvmjkqgnbihivsrtf.supabase.co/storage/v1/object/public/parts-images/drive-source/8431983080b04afc6572/GSCBIG00050.PIC.070939.jpg?v=8431983080b04afc6572
GSVA00001,DATA1_Images/GSVA00001.PIC.110725.jpg,drive-source/004b01e7436ca18b3da5/GSVA00001.PIC.110725.jpg,UPLOADED,https://cyacvmjkqgnbihivsrtf.supabase.co/storage/v1/object/public/parts-images/drive-source/004b01e7436ca18b3da5/GSVA00001.PIC.110725.jpg?v=004b01e7436ca18b3da5
GSVA00001-B,DATA1_Images/GSVA00001-B.PIC.110719.jpg,drive-source/01f2434d58e295e2eaea/GSVA00001-B.PIC.110719.jpg,UPLOADED,https://cyacvmjkqgnbihivsrtf.supabase.co/storage/v1/object/public/parts-images/drive-source/01f2434d58e295e2eaea/GSVA00001-B.PIC.110719.jpg?v=01f2434d58e295e2eaea
GSVA00003,DATA1_Images/GSVA00003.PIC.110708.jpg,drive-source/d8eaf6ee42949e694019/GSVA00003.PIC.110708.jpg,UPLOADED,https://cyacvmjkqgnbihivsrtf.supabase.co/storage/v1/object/public/parts-images/drive-source/d8eaf6ee42949e694019/GSVA00003.PIC.110708.jpg?v=d8eaf6ee42949e694019
GSVA00004-B,DATA1_Images/GSVA00004-B.PIC.110700.jpg,drive-source/160ff1f465b4f3e3c695/GSVA00004-B.PIC.110700.jpg,UPLOADED,https://cyacvmjkqgnbihivsrtf.supabase.co/storage/v1/object/public/parts-images/drive-source/160ff1f465b4f3e3c695/GSVA00004-B.PIC.110700.jpg?v=160ff1f465b4f3e3c695
GSVA00005,DATA1_Images/GSVA00005.PIC.110651.jpg,drive-source/940aab3d834f13cc8dc3/GSVA00005.PIC.110651.jpg,UPLOADED,https://cyacvmjkqgnbihivsrtf.supabase.co/storage/v1/object/public/parts-images/drive-source/940aab3d834f13cc8dc3/GSVA00005.PIC.110651.jpg?v=940aab3d834f13cc8dc3
GSVA00007,DATA1_Images/GSVA00007.PIC.110644.jpg,drive-source/32602c3dc2a29e15ed43/GSVA00007.PIC.110644.jpg,UPLOADED,https://cyacvmjkqgnbihivsrtf.supabase.co/storage/v1/object/public/parts-images/drive-source/32602c3dc2a29e15ed43/GSVA00007.PIC.110644.jpg?v=32602c3dc2a29e15ed43
GSVA00009,DATA1_Images/GSVA00009.PIC.110634.jpg,drive-source/450f1d4d63720d3803da/GSVA00009.PIC.110634.jpg,UPLOADED,https://cyacvmjkqgnbihivsrtf.supabase.co/storage/v1/object/public/parts-images/drive-source/450f1d4d63720d3803da/GSVA00009.PIC.110634.jpg?v=450f1d4d63720d3803da
GSVA00010,DATA1_Images/GSVA00010.PIC.110620.jpg,drive-source/ea439eb5d1cedafbbe7d/GSVA00010.PIC.110620.jpg,UPLOADED,https://cyacvmjkqgnbihivsrtf.supabase.co/storage/v1/object/public/parts-images/drive-source/ea439eb5d1cedafbbe7d/GSVA00010.PIC.110620.jpg?v=ea439eb5d1cedafbbe7d
GSVA00011,DATA1_Images/GSVA00011.PIC.110611.jpg,drive-source/b37b6bc276fc92079f5c/GSVA00011.PIC.110611.jpg,UPLOADED,https://cyacvmjkqgnbihivsrtf.supabase.co/storage/v1/object/public/parts-images/drive-source/b37b6bc276fc92079f5c/GSVA00011.PIC.110611.jpg?v=b37b6bc276fc92079f5c
GSVA00012,DATA1_Images/GSVA00012.PIC.110603.jpg,drive-source/1b599083d08954976b35/GSVA00012.PIC.110603.jpg,UPLOADED,https://cyacvmjkqgnbihivsrtf.supabase.co/storage/v1/object/public/parts-images/drive-source/1b599083d08954976b35/GSVA00012.PIC.110603.jpg?v=1b599083d08954976b35
GSVA00013,DATA1_Images/GSVA00013.PIC.110557.jpg,drive-source/8cb78fa0876688bbd6ec/GSVA00013.PIC.110557.jpg,UPLOADED,https://cyacvmjkqgnbihivsrtf.supabase.co/storage/v1/object/public/parts-images/drive-source/8cb78fa0876688bbd6ec/GSVA00013.PIC.110557.jpg?v=8cb78fa0876688bbd6ec
GSVA00014,DATA1_Images/GSVA00014.PIC.110551.jpg,drive-source/8c6a31e4b08803902bd7/GSVA00014.PIC.110551.jpg,UPLOADED,https://cyacvmjkqgnbihivsrtf.supabase.co/storage/v1/object/public/parts-images/drive-source/8c6a31e4b08803902bd7/GSVA00014.PIC.110551.jpg?v=8c6a31e4b08803902bd7
GSVA00015,DATA1_Images/GSVA00015.PIC.110545.jpg,drive-source/061ed8596d0d499b4ccc/GSVA00015.PIC.110545.jpg,UPLOADED,https://cyacvmjkqgnbihivsrtf.supabase.co/storage/v1/object/public/parts-images/drive-source/061ed8596d0d499b4ccc/GSVA00015.PIC.110545.jpg?v=061ed8596d0d499b4ccc
GSVA00017,DATA1_Images/GSVA00017.PIC.110522.jpg,drive-source/e860b96b0934f5c57f00/GSVA00017.PIC.110522.jpg,UPLOADED,https://cyacvmjkqgnbihivsrtf.supabase.co/storage/v1/object/public/parts-images/drive-source/e860b96b0934f5c57f00/GSVA00017.PIC.110522.jpg?v=e860b96b0934f5c57f00
GSVA00018,DATA1_Images/GSVA00018.PIC.110516.jpg,drive-source/15c57806cc0b24ce2078/GSVA00018.PIC.110516.jpg,UPLOADED,https://cyacvmjkqgnbihivsrtf.supabase.co/storage/v1/object/public/parts-images/drive-source/15c57806cc0b24ce2078/GSVA00018.PIC.110516.jpg?v=15c57806cc0b24ce2078
GSVA00020,DATA1_Images/GSVA00020.PIC.110505.jpg,drive-source/794f90647ea67db314f1/GSVA00020.PIC.110505.jpg,UPLOADED,https://cyacvmjkqgnbihivsrtf.supabase.co/storage/v1/object/public/parts-images/drive-source/794f90647ea67db314f1/GSVA00020.PIC.110505.jpg?v=794f90647ea67db314f1
GSVA00021,DATA1_Images/GSVA00021.PIC.110457.jpg,drive-source/f13dbb28efd67064932b/GSVA00021.PIC.110457.jpg,UPLOADED,https://cyacvmjkqgnbihivsrtf.supabase.co/storage/v1/object/public/parts-images/drive-source/f13dbb28efd67064932b/GSVA00021.PIC.110457.jpg?v=f13dbb28efd67064932b
GSVA00022,DATA1_Images/GSVA00022.PIC.110450.jpg,drive-source/ed73b15eca47f6795b46/GSVA00022.PIC.110450.jpg,UPLOADED,https://cyacvmjkqgnbihivsrtf.supabase.co/storage/v1/object/public/parts-images/drive-source/ed73b15eca47f6795b46/GSVA00022.PIC.110450.jpg?v=ed73b15eca47f6795b46
GSVA00023,DATA1_Images/GSVA00023.PIC.110442.jpg,drive-source/c22a02b1738d5bf14ff9/GSVA00023.PIC.110442.jpg,UPLOADED,https://cyacvmjkqgnbihivsrtf.supabase.co/storage/v1/object/public/parts-images/drive-source/c22a02b1738d5bf14ff9/GSVA00023.PIC.110442.jpg?v=c22a02b1738d5bf14ff9
GSVA00024,DATA1_Images/GSVA00024.PIC.110435.jpg,drive-source/94b08899bc241745fba0/GSVA00024.PIC.110435.jpg,UPLOADED,https://cyacvmjkqgnbihivsrtf.supabase.co/storage/v1/object/public/parts-images/drive-source/94b08899bc241745fba0/GSVA00024.PIC.110435.jpg?v=94b08899bc241745fba0
GSVA00025,DATA1_Images/GSVA00025.PIC.110425.jpg,drive-source/a6ea927a9d9cede811bf/GSVA00025.PIC.110425.jpg,UPLOADED,https://cyacvmjkqgnbihivsrtf.supabase.co/storage/v1/object/public/parts-images/drive-source/a6ea927a9d9cede811bf/GSVA00025.PIC.110425.jpg?v=a6ea927a9d9cede811bf
GSVA00026,DATA1_Images/GSVA00026.PIC.110411.jpg,drive-source/bd9ea2090089b72c9ed9/GSVA00026.PIC.110411.jpg,UPLOADED,https://cyacvmjkqgnbihivsrtf.supabase.co/storage/v1/object/public/parts-images/drive-source/bd9ea2090089b72c9ed9/GSVA00026.PIC.110411.jpg?v=bd9ea2090089b72c9ed9
GSVA00027,DATA1_Images/GSVA00027.PIC.110401.jpg,drive-source/ce50b4615bd11415a956/GSVA00027.PIC.110401.jpg,UPLOADED,https://cyacvmjkqgnbihivsrtf.supabase.co/storage/v1/object/public/parts-images/drive-source/ce50b4615bd11415a956/GSVA00027.PIC.110401.jpg?v=ce50b4615bd11415a956
GTANK00001,DATA1_Images/GTANK00001.PIC.105345.jpg,drive-source/6995125143d18cd5ab65/GTANK00001.PIC.105345.jpg,UPLOADED,https://cyacvmjkqgnbihivsrtf.supabase.co/storage/v1/object/public/parts-images/drive-source/6995125143d18cd5ab65/GTANK00001.PIC.105345.jpg?v=6995125143d18cd5ab65
GTANK00002,DATA1_Images/GTANK00002.PIC.092056.jpg,drive-source/010cc9a20906b98e3711/GTANK00002.PIC.092056.jpg,UPLOADED,https://cyacvmjkqgnbihivsrtf.supabase.co/storage/v1/object/public/parts-images/drive-source/010cc9a20906b98e3711/GTANK00002.PIC.092056.jpg?v=010cc9a20906b98e3711
GTANK00003,DATA1_Images/GTANK00003.PIC.105359.jpg,drive-source/9360103230ed1978a74c/GTANK00003.PIC.105359.jpg,UPLOADED,https://cyacvmjkqgnbihivsrtf.supabase.co/storage/v1/object/public/parts-images/drive-source/9360103230ed1978a74c/GTANK00003.PIC.105359.jpg?v=9360103230ed1978a74c
GTANK00004,DATA1_Images/GTANK00004.PIC.105405.jpg,drive-source/fbb050aff92e1761af97/GTANK00004.PIC.105405.jpg,UPLOADED,https://cyacvmjkqgnbihivsrtf.supabase.co/storage/v1/object/public/parts-images/drive-source/fbb050aff92e1761af97/GTANK00004.PIC.105405.jpg?v=fbb050aff92e1761af97
GTANK00005,DATA1_Images/GTANK00005.PIC.105416.jpg,drive-source/a90689a9a215cad1f4fe/GTANK00005.PIC.105416.jpg,UPLOADED,https://cyacvmjkqgnbihivsrtf.supabase.co/storage/v1/object/public/parts-images/drive-source/a90689a9a215cad1f4fe/GTANK00005.PIC.105416.jpg?v=a90689a9a215cad1f4fe
GTANK00006,DATA1_Images/GTANK00006.PIC.105422.jpg,drive-source/4c20a460fbe344f2d7b6/GTANK00006.PIC.105422.jpg,UPLOADED,https://cyacvmjkqgnbihivsrtf.supabase.co/storage/v1/object/public/parts-images/drive-source/4c20a460fbe344f2d7b6/GTANK00006.PIC.105422.jpg?v=4c20a460fbe344f2d7b6
GTANK00007,DATA1_Images/GTANK00007.PIC.105429.jpg,drive-source/e63b8bd0a09d5e2c9658/GTANK00007.PIC.105429.jpg,UPLOADED,https://cyacvmjkqgnbihivsrtf.supabase.co/storage/v1/object/public/parts-images/drive-source/e63b8bd0a09d5e2c9658/GTANK00007.PIC.105429.jpg?v=e63b8bd0a09d5e2c9658
GTANK00008,DATA1_Images/GTANK00008.PIC.092121.jpg,drive-source/d4ef43811036912d252c/GTANK00008.PIC.092121.jpg,UPLOADED,https://cyacvmjkqgnbihivsrtf.supabase.co/storage/v1/object/public/parts-images/drive-source/d4ef43811036912d252c/GTANK00008.PIC.092121.jpg?v=d4ef43811036912d252c
GTANK00012,DATA1_Images/GTANK00012.PIC.092249.jpg,drive-source/2819be8ec4b441b4401d/GTANK00012.PIC.092249.jpg,UPLOADED,https://cyacvmjkqgnbihivsrtf.supabase.co/storage/v1/object/public/parts-images/drive-source/2819be8ec4b441b4401d/GTANK00012.PIC.092249.jpg?v=2819be8ec4b441b4401d
GTANK00013,DATA1_Images/GTANK00013.PIC.092202.jpg,drive-source/40ca9c2197e8ab204d64/GTANK00013.PIC.092202.jpg,UPLOADED,https://cyacvmjkqgnbihivsrtf.supabase.co/storage/v1/object/public/parts-images/drive-source/40ca9c2197e8ab204d64/GTANK00013.PIC.092202.jpg?v=40ca9c2197e8ab204d64
GTFM00001,DATA1_Images/GTFM00001.PIC.075717.jpg,drive-source/b436400a95e05e904794/GTFM00001.PIC.075717.jpg,UPLOADED,https://cyacvmjkqgnbihivsrtf.supabase.co/storage/v1/object/public/parts-images/drive-source/b436400a95e05e904794/GTFM00001.PIC.075717.jpg?v=b436400a95e05e904794
GTFM00002,DATA1_Images/GTFM00002.PIC.075806.jpg,drive-source/82f27bacc561dc413b2f/GTFM00002.PIC.075806.jpg,UPLOADED,https://cyacvmjkqgnbihivsrtf.supabase.co/storage/v1/object/public/parts-images/drive-source/82f27bacc561dc413b2f/GTFM00002.PIC.075806.jpg?v=82f27bacc561dc413b2f
GTFM00003,DATA1_Images/GTFM00003.PIC.075935.jpg,drive-source/c0d7e89c087d4f5088f7/GTFM00003.PIC.075935.jpg,UPLOADED,https://cyacvmjkqgnbihivsrtf.supabase.co/storage/v1/object/public/parts-images/drive-source/c0d7e89c087d4f5088f7/GTFM00003.PIC.075935.jpg?v=c0d7e89c087d4f5088f7
GTFM00004,DATA1_Images/GTFM00004.PIC.080009.jpg,drive-source/7ebe274ab0fa219a6990/GTFM00004.PIC.080009.jpg,UPLOADED,https://cyacvmjkqgnbihivsrtf.supabase.co/storage/v1/object/public/parts-images/drive-source/7ebe274ab0fa219a6990/GTFM00004.PIC.080009.jpg?v=7ebe274ab0fa219a6990
GTFM00005,DATA1_Images/GTFM00005.PIC.080102.jpg,drive-source/0d669e7bfb37216ba875/GTFM00005.PIC.080102.jpg,UPLOADED,https://cyacvmjkqgnbihivsrtf.supabase.co/storage/v1/object/public/parts-images/drive-source/0d669e7bfb37216ba875/GTFM00005.PIC.080102.jpg?v=0d669e7bfb37216ba875
GTFM00006,DATA1_Images/GTFM00006.PIC.080601.jpg,drive-source/2aa890d27d7eee7a1b83/GTFM00006.PIC.080601.jpg,UPLOADED,https://cyacvmjkqgnbihivsrtf.supabase.co/storage/v1/object/public/parts-images/drive-source/2aa890d27d7eee7a1b83/GTFM00006.PIC.080601.jpg?v=2aa890d27d7eee7a1b83
GTFM00007,DATA1_Images/GTFM00007.PIC.080335.jpg,drive-source/faf6fc64664dc17083d0/GTFM00007.PIC.080335.jpg,UPLOADED,https://cyacvmjkqgnbihivsrtf.supabase.co/storage/v1/object/public/parts-images/drive-source/faf6fc64664dc17083d0/GTFM00007.PIC.080335.jpg?v=faf6fc64664dc17083d0
GTFM00008,DATA1_Images/GTFM00008.PIC.080623.jpg,drive-source/10a40abae9ebb3269c18/GTFM00008.PIC.080623.jpg,UPLOADED,https://cyacvmjkqgnbihivsrtf.supabase.co/storage/v1/object/public/parts-images/drive-source/10a40abae9ebb3269c18/GTFM00008.PIC.080623.jpg?v=10a40abae9ebb3269c18
GTFM00009,DATA1_Images/GTFM00009.PIC.080645.jpg,drive-source/59769ba867ff603bb6aa/GTFM00009.PIC.080645.jpg,UPLOADED,https://cyacvmjkqgnbihivsrtf.supabase.co/storage/v1/object/public/parts-images/drive-source/59769ba867ff603bb6aa/GTFM00009.PIC.080645.jpg?v=59769ba867ff603bb6aa
GTFM00010,DATA1_Images/GTFM00010.PIC.080318.jpg,drive-source/54dce274d06e4696534f/GTFM00010.PIC.080318.jpg,UPLOADED,https://cyacvmjkqgnbihivsrtf.supabase.co/storage/v1/object/public/parts-images/drive-source/54dce274d06e4696534f/GTFM00010.PIC.080318.jpg?v=54dce274d06e4696534f
GTFM00011,DATA1_Images/GTFM00011.PIC.080254.jpg,drive-source/2d7a5747c46f3a108c09/GTFM00011.PIC.080254.jpg,UPLOADED,https://cyacvmjkqgnbihivsrtf.supabase.co/storage/v1/object/public/parts-images/drive-source/2d7a5747c46f3a108c09/GTFM00011.PIC.080254.jpg?v=2d7a5747c46f3a108c09
GTFM00012,DATA1_Images/GTFM00012.PIC.080246.jpg,drive-source/aff8d6a7f95f270b4882/GTFM00012.PIC.080246.jpg,UPLOADED,https://cyacvmjkqgnbihivsrtf.supabase.co/storage/v1/object/public/parts-images/drive-source/aff8d6a7f95f270b4882/GTFM00012.PIC.080246.jpg?v=aff8d6a7f95f270b4882
GTFM00013,DATA1_Images/GTFM00013.PIC.080225.jpg,drive-source/1b543af15a975644522e/GTFM00013.PIC.080225.jpg,UPLOADED,https://cyacvmjkqgnbihivsrtf.supabase.co/storage/v1/object/public/parts-images/drive-source/1b543af15a975644522e/GTFM00013.PIC.080225.jpg?v=1b543af15a975644522e
GTFM00014,DATA1_Images/GTFM00014.PIC.080140.jpg,drive-source/e2f1713ff2bca2707a5a/GTFM00014.PIC.080140.jpg,UPLOADED,https://cyacvmjkqgnbihivsrtf.supabase.co/storage/v1/object/public/parts-images/drive-source/e2f1713ff2bca2707a5a/GTFM00014.PIC.080140.jpg?v=e2f1713ff2bca2707a5a
GTFM00015,DATA1_Images/GTFM00015.PIC.080203.jpg,drive-source/030f11480fc328af4457/GTFM00015.PIC.080203.jpg,UPLOADED,https://cyacvmjkqgnbihivsrtf.supabase.co/storage/v1/object/public/parts-images/drive-source/030f11480fc328af4457/GTFM00015.PIC.080203.jpg?v=030f11480fc328af4457
GTRM00001,DATA1_Images/GTRM00001.PIC.092532.jpg,drive-source/bf9c19e6644ff64cce27/GTRM00001.PIC.092532.jpg,UPLOADED,https://cyacvmjkqgnbihivsrtf.supabase.co/storage/v1/object/public/parts-images/drive-source/bf9c19e6644ff64cce27/GTRM00001.PIC.092532.jpg?v=bf9c19e6644ff64cce27
GTRM00002,DATA1_Images/GTRM00002.PIC.092405.jpg,drive-source/65712cf6f75facf8091e/GTRM00002.PIC.092405.jpg,UPLOADED,https://cyacvmjkqgnbihivsrtf.supabase.co/storage/v1/object/public/parts-images/drive-source/65712cf6f75facf8091e/GTRM00002.PIC.092405.jpg?v=65712cf6f75facf8091e
GTRM00003,DATA1_Images/GTRM00003.PIC.092628.jpg,drive-source/5eb2632969e0fbc25055/GTRM00003.PIC.092628.jpg,UPLOADED,https://cyacvmjkqgnbihivsrtf.supabase.co/storage/v1/object/public/parts-images/drive-source/5eb2632969e0fbc25055/GTRM00003.PIC.092628.jpg?v=5eb2632969e0fbc25055
GTRM00005,DATA1_Images/GTRM00005.PIC.092746.jpg,drive-source/63426b78cf9d4f36d6b8/GTRM00005.PIC.092746.jpg,UPLOADED,https://cyacvmjkqgnbihivsrtf.supabase.co/storage/v1/object/public/parts-images/drive-source/63426b78cf9d4f36d6b8/GTRM00005.PIC.092746.jpg?v=63426b78cf9d4f36d6b8
GTRM00006,DATA1_Images/GTRM00006.PIC.092853.jpg,drive-source/893a62955836efe09fda/GTRM00006.PIC.092853.jpg,UPLOADED,https://cyacvmjkqgnbihivsrtf.supabase.co/storage/v1/object/public/parts-images/drive-source/893a62955836efe09fda/GTRM00006.PIC.092853.jpg?v=893a62955836efe09fda
GTRM00007,DATA1_Images/GTRM00007.PIC.092915.jpg,drive-source/16c1d118f16521f5c749/GTRM00007.PIC.092915.jpg,UPLOADED,https://cyacvmjkqgnbihivsrtf.supabase.co/storage/v1/object/public/parts-images/drive-source/16c1d118f16521f5c749/GTRM00007.PIC.092915.jpg?v=16c1d118f16521f5c749
GTRM00008,DATA1_Images/GTRM00008.PIC.092936.jpg,drive-source/042c9ffbd1147c58175a/GTRM00008.PIC.092936.jpg,UPLOADED,https://cyacvmjkqgnbihivsrtf.supabase.co/storage/v1/object/public/parts-images/drive-source/042c9ffbd1147c58175a/GTRM00008.PIC.092936.jpg?v=042c9ffbd1147c58175a
NCABLE00001,DATA1_Images/NCABLE00001.PIC.063230.jpg,drive-source/66f109e46ef967e3e701/NCABLE00001.PIC.063230.jpg,UPLOADED,https://cyacvmjkqgnbihivsrtf.supabase.co/storage/v1/object/public/parts-images/drive-source/66f109e46ef967e3e701/NCABLE00001.PIC.063230.jpg?v=66f109e46ef967e3e701
NCABLE00002,DATA1_Images/NCABLE00002.PIC.063236.jpg,drive-source/f54f6fa447366b7dada6/NCABLE00002.PIC.063236.jpg,UPLOADED,https://cyacvmjkqgnbihivsrtf.supabase.co/storage/v1/object/public/parts-images/drive-source/f54f6fa447366b7dada6/NCABLE00002.PIC.063236.jpg?v=f54f6fa447366b7dada6
NCABLE00003,DATA1_Images/NCABLE00003.PIC.063242.jpg,drive-source/abff238a2bf3581cdf97/NCABLE00003.PIC.063242.jpg,UPLOADED,https://cyacvmjkqgnbihivsrtf.supabase.co/storage/v1/object/public/parts-images/drive-source/abff238a2bf3581cdf97/NCABLE00003.PIC.063242.jpg?v=abff238a2bf3581cdf97
NCABLE00004,DATA1_Images/NCABLE00004.PIC.063247.jpg,drive-source/a773bda222db573d7074/NCABLE00004.PIC.063247.jpg,UPLOADED,https://cyacvmjkqgnbihivsrtf.supabase.co/storage/v1/object/public/parts-images/drive-source/a773bda222db573d7074/NCABLE00004.PIC.063247.jpg?v=a773bda222db573d7074
NCABLE00005,DATA1_Images/NCABLE00005.PIC.063253.jpg,drive-source/30135e6f1e876589f4ea/NCABLE00005.PIC.063253.jpg,UPLOADED,https://cyacvmjkqgnbihivsrtf.supabase.co/storage/v1/object/public/parts-images/drive-source/30135e6f1e876589f4ea/NCABLE00005.PIC.063253.jpg?v=30135e6f1e876589f4ea
NCABLE00006,DATA1_Images/NCABLE00006.PIC.063347.jpg,drive-source/b104aef244833fca07f5/NCABLE00006.PIC.063347.jpg,UPLOADED,https://cyacvmjkqgnbihivsrtf.supabase.co/storage/v1/object/public/parts-images/drive-source/b104aef244833fca07f5/NCABLE00006.PIC.063347.jpg?v=b104aef244833fca07f5
NCABLE00007,DATA1_Images/NCABLE00007.PIC.063404.jpg,drive-source/5007390ee25517ed4891/NCABLE00007.PIC.063404.jpg,UPLOADED,https://cyacvmjkqgnbihivsrtf.supabase.co/storage/v1/object/public/parts-images/drive-source/5007390ee25517ed4891/NCABLE00007.PIC.063404.jpg?v=5007390ee25517ed4891
NCABLE00008,DATA1_Images/NCABLE00008.PIC.063409.jpg,drive-source/b85a25a89906a8768c15/NCABLE00008.PIC.063409.jpg,UPLOADED,https://cyacvmjkqgnbihivsrtf.supabase.co/storage/v1/object/public/parts-images/drive-source/b85a25a89906a8768c15/NCABLE00008.PIC.063409.jpg?v=b85a25a89906a8768c15
NCABLE00009,DATA1_Images/NCABLE00009.PIC.063416.jpg,drive-source/1d2c066389ff4106697f/NCABLE00009.PIC.063416.jpg,UPLOADED,https://cyacvmjkqgnbihivsrtf.supabase.co/storage/v1/object/public/parts-images/drive-source/1d2c066389ff4106697f/NCABLE00009.PIC.063416.jpg?v=1d2c066389ff4106697f
NCABLE00010,DATA1_Images/NCABLE00010.PIC.063424.jpg,drive-source/9803d51c48f940214634/NCABLE00010.PIC.063424.jpg,UPLOADED,https://cyacvmjkqgnbihivsrtf.supabase.co/storage/v1/object/public/parts-images/drive-source/9803d51c48f940214634/NCABLE00010.PIC.063424.jpg?v=9803d51c48f940214634
NCABLE00012,DATA1_Images/NCABLE00012.PIC.063433.jpg,drive-source/5de8f95500c277bf28e6/NCABLE00012.PIC.063433.jpg,UPLOADED,https://cyacvmjkqgnbihivsrtf.supabase.co/storage/v1/object/public/parts-images/drive-source/5de8f95500c277bf28e6/NCABLE00012.PIC.063433.jpg?v=5de8f95500c277bf28e6
NCABLE00013,DATA1_Images/NCABLE00013.PIC.063612.jpg,drive-source/aac721be08bcfd9198a8/NCABLE00013.PIC.063612.jpg,UPLOADED,https://cyacvmjkqgnbihivsrtf.supabase.co/storage/v1/object/public/parts-images/drive-source/aac721be08bcfd9198a8/NCABLE00013.PIC.063612.jpg?v=aac721be08bcfd9198a8
NCABLE00014,DATA1_Images/NCABLE00014.PIC.063648.jpg,drive-source/146b89cf8b4ee42a5b68/NCABLE00014.PIC.063648.jpg,UPLOADED,https://cyacvmjkqgnbihivsrtf.supabase.co/storage/v1/object/public/parts-images/drive-source/146b89cf8b4ee42a5b68/NCABLE00014.PIC.063648.jpg?v=146b89cf8b4ee42a5b68
NCABLE00015,DATA1_Images/NCABLE00015.PIC.063901.jpg,drive-source/13a7dbbeef08b13b4914/NCABLE00015.PIC.063901.jpg,UPLOADED,https://cyacvmjkqgnbihivsrtf.supabase.co/storage/v1/object/public/parts-images/drive-source/13a7dbbeef08b13b4914/NCABLE00015.PIC.063901.jpg?v=13a7dbbeef08b13b4914
NCABLE00016,DATA1_Images/NCABLE00016.PIC.063912.jpg,drive-source/7e160ff7060ed633d1d8/NCABLE00016.PIC.063912.jpg,UPLOADED,https://cyacvmjkqgnbihivsrtf.supabase.co/storage/v1/object/public/parts-images/drive-source/7e160ff7060ed633d1d8/NCABLE00016.PIC.063912.jpg?v=7e160ff7060ed633d1d8
NMSDS00004,DATA1_Images/NMSDS00004.PIC.114305.jpg,drive-source/11e323d3906b0b333242/NMSDS00004.PIC.114305.jpg,UPLOADED,https://cyacvmjkqgnbihivsrtf.supabase.co/storage/v1/object/public/parts-images/drive-source/11e323d3906b0b333242/NMSDS00004.PIC.114305.jpg?v=11e323d3906b0b333242
NMSDS00005,DATA1_Images/NMSDS00005.PIC.114329.jpg,drive-source/56f08b4584142b7e2803/NMSDS00005.PIC.114329.jpg,UPLOADED,https://cyacvmjkqgnbihivsrtf.supabase.co/storage/v1/object/public/parts-images/drive-source/56f08b4584142b7e2803/NMSDS00005.PIC.114329.jpg?v=56f08b4584142b7e2803
NMSDS00006,DATA1_Images/NMSDS00006.PIC.114338.jpg,drive-source/c291644c498bdb87b26e/NMSDS00006.PIC.114338.jpg,UPLOADED,https://cyacvmjkqgnbihivsrtf.supabase.co/storage/v1/object/public/parts-images/drive-source/c291644c498bdb87b26e/NMSDS00006.PIC.114338.jpg?v=c291644c498bdb87b26e
NMSDS00007,DATA1_Images/NMSDS00007.PIC.114347.jpg,drive-source/3f2a75289cac0210ea82/NMSDS00007.PIC.114347.jpg,UPLOADED,https://cyacvmjkqgnbihivsrtf.supabase.co/storage/v1/object/public/parts-images/drive-source/3f2a75289cac0210ea82/NMSDS00007.PIC.114347.jpg?v=3f2a75289cac0210ea82
NMSDS00008,DATA1_Images/NMSDS00008.PIC.114407.jpg,drive-source/74cfb451373ed8bbbcbe/NMSDS00008.PIC.114407.jpg,UPLOADED,https://cyacvmjkqgnbihivsrtf.supabase.co/storage/v1/object/public/parts-images/drive-source/74cfb451373ed8bbbcbe/NMSDS00008.PIC.114407.jpg?v=74cfb451373ed8bbbcbe
NMSDS00009,DATA1_Images/NMSDS00009.PIC.114415.jpg,drive-source/74f7e3e58e49d9972671/NMSDS00009.PIC.114415.jpg,UPLOADED,https://cyacvmjkqgnbihivsrtf.supabase.co/storage/v1/object/public/parts-images/drive-source/74f7e3e58e49d9972671/NMSDS00009.PIC.114415.jpg?v=74f7e3e58e49d9972671
NMSDS00010,DATA1_Images/NMSDS00010.PIC.114429.jpg,drive-source/9bf280b13a6aae20e881/NMSDS00010.PIC.114429.jpg,UPLOADED,https://cyacvmjkqgnbihivsrtf.supabase.co/storage/v1/object/public/parts-images/drive-source/9bf280b13a6aae20e881/NMSDS00010.PIC.114429.jpg?v=9bf280b13a6aae20e881
NMSDS00012,DATA1_Images/NMSDS00012.PIC.114500.jpg,drive-source/3a69669a5e9829a10c56/NMSDS00012.PIC.114500.jpg,UPLOADED,https://cyacvmjkqgnbihivsrtf.supabase.co/storage/v1/object/public/parts-images/drive-source/3a69669a5e9829a10c56/NMSDS00012.PIC.114500.jpg?v=3a69669a5e9829a10c56
NMSDS00013,DATA1_Images/NMSDS00013.PIC.114508.jpg,drive-source/c4731b2a6a77bed656a4/NMSDS00013.PIC.114508.jpg,UPLOADED,https://cyacvmjkqgnbihivsrtf.supabase.co/storage/v1/object/public/parts-images/drive-source/c4731b2a6a77bed656a4/NMSDS00013.PIC.114508.jpg?v=c4731b2a6a77bed656a4
NMSDS00014,DATA1_Images/NMSDS00014.PIC.114520.jpg,drive-source/1b2a3efdc88f3a72cbac/NMSDS00014.PIC.114520.jpg,UPLOADED,https://cyacvmjkqgnbihivsrtf.supabase.co/storage/v1/object/public/parts-images/drive-source/1b2a3efdc88f3a72cbac/NMSDS00014.PIC.114520.jpg?v=1b2a3efdc88f3a72cbac
NTUBE00001,DATA1_Images/NTUBE00001.PIC.104631.png,drive-source/3e2cbc4b1f5c5b9c9cf2/NTUBE00001.PIC.104631.png,UPLOADED,https://cyacvmjkqgnbihivsrtf.supabase.co/storage/v1/object/public/parts-images/drive-source/3e2cbc4b1f5c5b9c9cf2/NTUBE00001.PIC.104631.png?v=3e2cbc4b1f5c5b9c9cf2
NTUBE00002,DATA1_Images/NTUBE00002.PIC.104638.png,drive-source/1821d87bd7e564fb80bd/NTUBE00002.PIC.104638.png,UPLOADED,https://cyacvmjkqgnbihivsrtf.supabase.co/storage/v1/object/public/parts-images/drive-source/1821d87bd7e564fb80bd/NTUBE00002.PIC.104638.png?v=1821d87bd7e564fb80bd
NTUBE00003,DATA1_Images/NTUBE00003.PIC.104645.png,drive-source/b41f77acf5e0d72bb147/NTUBE00003.PIC.104645.png,UPLOADED,https://cyacvmjkqgnbihivsrtf.supabase.co/storage/v1/object/public/parts-images/drive-source/b41f77acf5e0d72bb147/NTUBE00003.PIC.104645.png?v=b41f77acf5e0d72bb147
NTUBE00004,DATA1_Images/NTUBE00004.PIC.104659.png,drive-source/71e0bce9945a9f352d23/NTUBE00004.PIC.104659.png,UPLOADED,https://cyacvmjkqgnbihivsrtf.supabase.co/storage/v1/object/public/parts-images/drive-source/71e0bce9945a9f352d23/NTUBE00004.PIC.104659.png?v=71e0bce9945a9f352d23
NTUBE00005,DATA1_Images/NTUBE00005.PIC.104705.png,drive-source/38b7fe521c3237290e68/NTUBE00005.PIC.104705.png,UPLOADED,https://cyacvmjkqgnbihivsrtf.supabase.co/storage/v1/object/public/parts-images/drive-source/38b7fe521c3237290e68/NTUBE00005.PIC.104705.png?v=38b7fe521c3237290e68
NTUBE00006,DATA1_Images/NTUBE00006.PIC.104712.png,drive-source/3fe3374a54f870181af1/NTUBE00006.PIC.104712.png,UPLOADED,https://cyacvmjkqgnbihivsrtf.supabase.co/storage/v1/object/public/parts-images/drive-source/3fe3374a54f870181af1/NTUBE00006.PIC.104712.png?v=3fe3374a54f870181af1
NTYR00001,DATA1_Images/NTYR0001.PIC.104847.jpg,drive-source/5f35af6e64b389ada83e/NTYR0001.PIC.104847.jpg,UPLOADED,https://cyacvmjkqgnbihivsrtf.supabase.co/storage/v1/object/public/parts-images/drive-source/5f35af6e64b389ada83e/NTYR0001.PIC.104847.jpg?v=5f35af6e64b389ada83e
NTYR00002,DATA1_Images/NTYR0002.PIC.104902.jpg,drive-source/33dc4cf46c5bda86c732/NTYR0002.PIC.104902.jpg,UPLOADED,https://cyacvmjkqgnbihivsrtf.supabase.co/storage/v1/object/public/parts-images/drive-source/33dc4cf46c5bda86c732/NTYR0002.PIC.104902.jpg?v=33dc4cf46c5bda86c732
NTYR00003,DATA1_Images/NTYR0003.PIC.104956.jpg,drive-source/7904cee556ed0607b06b/NTYR0003.PIC.104956.jpg,UPLOADED,https://cyacvmjkqgnbihivsrtf.supabase.co/storage/v1/object/public/parts-images/drive-source/7904cee556ed0607b06b/NTYR0003.PIC.104956.jpg?v=7904cee556ed0607b06b
NTYR00004,DATA1_Images/NTYR0004.PIC.105004.jpg,drive-source/da971bc651fde121a442/NTYR0004.PIC.105004.jpg,UPLOADED,https://cyacvmjkqgnbihivsrtf.supabase.co/storage/v1/object/public/parts-images/drive-source/da971bc651fde121a442/NTYR0004.PIC.105004.jpg?v=da971bc651fde121a442
NTYR00005,DATA1_Images/NTYR0005.PIC.105011.jpg,drive-source/2f843513761b9d101d3e/NTYR0005.PIC.105011.jpg,UPLOADED,https://cyacvmjkqgnbihivsrtf.supabase.co/storage/v1/object/public/parts-images/drive-source/2f843513761b9d101d3e/NTYR0005.PIC.105011.jpg?v=2f843513761b9d101d3e
NTYR00006,DATA1_Images/NTYR0006.PIC.105023.jpg,drive-source/f383ce209c35a7a9c46c/NTYR0006.PIC.105023.jpg,UPLOADED,https://cyacvmjkqgnbihivsrtf.supabase.co/storage/v1/object/public/parts-images/drive-source/f383ce209c35a7a9c46c/NTYR0006.PIC.105023.jpg?v=f383ce209c35a7a9c46c
NTYR00007,DATA1_Images/NTYR0007.PIC.105030.jpg,drive-source/ff49ca7e6cba8c5aa2d3/NTYR0007.PIC.105030.jpg,UPLOADED,https://cyacvmjkqgnbihivsrtf.supabase.co/storage/v1/object/public/parts-images/drive-source/ff49ca7e6cba8c5aa2d3/NTYR0007.PIC.105030.jpg?v=ff49ca7e6cba8c5aa2d3
NTYR00008,DATA1_Images/NTYR0008.PIC.105036.jpg,drive-source/82a5d90334144c7da14e/NTYR0008.PIC.105036.jpg,UPLOADED,https://cyacvmjkqgnbihivsrtf.supabase.co/storage/v1/object/public/parts-images/drive-source/82a5d90334144c7da14e/NTYR0008.PIC.105036.jpg?v=82a5d90334144c7da14e
NTYR00010,DATA1_Images/NTYR0010.PIC.105154.jpg,drive-source/81384259dc8d20c6dab8/NTYR0010.PIC.105154.jpg,UPLOADED,https://cyacvmjkqgnbihivsrtf.supabase.co/storage/v1/object/public/parts-images/drive-source/81384259dc8d20c6dab8/NTYR0010.PIC.105154.jpg?v=81384259dc8d20c6dab8
NTYR00011,DATA1_Images/NTYR0011.PIC.105200.jpg,drive-source/99c7e8141d777e651a19/NTYR0011.PIC.105200.jpg,UPLOADED,https://cyacvmjkqgnbihivsrtf.supabase.co/storage/v1/object/public/parts-images/drive-source/99c7e8141d777e651a19/NTYR0011.PIC.105200.jpg?v=99c7e8141d777e651a19
NTYR00012,DATA1_Images/NTYR0012.PIC.105206.jpg,drive-source/e52ab49f2c5011dc2e90/NTYR0012.PIC.105206.jpg,UPLOADED,https://cyacvmjkqgnbihivsrtf.supabase.co/storage/v1/object/public/parts-images/drive-source/e52ab49f2c5011dc2e90/NTYR0012.PIC.105206.jpg?v=e52ab49f2c5011dc2e90
NTYR00013,DATA1_Images/NTYR0013.PIC.105216.jpg,drive-source/4c3b10166a24ae351150/NTYR0013.PIC.105216.jpg,UPLOADED,https://cyacvmjkqgnbihivsrtf.supabase.co/storage/v1/object/public/parts-images/drive-source/4c3b10166a24ae351150/NTYR0013.PIC.105216.jpg?v=4c3b10166a24ae351150
NTYR00014,DATA1_Images/NTYR0014.PIC.105223.jpg,drive-source/5b30d76c03816f362277/NTYR0014.PIC.105223.jpg,UPLOADED,https://cyacvmjkqgnbihivsrtf.supabase.co/storage/v1/object/public/parts-images/drive-source/5b30d76c03816f362277/NTYR0014.PIC.105223.jpg?v=5b30d76c03816f362277
NTYR00015,DATA1_Images/NTYR0015.PIC.105230.jpg,drive-source/9730d639e4404933ae16/NTYR0015.PIC.105230.jpg,UPLOADED,https://cyacvmjkqgnbihivsrtf.supabase.co/storage/v1/object/public/parts-images/drive-source/9730d639e4404933ae16/NTYR0015.PIC.105230.jpg?v=9730d639e4404933ae16
NTYR00016,DATA1_Images/NTYR0016.PIC.105236.jpg,drive-source/c1a0ce45d893c33bfc11/NTYR0016.PIC.105236.jpg,UPLOADED,https://cyacvmjkqgnbihivsrtf.supabase.co/storage/v1/object/public/parts-images/drive-source/c1a0ce45d893c33bfc11/NTYR0016.PIC.105236.jpg?v=c1a0ce45d893c33bfc11
